sample_id,G000,G001,G002,G003,G004,G005,G006,G007,G008,G009,G010,G011,G012,G013,G014,G015,G016,G017,G018,G019,G020,G021,G022,G023,G024,G025,G026,G027,G028,G029,G030,G031,G032,G033,G034,G035,G036,G037,G038,G039,G040,G041,G042,G043,G044,G045,G046,G047,G048,G049,G050,G051,G052,G053,G054,G055,G056,G057,G058,G059,G060,G061,G062,G063,G064,G065,G066,G067,G068,G069,G070,G071,G072,G073,G074,G075,G076,G077,G078,G079,G080,G081,G082,G083,G084,G085,G086,G087,G088,G089,G090,G091,G092,G093,G094,G095,G096,G097,G098,G099,G100,G101,G102,G103,G104,G105,G106,G107,G108,G109,G110,G111,G112,G113,G114,G115,G116,G117,G118,G119,G120,G121,G122,G123,G124,G125,G126,G127,G128,G129,G130,G131,G132,G133,G134,G135,G136,G137,G138,G139,G140,G141,G142,G143,G144,G145,G146,G147,G148,G149,G150,G151,G152,G153,G154,G155,G156,G157,G158,G159,G160,G161,G162,G163,G164,G165,G166,G167,G168,G169,G170,G171,G172,G173,G174,G175,G176,G177,G178,G179,G180,G181,G182,G183,G184,G185,G186,G187,G188,G189,G190,G191,G192,G193,G194,G195,G196,G197,G198,G199,G200,G201,G202,G203,G204,G205,G206,G207,G208,G209,G210,G211,G212,G213,G214,G215,G216,G217,G218,G219,G220,G221,G222,G223,G224,G225,G226,G227,G228,G229,G230,G231,G232,G233,G234,G235,G236,G237,G238,G239,G240,G241,G242,G243,G244,G245,G246,G247,G248,G249,G250,G251,G252,G253,G254,G255,G256,G257,G258,G259,G260,G261,G262,G263,G264,G265,G266,G267,G268,G269,G270,G271,G272,G273,G274,G275,G276,G277,G278,G279,G280,G281,G282,G283,G284,G285,G286,G287,G288,G289,G290,G291,G292,G293,G294,G295,G296,G297,G298,G299,G300,G301,G302,G303,G304
S000,75,154,113,257,272,248,119,208,51,236,204,138,150,145,185,74,96,152,88,166,132,93,229,23,133,26,85,47,63,42,130,97,88,60,69,47,23,104,133,45,99,69,51,56,13,27,99,50,57,120,86,136,94,161,50,76,45,89,95,193,28,83,147,47,82,56,27,106,138,65,207,2,123,126,112,17,121,21,38,87,10,109,35,52,48,42,49,140,72,158,58,75,35,41,79,47,127,147,301,27,143,22,97,97,13,31,92,23,10,30,87,143,67,82,163,87,151,78,90,79,132,61,16,33,132,26,79,89,65,33,57,48,22,28,129,117,48,47,219,36,11,24,70,63,36,237,139,39,19,33,14,59,62,14,99,35,67,55,77,30,64,101,34,96,15,12,50,88,79,84,84,26,28,15,107,80,54,79,56,93,36,50,39,6,77,38,53,17,18,30,117,110,55,13,40,46,49,78,24,28,27,53,25,84,268,205,257,59,67,57,34,112,71,17,147,1,20,143,37,83,136,43,200,22,95,66,44,24,106,161,51,98,137,92,185,37,192,196,162,28,241,39,84,4,68,37,50,74,140,100,36,73,16,100,9,117,48,93,36,45,31,70,44,99,76,25,37,64,39,58,50,120,16,28,86,70,23,72,80,82,30,14,25,21,139,18,24,34,140,40,104,101,35,212,20,77,30,51,33,73,86,39,50,64,52
S001,30,88,37,62,37,93,29,69,20,116,129,34,45,37,36,18,12,28,36,77,70,78,58,26,29,57,12,47,26,46,36,46,69,94,32,15,28,57,6,45,37,25,57,60,3,27,56,36,31,51,51,65,67,32,19,77,50,50,28,74,14,30,41,18,31,47,20,71,25,87,72,27,144,95,75,53,18,15,2,69,3,67,2,28,4,18,60,80,22,28,22,19,15,12,26,16,64,106,136,69,88,25,66,29,6,76,29,17,7,25,43,59,25,17,53,74,14,40,32,74,57,71,17,79,32,25,88,27,11,25,22,19,24,24,33,21,30,9,36,31,24,26,45,29,6,55,49,17,11,24,25,17,9,22,12,8,56,21,34,6,24,28,21,59,18,7,63,33,27,44,17,40,61,1,37,29,35,48,11,20,26,56,16,29,23,23,8,13,45,22,32,65,40,6,13,47,20,21,38,22,14,38,75,13,68,64,25,3,71,47,16,42,35,23,20,6,10,58,63,7,71,34,87,20,43,15,5,15,112,61,16,16,71,52,99,49,77,52,36,21,112,27,63,7,32,34,31,202,46,35,44,25,20,55,41,6,78,59,27,27,19,8,12,43,7,21,27,15,36,61,5,44,24,38,29,10,1,24,85,97,16,14,33,66,17,16,7,52,47,58,27,40,25,52,32,36,7,51,43,7,13,24,31,53,18
S002,15,117,35,51,57,91,41,65,45,136,66,81,88,51,65,65,100,165,96,147,101,107,37,16,43,26,36,6,34,57,90,74,96,93,35,20,45,44,134,30,114,14,54,15,10,9,32,25,17,20,14,76,93,21,34,61,70,90,58,31,20,64,119,13,30,41,30,50,48,39,92,15,96,111,88,30,38,16,3,44,24,93,14,49,31,2,51,113,29,59,42,15,52,23,102,21,63,75,72,115,192,53,36,63,57,44,17,74,16,68,39,77,47,12,39,76,42,41,67,105,31,77,5,30,49,14,87,51,6,47,22,43,17,51,36,113,29,66,49,34,11,23,33,50,65,25,55,41,11,13,13,14,41,16,29,37,67,34,65,53,41,23,26,88,24,1,35,16,73,36,93,5,34,23,26,75,43,74,125,57,30,33,38,3,53,21,15,27,56,40,143,295,57,16,17,76,18,23,22,26,64,31,49,28,58,49,23,21,57,82,12,103,30,31,39,18,9,91,78,22,46,23,198,10,37,9,20,28,145,47,15,14,93,156,129,35,37,101,31,89,142,42,22,2,145,57,26,65,134,34,65,16,45,66,51,21,46,66,22,32,9,44,10,58,7,13,23,8,79,29,9,37,37,50,97,14,43,17,45,66,16,32,116,34,43,9,10,23,58,36,36,19,27,48,33,35,60,57,33,44,54,41,16,26,71
S003,55,83,69,97,51,109,95,103,37,33,95,52,40,88,86,56,42,80,34,70,60,169,94,38,39,33,31,29,24,55,25,50,29,84,43,36,126,60,40,46,88,20,30,70,36,29,51,29,38,100,17,38,59,32,32,82,51,62,87,71,17,26,48,66,100,73,49,243,56,42,144,8,69,75,35,45,110,40,14,108,7,210,20,65,46,5,147,72,46,76,41,87,48,35,54,22,65,39,77,121,110,25,59,29,119,57,41,79,24,55,14,43,82,62,65,129,58,59,32,57,13,37,56,50,72,31,36,85,5,19,19,58,37,24,92,91,150,32,86,8,48,16,68,89,47,88,148,24,20,52,36,49,25,13,63,47,152,59,153,3,84,67,93,56,35,59,51,27,45,41,66,124,12,25,65,47,53,73,14,143,45,55,14,13,68,49,31,19,47,79,143,143,11,18,49,84,40,19,47,29,44,68,11,33,111,64,73,18,103,83,23,1,99,8,61,24,69,275,67,18,75,24,260,29,15,41,7,20,156,81,110,66,41,75,102,17,132,187,43,13,95,33,31,9,56,70,40,143,115,22,70,27,32,24,4,66,59,44,15,81,11,10,58,38,48,45,48,27,22,38,25,171,21,59,41,55,7,100,26,93,29,21,51,38,16,5,10,89,87,63,77,49,68,81,21,33,67,82,78,9,71,26,24,67,7
S004,33,83,93,193,103,84,20,90,43,101,89,64,74,68,96,87,57,147,131,140,94,197,152,42,53,47,63,35,37,24,91,123,66,92,43,31,99,51,45,43,90,45,21,39,116,37,95,82,40,27,74,26,14,79,32,87,44,199,39,38,39,77,124,23,33,121,52,67,115,43,108,13,112,83,112,28,81,33,11,52,43,116,11,56,26,13,85,168,96,74,46,51,78,14,108,45,91,108,55,65,127,36,94,68,8,25,53,99,11,49,76,129,39,43,126,115,89,72,52,136,158,41,12,19,36,32,63,67,5,42,47,30,28,16,23,50,55,55,102,23,27,30,113,40,1,69,39,33,19,86,70,14,72,29,64,47,121,51,80,16,65,71,12,94,28,41,35,21,64,119,84,29,43,7,109,63,69,83,66,51,90,73,60,36,34,41,17,3,49,48,118,106,66,1,30,38,51,95,38,24,89,37,90,84,104,194,121,40,37,43,68,63,15,59,77,5,3,277,132,24,65,66,237,17,18,18,16,49,170,238,46,90,108,140,192,66,95,265,45,51,117,25,55,9,76,61,40,115,47,75,87,68,26,32,63,38,32,79,82,55,7,15,65,66,44,3,126,85,55,11,10,66,48,26,79,26,22,87,74,116,4,64,115,36,52,29,23,58,130,39,27,97,66,140,10,86,52,51,14,3,17,14,83,13,52
S005,6,22,32,31,31,53,42,69,21,16,40,27,56,23,35,27,21,45,25,27,67,73,62,28,20,52,18,48,58,64,88,74,50,49,46,57,68,38,33,42,44,38,94,60,33,14,30,55,26,18,18,18,72,31,41,76,43,159,86,38,61,67,36,11,43,72,30,44,87,132,50,37,96,74,88,93,75,2,5,100,47,57,29,39,37,37,172,165,44,50,72,63,14,45,96,20,56,83,20,32,215,20,97,16,17,16,46,48,4,102,47,122,78,16,70,53,65,33,89,200,45,28,23,8,35,23,48,35,27,46,29,52,42,25,59,73,84,25,91,15,17,31,133,35,30,35,110,51,14,32,59,9,80,4,85,31,76,54,19,29,32,12,31,172,25,22,23,84,90,31,145,28,23,60,43,15,62,107,74,68,78,80,69,8,51,19,51,12,61,39,105,198,71,11,16,21,20,34,18,37,83,20,33,51,150,106,76,56,136,72,2,34,88,25,78,8,26,79,54,26,26,15,144,28,61,12,7,19,109,149,12,54,63,55,124,33,148,37,70,12,114,27,98,13,97,66,73,111,48,39,13,70,34,48,16,10,29,48,43,58,34,33,27,60,9,19,27,1,69,22,9,51,14,27,47,42,9,84,78,132,14,33,36,17,59,36,22,106,65,26,41,55,48,87,3,40,70,90,21,35,11,7,92,44,22
S006,272,216,125,215,186,513,300,275,155,168,214,98,268,226,317,283,161,221,163,214,252,239,349,36,116,129,72,70,49,29,93,162,97,145,61,25,78,69,52,58,65,7,126,32,39,87,54,133,23,118,262,61,169,80,133,67,72,163,46,131,121,91,111,87,53,52,61,159,65,145,85,43,156,69,113,65,79,50,5,89,7,315,15,148,78,49,117,114,39,192,62,124,23,27,90,67,164,42,116,112,161,30,95,40,87,65,82,124,2,88,126,103,58,30,128,87,111,124,87,124,118,22,12,63,62,109,50,46,48,70,5,57,28,38,48,48,89,5,87,90,36,70,108,176,27,84,64,55,70,68,14,31,76,7,64,48,106,80,76,3,90,70,81,118,12,41,84,17,69,49,50,68,20,25,31,97,44,93,34,91,78,51,19,9,35,34,106,13,97,10,379,210,25,80,84,63,65,40,21,78,90,22,60,71,108,162,126,106,48,117,23,108,51,17,76,12,21,396,100,35,62,36,248,77,37,4,19,18,192,106,11,114,44,61,151,61,166,148,25,26,90,62,83,15,104,80,25,99,148,138,96,16,24,59,33,31,31,54,7,64,100,66,46,73,61,20,88,31,88,103,36,267,5,47,32,35,82,27,86,153,97,48,107,21,40,11,59,103,189,75,39,53,62,194,8,84,155,142,62,26,60,47,79,115,66
S007,45,95,240,195,108,334,162,116,52,228,227,201,128,75,151,76,89,225,64,167,103,290,112,85,83,46,11,41,73,90,80,26,97,104,57,76,80,48,56,62,74,14,54,13,23,82,246,111,7,206,155,159,198,277,144,72,65,119,52,45,28,80,53,116,83,44,42,73,223,121,257,67,162,23,143,60,88,30,18,39,17,250,49,64,14,58,39,48,27,60,42,34,72,48,35,15,124,84,65,58,113,18,136,59,31,34,13,92,1,52,26,75,45,15,71,158,75,42,186,77,43,75,28,82,88,76,161,86,48,27,21,37,47,11,68,62,54,41,54,34,10,15,72,56,17,153,59,55,23,122,9,25,18,0,114,120,10,92,107,13,67,12,27,41,20,69,93,18,58,25,108,92,42,29,52,94,28,63,34,49,45,70,42,21,97,43,15,37,119,26,96,31,56,29,7,52,61,21,13,67,46,35,42,44,55,91,107,65,46,211,24,40,39,83,175,14,51,196,95,49,57,66,233,33,94,63,23,25,74,103,65,83,111,48,94,35,72,44,59,59,170,61,84,13,105,70,71,102,197,104,122,29,72,54,46,32,67,211,23,26,53,62,49,21,81,14,32,17,43,65,20,151,117,37,67,80,47,13,77,71,18,81,106,27,41,34,22,33,150,55,47,54,71,44,6,46,38,139,67,11,108,18,23,129,21
S008,49,96,90,104,43,184,74,80,82,136,189,95,75,41,54,70,132,145,51,140,85,175,251,39,86,50,20,51,25,31,57,52,16,43,69,28,85,37,65,37,36,18,26,21,14,48,20,37,22,29,59,29,92,34,31,48,54,35,40,63,17,16,81,7,39,59,31,138,48,28,85,39,109,26,52,42,45,44,3,95,7,36,3,35,27,9,39,26,32,93,40,31,26,24,37,27,36,43,84,62,58,29,46,94,22,40,50,47,0,44,36,19,67,7,62,72,46,59,29,120,44,85,1,25,35,63,39,53,7,42,6,17,11,6,73,27,65,18,82,9,58,22,54,45,7,71,85,48,31,21,20,15,22,19,26,5,29,74,37,20,28,33,33,58,18,29,33,15,35,100,60,27,31,9,30,96,35,50,29,71,48,10,44,9,6,45,41,11,41,30,160,123,47,21,11,74,10,13,32,20,29,41,35,24,109,194,54,9,25,33,30,30,44,13,23,7,30,77,18,20,28,15,205,19,33,41,33,4,79,18,17,90,28,74,93,35,55,109,9,35,68,53,46,29,95,74,18,23,46,22,32,7,12,77,70,39,32,38,38,16,23,43,11,44,43,20,32,9,21,55,11,68,30,25,40,1,9,41,49,108,28,11,87,16,51,19,3,66,84,18,51,24,37,121,8,32,55,34,12,35,54,12,37,38,79
S009,56,72,91,196,219,117,135,221,33,263,164,66,238,70,87,170,85,291,111,191,114,194,237,54,139,10,23,33,27,27,48,72,64,104,54,88,32,40,42,13,51,13,29,18,27,19,43,42,15,43,56,55,21,48,29,51,10,37,73,11,14,77,124,11,55,60,61,217,20,44,102,11,91,64,51,38,70,21,11,38,35,134,12,34,42,26,38,174,64,54,5,17,27,41,41,51,46,26,79,66,76,19,79,29,11,33,57,38,0,29,83,111,74,27,54,112,69,69,36,47,109,34,21,25,87,21,55,126,24,56,7,9,12,26,48,6,35,50,74,39,17,38,41,84,2,157,43,6,8,2,8,28,14,8,34,39,44,65,95,15,56,28,31,98,21,10,25,19,80,56,46,33,4,32,47,50,51,59,17,60,22,64,69,26,31,16,72,18,26,31,105,105,62,10,4,56,48,30,26,18,8,21,18,36,104,80,77,18,16,53,23,11,69,17,65,11,9,147,19,34,6,6,132,18,49,46,29,54,74,83,4,76,82,82,108,40,55,43,22,19,60,45,113,17,37,86,31,51,80,64,31,11,23,33,34,36,31,22,9,9,20,26,52,62,23,5,54,5,43,141,1,98,62,56,17,24,20,23,102,50,33,89,154,22,74,1,37,32,83,2,23,38,31,57,21,20,39,52,72,2,24,4,48,20,13
S010,106,120,97,175,51,315,58,136,110,179,175,131,132,82,73,72,99,96,54,282,137,244,182,82,260,76,36,117,69,77,142,91,82,69,120,76,80,22,26,33,151,22,30,50,125,11,76,74,55,169,87,43,69,116,108,114,104,137,74,114,31,52,79,69,40,20,7,112,104,61,105,57,55,92,188,93,22,117,36,106,35,133,12,118,18,75,43,206,28,118,56,174,160,48,35,17,9,110,120,40,216,86,114,30,71,147,24,127,5,6,56,83,132,46,68,78,155,52,53,91,263,98,13,25,38,95,211,51,33,71,15,29,78,18,47,93,74,40,54,21,20,40,109,52,16,175,132,42,24,12,14,9,15,17,86,122,67,145,20,16,58,71,86,41,96,61,36,77,97,72,17,48,31,37,16,126,87,37,42,118,21,65,51,49,59,40,40,57,165,32,177,128,74,16,76,145,20,18,46,38,27,65,65,49,52,147,111,29,167,146,22,24,81,23,53,87,7,169,28,28,44,46,241,10,48,32,60,32,172,100,31,83,240,123,211,20,135,85,57,55,176,40,17,21,205,131,44,79,108,59,76,79,28,64,43,55,94,92,57,47,97,23,33,73,12,25,48,9,71,220,35,177,24,67,114,21,14,39,127,113,33,44,169,33,151,13,41,115,50,125,104,25,5,164,22,39,42,205,30,43,35,24,107,37,42
S011,44,47,115,75,65,86,41,78,46,71,79,62,72,28,28,68,39,42,48,84,17,144,45,17,32,23,23,40,118,35,94,53,78,142,66,36,122,57,45,40,65,79,59,23,94,88,118,103,80,103,84,43,111,163,28,99,63,76,17,47,19,63,108,42,8,89,20,120,45,50,238,26,188,64,111,28,105,33,9,76,34,122,2,44,12,36,31,176,32,48,66,46,7,28,61,33,73,84,176,44,159,5,56,52,70,142,48,34,18,81,88,44,79,55,92,117,133,135,55,69,51,36,29,13,38,12,136,62,40,31,17,16,35,33,47,72,55,17,149,10,34,37,126,132,21,70,55,34,41,55,16,45,88,11,46,93,76,63,50,12,36,30,40,141,36,33,63,40,147,40,66,73,38,26,19,33,72,112,58,83,18,58,32,15,60,35,17,17,101,23,75,127,156,17,61,53,113,22,121,37,52,57,24,34,125,221,37,61,24,282,39,57,46,19,76,9,17,122,68,42,54,54,296,17,46,36,10,30,133,65,34,10,203,74,49,21,46,231,20,40,84,54,23,10,98,115,19,50,119,40,185,32,16,54,82,61,30,32,74,75,26,24,7,103,66,17,98,18,13,50,7,162,107,97,96,66,36,47,137,108,23,42,66,48,55,15,61,62,141,26,58,47,88,172,23,64,74,113,38,8,51,16,31,20,11
S012,10,43,57,85,32,54,26,65,34,29,57,50,38,23,43,33,41,71,20,38,66,69,37,16,52,70,10,45,38,33,32,15,46,88,77,46,60,15,11,30,13,40,48,33,26,6,15,39,70,84,19,73,52,10,40,54,40,29,21,53,15,23,47,32,28,76,20,68,37,50,105,3,44,36,22,69,30,41,12,74,2,140,1,52,38,7,28,43,11,69,53,56,82,0,54,29,27,41,23,58,52,9,15,42,31,51,70,25,3,65,42,64,92,33,26,36,34,32,36,38,53,78,2,30,28,71,13,20,11,5,14,18,27,4,23,5,11,43,56,21,37,11,52,38,8,41,60,52,15,26,17,27,10,2,38,10,57,45,60,10,34,57,13,52,12,14,20,15,44,12,54,17,12,31,4,44,31,39,23,31,49,22,16,1,18,18,42,2,35,9,113,76,42,16,11,45,42,7,44,19,37,26,12,41,78,166,63,21,41,41,22,55,14,6,18,7,16,77,56,8,42,8,201,20,17,30,0,11,129,43,21,27,63,16,65,41,45,54,17,9,78,16,16,10,31,22,53,56,106,42,70,3,26,29,29,31,14,55,9,32,17,44,9,29,36,13,23,10,85,63,32,40,51,75,51,60,11,35,71,85,17,59,60,18,38,20,28,32,21,21,6,56,51,19,35,13,22,37,22,14,14,17,16,24,5
S013,17,101,58,134,70,203,55,77,40,153,46,42,60,59,78,43,89,106,88,142,71,72,58,20,88,82,32,73,66,63,155,54,88,117,46,34,72,21,28,60,130,24,114,8,113,38,83,105,27,64,55,21,55,55,17,86,82,166,36,46,63,147,49,2,86,74,7,218,40,288,158,87,80,119,66,161,21,50,12,39,15,205,20,167,37,30,116,267,47,124,49,76,42,28,24,119,46,107,131,158,174,27,68,39,29,29,56,34,8,64,109,132,57,21,122,58,148,89,90,166,70,75,44,56,86,95,160,121,25,56,31,49,74,96,34,86,55,42,65,43,80,63,115,100,20,59,107,93,17,18,50,8,93,36,61,26,93,82,34,71,48,110,156,158,29,60,38,34,25,93,69,64,21,26,56,189,62,67,126,81,39,68,46,10,26,5,59,19,215,32,211,120,75,32,25,59,52,21,82,46,85,86,85,36,153,141,82,80,100,44,64,50,50,36,112,32,19,193,122,81,72,68,268,53,71,76,7,24,38,218,56,90,128,203,213,50,100,205,143,57,124,23,93,21,213,68,88,119,54,75,67,144,27,59,31,39,98,61,50,55,67,21,30,54,63,48,87,13,65,105,25,73,78,53,40,40,5,26,84,98,24,29,186,26,91,3,17,69,204,109,136,37,117,148,40,80,78,63,59,57,117,3,62,194,89
S014,56,75,86,83,95,169,50,169,55,169,107,84,130,42,57,94,131,153,86,119,122,154,134,15,106,50,26,42,41,27,56,131,126,87,67,25,94,54,37,82,131,41,54,91,26,31,85,41,93,73,38,100,182,180,83,100,77,133,30,112,43,42,127,16,81,148,37,148,78,133,100,18,189,17,122,51,40,44,9,68,32,39,4,13,67,1,80,205,25,147,46,206,46,16,122,51,133,28,203,56,129,8,16,60,36,31,25,64,15,97,206,68,27,57,148,61,89,115,85,142,96,80,17,32,20,47,155,114,26,39,41,16,61,8,87,53,69,30,160,19,20,16,35,60,50,79,135,32,20,39,23,1,44,37,38,33,59,55,61,8,139,82,36,141,14,39,39,19,198,33,84,62,26,15,27,49,106,79,40,165,54,155,82,20,101,7,38,2,162,11,138,157,59,40,18,119,80,16,46,42,88,5,42,38,148,167,54,6,88,51,47,16,64,20,82,6,5,104,62,80,89,63,248,67,20,31,42,20,121,62,13,86,113,46,141,16,154,114,136,96,94,26,52,24,58,108,50,125,112,78,50,43,17,28,52,26,87,77,16,48,75,45,28,62,41,14,50,46,106,73,22,86,57,50,84,14,5,24,89,118,96,30,103,26,54,16,21,60,59,14,46,26,38,88,7,19,26,72,109,39,91,23,58,60,13
S015,187,202,159,149,63,471,277,236,30,172,288,184,99,80,92,89,172,193,101,136,328,201,173,33,217,96,79,183,131,106,175,101,197,173,46,59,116,21,74,75,98,51,71,36,49,29,202,56,58,188,109,188,153,137,308,104,55,83,130,63,108,182,65,44,30,76,27,270,36,112,253,27,84,49,42,116,135,58,62,43,33,124,15,146,110,30,70,156,35,161,61,83,30,21,83,114,105,81,156,61,278,44,38,69,7,123,14,55,7,60,140,127,75,41,121,71,89,67,160,199,90,28,27,81,198,87,82,174,56,106,49,96,45,102,32,87,43,56,136,10,41,58,111,123,6,129,113,216,19,38,63,47,26,28,36,72,121,159,172,1,110,96,61,90,61,21,25,43,339,81,48,10,15,49,43,79,76,81,62,72,47,70,77,2,88,26,104,8,185,51,86,34,83,40,96,66,98,35,46,37,72,58,41,42,131,123,115,93,114,55,18,30,55,16,31,22,39,159,60,70,63,30,228,77,52,12,18,42,155,236,106,154,206,127,137,88,38,114,73,88,143,59,95,60,127,63,108,158,95,108,46,36,47,48,52,53,59,146,72,52,91,50,79,134,64,33,32,14,87,86,14,127,60,34,122,17,31,59,70,184,18,88,148,41,67,13,29,90,255,45,85,19,54,71,44,24,92,38,99,57,82,57,28,68,108
S016,18,42,11,50,30,69,23,51,49,44,51,37,22,29,22,39,30,41,22,33,42,50,28,28,26,6,22,60,30,32,110,40,79,61,47,48,55,46,57,33,68,12,37,16,26,22,45,47,6,18,14,11,54,35,51,25,31,45,57,42,30,34,39,35,36,46,29,209,56,33,95,14,73,55,64,35,30,26,16,49,7,35,34,54,83,42,73,107,32,51,23,35,16,20,20,44,77,132,108,39,66,17,93,23,6,20,44,27,5,82,63,12,65,30,74,99,15,6,83,78,61,73,38,19,138,42,48,81,9,6,17,37,56,26,15,40,79,29,94,21,45,45,43,55,34,62,133,25,21,14,31,13,11,10,66,43,86,40,18,3,22,55,23,162,16,15,57,24,49,41,46,22,36,11,65,48,61,50,34,84,78,62,27,5,94,22,47,18,73,47,54,51,63,5,9,61,16,13,49,51,39,31,47,16,116,188,34,21,64,47,29,18,136,25,87,3,8,94,24,117,21,6,155,14,47,9,19,24,119,54,28,63,50,77,37,5,74,101,19,90,115,30,44,15,125,112,13,52,98,53,46,45,52,58,10,21,65,20,8,26,49,41,30,86,31,5,31,56,36,45,18,92,97,71,11,43,19,28,47,60,11,24,74,44,35,5,19,14,61,35,29,76,82,140,43,25,58,114,34,11,25,53,17,47,55
S017,84,114,43,149,65,117,105,120,32,96,176,123,46,53,184,59,67,114,81,40,151,120,64,25,121,75,77,63,102,73,86,49,54,76,78,116,39,40,29,22,61,13,40,6,20,13,73,72,6,97,34,22,28,58,46,55,57,40,41,39,40,160,41,19,90,75,3,81,94,30,103,24,244,39,31,95,52,27,5,81,9,75,2,48,34,52,24,130,54,92,64,46,43,14,30,91,59,146,79,57,118,32,26,30,32,48,12,40,2,33,9,59,145,23,94,105,46,14,59,80,85,59,5,31,26,19,126,31,4,13,11,27,34,36,80,55,96,34,94,18,42,11,136,67,24,46,54,11,39,23,26,62,22,1,33,26,168,34,40,13,39,64,17,81,20,52,72,13,72,16,36,16,19,14,27,31,71,107,56,33,58,57,23,11,68,20,54,47,74,54,96,49,44,30,4,83,91,57,35,34,80,61,37,58,57,127,59,16,15,57,31,24,55,70,30,26,25,127,64,26,36,38,229,38,31,1,66,9,98,52,37,112,84,221,97,14,82,61,62,33,87,14,70,30,51,69,62,101,85,36,78,41,40,53,7,7,30,27,45,28,79,25,6,52,18,54,5,24,45,93,22,83,38,14,48,22,60,81,21,134,8,45,103,52,11,8,11,40,30,3,37,75,21,91,14,8,50,25,40,23,74,21,41,35,39
S018,16,47,36,48,38,41,10,48,25,48,34,11,45,25,24,17,19,45,28,25,35,47,35,21,24,27,21,53,4,49,105,51,54,55,60,40,47,56,28,49,117,3,85,19,24,14,22,18,16,21,4,1,10,27,13,61,11,36,35,10,20,45,23,2,42,105,68,76,24,46,73,18,105,44,93,10,63,12,16,27,9,49,8,11,74,108,13,63,54,106,25,35,58,17,36,11,8,32,107,170,40,17,26,16,5,63,18,125,9,25,77,80,68,44,73,188,114,8,42,72,29,40,0,17,51,25,114,35,37,23,41,40,31,39,14,44,27,5,43,3,11,17,44,75,26,27,50,13,60,29,8,18,19,5,30,18,78,30,75,2,41,34,24,74,28,5,37,70,52,39,19,18,8,11,32,40,27,78,65,40,39,30,36,3,31,40,11,41,55,18,130,76,97,7,31,46,22,15,3,20,72,37,40,4,81,118,32,84,33,56,25,19,16,29,27,1,9,87,77,11,26,37,75,10,22,25,18,27,54,160,17,69,58,72,113,29,132,71,43,42,166,16,17,8,38,41,2,61,74,33,37,21,11,33,37,3,34,55,10,31,20,22,22,23,45,2,37,15,29,42,2,96,54,46,37,16,12,28,55,41,9,9,165,23,73,27,3,105,128,44,49,42,28,88,4,63,23,49,12,22,28,1,13,22,18
S019,41,208,132,211,61,154,65,264,103,298,242,145,109,103,178,95,149,134,76,232,301,251,306,57,170,40,41,41,58,55,78,152,106,157,160,57,116,111,60,133,241,89,260,144,98,27,32,31,46,55,3,72,38,49,29,97,101,168,81,78,88,183,88,126,134,146,74,297,55,174,117,111,171,167,108,100,119,30,80,229,16,72,18,126,219,35,122,241,15,186,148,146,59,11,78,88,200,280,190,309,192,13,211,314,159,97,182,108,1,80,215,246,64,137,182,206,233,80,79,85,113,100,8,94,160,48,81,88,54,33,44,38,38,88,165,129,127,31,111,34,25,24,66,28,83,148,204,65,179,64,75,57,50,9,121,130,226,125,58,26,184,126,176,159,24,23,13,148,208,176,102,35,59,117,92,93,56,139,35,197,129,56,128,16,116,138,105,61,235,77,380,118,180,64,19,117,60,73,24,37,102,67,87,79,181,226,163,54,83,172,102,85,40,90,92,58,10,258,54,22,83,61,308,69,63,79,34,198,546,204,67,48,220,103,203,51,180,136,140,52,149,95,129,78,131,105,66,119,105,96,169,41,85,15,128,73,44,88,35,93,27,58,92,101,86,51,82,31,112,78,8,148,172,259,94,84,30,134,57,234,64,52,145,77,190,6,20,72,268,49,58,91,46,302,56,51,34,57,66,4,124,27,125,83,203
S020,12,68,77,109,57,119,52,60,59,54,67,83,47,19,41,90,55,83,57,119,38,121,99,13,34,63,10,75,37,37,37,73,57,83,66,38,60,26,60,40,39,23,68,99,2,19,47,26,4,17,6,31,33,42,16,39,88,49,52,26,21,58,70,52,32,42,57,171,10,43,115,46,113,136,96,30,26,14,20,54,4,189,14,78,42,47,42,50,8,81,73,44,29,29,84,39,53,35,89,206,108,24,40,63,16,40,36,136,3,46,57,63,52,42,25,39,133,64,80,98,55,26,3,30,164,38,31,54,11,59,9,61,41,72,68,41,49,65,136,4,3,46,56,69,15,139,111,11,32,65,9,54,35,33,18,59,144,50,13,3,76,47,19,80,26,17,25,8,76,47,65,31,91,51,29,35,105,42,41,17,16,38,47,64,35,44,20,45,77,22,126,67,31,21,12,81,18,24,42,25,132,69,57,49,113,120,31,30,61,65,28,20,13,63,25,23,39,74,53,41,32,37,92,5,25,21,2,32,133,113,9,34,99,55,142,20,94,156,15,84,61,36,24,8,74,52,24,116,35,35,122,59,33,64,26,20,51,28,33,28,30,14,6,188,43,4,35,25,77,22,12,53,28,61,42,56,61,29,42,69,14,41,150,19,64,23,1,40,187,17,31,27,58,72,46,37,45,45,13,27,40,32,20,59,97
S021,79,124,168,79,35,207,153,147,36,107,151,195,66,37,126,98,83,212,46,255,165,249,117,28,111,67,79,43,32,89,96,107,143,140,101,101,59,140,200,107,107,41,54,64,93,39,79,97,133,212,95,70,55,89,80,139,109,87,72,125,30,114,128,30,23,71,68,406,122,95,164,82,180,177,101,79,116,27,19,57,53,200,13,152,35,20,176,148,34,77,77,83,44,35,124,85,234,177,118,119,162,90,30,35,41,179,20,63,0,75,149,74,178,54,148,72,236,113,21,178,68,75,33,30,80,85,91,73,7,90,89,73,49,48,56,68,81,24,41,122,44,30,84,70,46,148,165,44,30,64,21,136,58,2,55,18,139,106,164,31,123,107,69,52,24,61,61,176,75,119,84,105,15,34,48,126,93,182,53,59,23,92,82,35,87,80,42,92,80,32,247,84,151,42,54,112,74,88,82,85,43,52,22,38,100,217,145,85,61,141,48,26,91,18,62,24,34,56,74,65,67,18,225,66,107,31,5,200,136,34,12,107,158,111,224,69,133,199,121,37,269,53,100,87,69,127,36,59,80,71,39,19,77,69,14,44,86,60,66,41,100,56,1,120,147,54,140,17,46,86,44,80,39,91,48,83,28,87,126,219,40,96,280,58,124,49,9,25,56,25,31,43,82,90,62,37,69,66,16,39,183,14,75,130,83
S022,39,119,46,97,41,113,48,98,19,73,63,116,85,31,28,50,38,88,22,97,20,67,48,39,69,40,30,54,29,16,102,50,103,80,62,58,74,43,23,62,13,45,56,29,27,24,43,49,3,17,22,12,41,37,12,77,39,51,39,33,25,37,33,13,78,38,19,164,30,51,122,19,106,105,74,34,25,29,3,145,9,132,0,41,38,10,39,136,46,45,53,80,56,37,59,47,49,43,44,61,105,35,87,64,75,48,48,31,8,51,75,76,61,39,61,62,114,12,29,104,92,16,7,60,88,36,89,73,19,12,73,13,31,13,18,33,93,27,103,12,27,35,37,33,29,35,46,14,39,50,11,54,13,0,18,29,36,37,20,18,53,22,33,73,46,66,56,16,28,86,35,25,24,23,50,48,49,48,30,173,24,21,39,22,54,25,49,7,26,16,119,155,11,54,10,24,26,18,13,63,53,102,61,12,137,91,24,30,34,51,43,16,24,2,72,27,18,141,41,89,80,71,325,11,31,10,16,34,255,74,34,134,59,27,122,18,57,214,32,43,120,39,17,14,85,100,37,124,49,24,22,12,14,21,17,10,26,45,26,34,19,73,24,115,16,20,39,7,20,67,7,60,22,49,24,23,60,26,155,76,20,21,43,25,54,21,4,29,88,28,80,58,51,155,29,51,27,84,25,22,15,16,49,41,68
S023,54,61,40,153,61,144,78,99,50,69,160,66,67,57,36,174,68,117,80,91,147,216,46,30,136,108,25,118,83,47,118,64,45,100,74,104,90,81,86,68,73,52,94,32,98,48,43,79,56,14,109,91,117,101,40,87,25,55,91,111,47,65,142,19,104,129,29,216,182,35,86,15,178,192,34,69,95,20,25,48,15,69,8,30,43,47,100,211,42,93,56,37,66,10,24,40,51,85,109,14,96,3,117,65,31,102,25,167,4,79,150,50,43,36,7,78,90,49,80,160,103,55,8,28,18,54,51,88,26,40,21,18,23,59,30,31,66,25,111,44,78,48,52,101,42,164,84,33,9,15,58,12,23,7,59,28,84,68,21,15,47,139,39,51,2,71,46,37,84,73,121,19,96,25,25,175,130,87,15,82,54,47,33,34,21,34,48,32,73,83,143,91,101,64,7,41,74,38,65,28,92,42,58,16,146,156,76,64,34,109,14,33,69,20,51,14,37,88,61,62,84,54,198,39,41,8,22,39,112,75,35,103,73,135,79,57,129,89,51,38,107,17,35,9,161,152,28,76,106,54,103,27,28,62,41,23,22,68,81,32,13,12,9,32,63,6,26,22,24,109,26,100,31,106,60,94,32,37,98,73,35,22,108,37,99,42,54,115,88,31,75,83,77,124,3,22,23,43,66,29,55,32,27,96,86
S024,13,35,41,56,54,127,74,65,48,36,85,95,32,19,30,38,42,31,48,70,40,76,54,15,48,35,25,54,23,24,32,51,36,33,50,46,44,49,38,61,44,36,28,12,12,39,50,29,15,36,26,30,24,49,43,45,20,39,19,67,10,43,52,2,23,23,58,120,85,36,82,18,48,114,61,19,60,42,12,97,2,100,16,50,35,34,36,103,58,109,22,32,12,20,18,26,115,17,118,61,97,3,42,59,4,99,28,51,2,33,48,72,33,20,64,32,61,68,103,85,59,83,4,10,33,27,74,28,21,25,21,29,12,9,20,12,48,9,88,9,17,27,27,18,8,135,45,55,29,51,13,13,19,5,33,36,54,17,24,2,54,34,15,60,10,9,26,20,52,22,56,8,15,18,23,68,57,37,29,53,50,30,24,36,19,48,26,15,29,30,97,166,24,23,13,41,20,71,36,12,28,61,70,22,120,66,35,50,20,53,28,16,29,8,25,7,20,73,12,33,14,23,153,7,10,7,19,39,140,113,8,18,27,72,73,8,20,39,77,28,51,40,30,14,88,61,22,26,68,55,29,17,61,79,20,56,20,39,12,41,41,32,25,33,21,5,23,14,35,61,29,70,21,35,17,13,30,47,98,77,22,65,74,92,25,13,4,46,39,43,9,49,51,103,2,39,21,30,31,9,53,14,47,13,20
S025,19,71,31,138,60,66,71,68,41,63,44,90,45,37,35,17,46,63,26,64,29,84,56,16,32,49,35,46,22,35,101,51,60,39,63,25,67,16,14,46,154,18,20,72,60,44,32,101,29,48,21,101,35,91,55,42,31,46,49,37,37,117,63,16,46,44,52,82,74,43,147,25,166,30,126,18,52,27,50,138,43,106,14,44,35,0,145,136,17,88,11,54,21,24,38,16,80,63,77,63,113,28,70,46,23,80,18,40,3,54,61,15,21,113,73,26,112,29,37,93,85,50,16,60,64,37,43,79,31,12,46,36,13,50,21,22,114,36,78,8,34,44,48,14,13,80,110,55,82,26,15,60,20,0,66,25,78,37,26,17,21,32,18,152,24,22,22,18,87,33,35,29,16,16,59,26,108,67,52,47,57,78,25,22,9,105,28,13,150,31,175,133,62,59,16,38,15,27,7,16,42,30,83,18,97,57,50,21,27,68,40,36,64,29,62,28,12,80,34,53,38,32,200,28,68,42,16,81,168,157,98,79,152,63,71,14,38,112,85,39,138,69,33,2,169,65,42,63,54,56,124,37,14,30,30,106,39,65,32,50,42,30,22,46,73,21,5,32,43,47,33,80,75,44,41,55,21,27,61,52,25,79,91,26,40,46,9,80,105,32,22,29,15,94,16,82,9,73,25,43,39,14,49,87,71
S026,62,114,96,54,76,154,48,70,47,87,114,88,119,31,67,74,44,114,72,102,93,126,96,25,48,41,39,41,71,86,80,48,73,73,53,59,55,42,96,69,120,14,35,51,44,9,29,21,10,41,28,15,18,52,26,99,58,79,55,52,23,36,128,26,42,22,31,245,144,60,200,11,287,95,77,31,84,27,11,64,11,246,16,65,16,63,90,148,68,97,19,212,57,35,92,81,57,79,86,198,252,10,101,47,18,145,49,43,12,18,56,90,64,20,79,83,156,81,76,47,91,17,47,27,69,74,135,83,51,11,19,64,76,21,164,81,37,26,124,11,51,57,87,100,46,165,121,15,16,15,6,14,24,19,95,52,86,22,33,29,125,46,29,87,43,54,24,25,120,93,65,80,22,24,38,74,70,133,95,67,111,69,10,7,62,108,75,49,115,33,146,172,100,12,14,119,66,22,77,50,42,39,31,19,158,346,53,35,98,79,47,108,98,18,63,53,26,132,145,18,81,62,161,25,39,35,7,82,199,119,27,34,51,184,49,49,81,182,107,20,245,38,55,7,39,175,18,53,139,60,52,3,11,27,54,19,52,71,35,48,27,36,35,241,69,23,72,16,24,76,8,236,81,69,54,57,40,43,30,218,37,42,153,96,106,1,10,34,76,54,85,35,47,177,34,75,116,37,68,21,124,16,55,176,81
S027,50,239,100,138,102,351,193,177,111,109,178,98,140,116,173,82,130,94,81,83,233,209,109,41,60,14,2,22,58,22,66,17,113,58,30,31,52,31,27,30,97,34,54,36,18,39,18,35,26,51,33,52,36,63,24,60,29,61,28,32,5,20,30,14,10,47,22,70,42,103,95,31,64,113,92,38,19,37,9,32,6,87,28,57,17,14,101,101,40,79,32,86,15,20,34,5,19,60,48,86,115,24,28,33,41,30,40,48,16,20,57,71,58,26,58,27,24,15,54,96,47,53,26,21,30,58,65,44,10,12,11,24,22,23,40,19,103,16,50,39,43,20,104,11,16,66,88,14,17,9,13,6,12,10,38,31,28,46,35,10,22,50,9,83,43,10,28,1,44,22,47,45,27,4,46,60,63,64,21,27,36,44,68,8,25,27,36,16,96,13,76,84,19,8,13,34,21,25,54,13,16,13,47,17,97,98,105,36,40,65,6,13,76,16,71,2,7,163,38,15,5,7,95,20,18,28,9,7,65,45,41,54,70,38,76,17,72,90,36,14,81,22,57,16,39,28,53,17,90,44,21,24,5,88,15,35,41,62,4,17,17,69,23,91,28,23,61,6,47,35,4,116,29,37,26,32,14,103,29,36,19,31,17,5,15,16,4,22,117,42,34,27,71,81,27,33,36,48,68,20,33,33,24,50,43
S028,164,130,153,283,256,535,330,274,134,277,335,391,184,128,125,131,183,400,147,254,318,360,235,28,171,53,37,51,72,65,125,115,108,97,80,74,40,144,115,112,78,29,38,62,45,168,98,76,47,83,43,150,182,42,66,153,59,61,74,18,41,125,61,4,62,136,14,51,75,92,272,46,84,40,105,33,75,47,107,106,61,64,30,102,152,11,99,252,80,254,64,81,56,47,39,46,48,167,233,127,245,89,43,21,29,50,45,50,12,16,173,72,35,17,114,49,58,15,84,132,63,73,36,64,79,93,60,109,8,27,5,93,63,12,12,41,68,15,63,19,39,18,84,171,118,91,133,46,27,51,61,41,55,45,50,32,35,39,79,19,106,145,38,141,15,21,26,104,103,59,65,80,16,3,44,45,188,85,58,44,59,79,59,44,38,72,35,69,146,91,173,144,19,49,15,53,53,33,64,36,46,55,176,73,228,104,71,19,93,83,57,179,27,46,33,36,18,134,55,30,34,100,600,53,65,7,36,20,298,116,57,122,74,126,208,19,108,84,49,50,185,10,87,17,58,100,62,70,51,175,105,54,40,57,77,29,47,26,21,52,54,3,33,38,81,30,53,61,21,66,0,129,86,107,158,82,28,36,125,144,35,9,107,66,58,4,18,135,80,51,76,119,35,185,79,44,72,95,26,27,67,26,56,21,75
S029,49,153,146,257,147,464,225,176,90,183,385,164,130,86,219,127,124,218,115,223,309,242,169,56,165,43,27,21,68,63,69,43,128,69,47,18,110,65,61,53,62,25,44,87,67,39,121,121,66,102,66,65,83,82,22,71,19,90,37,96,13,27,47,33,64,56,26,207,53,42,84,7,81,155,37,96,37,31,8,74,3,101,19,188,59,27,95,252,49,207,38,35,25,4,119,47,57,86,185,109,69,11,82,42,47,89,29,70,21,68,82,64,55,13,54,58,83,67,63,171,76,22,18,23,51,79,34,43,12,62,20,27,74,66,19,28,55,33,132,42,42,15,51,33,24,100,77,134,63,59,28,6,17,0,133,42,66,31,47,15,20,80,35,76,21,97,49,29,128,51,78,34,34,23,9,85,48,64,29,69,60,53,38,44,101,29,51,7,76,33,103,75,102,15,38,97,24,48,26,3,49,43,74,31,174,109,111,52,24,43,28,65,58,18,78,4,12,44,36,43,84,73,248,15,9,13,44,23,93,83,57,102,65,106,114,47,85,270,26,23,89,30,56,7,43,99,40,101,37,74,166,44,13,193,64,50,35,68,65,74,48,35,71,116,18,11,5,11,67,98,10,145,30,81,134,18,35,94,125,111,33,28,197,58,103,8,32,75,106,40,90,17,45,195,42,29,47,52,44,2,47,44,34,121,20
S030,81,37,53,62,52,207,37,134,55,102,90,65,51,42,73,74,44,84,19,67,103,72,148,28,66,34,15,26,18,24,32,64,62,92,38,38,56,95,37,33,30,55,71,32,35,5,16,22,6,19,18,20,25,16,14,24,63,40,33,25,4,30,60,15,31,45,5,48,32,88,59,15,131,95,59,46,73,27,3,41,13,52,13,54,71,9,67,123,54,26,18,103,84,2,24,56,67,55,61,47,120,29,59,7,38,68,69,80,3,47,48,57,56,74,102,121,90,17,31,40,78,5,25,16,38,41,28,77,18,4,52,76,8,19,19,29,15,11,100,24,19,30,32,25,4,18,58,55,19,54,43,35,11,3,12,55,98,67,86,8,30,12,19,55,30,15,25,51,48,45,52,25,51,28,54,35,73,18,84,42,70,54,39,14,79,18,2,13,122,21,96,51,25,13,66,21,34,13,26,24,19,36,37,82,50,82,67,41,93,42,40,47,23,8,28,5,4,98,22,43,27,9,75,2,19,11,5,44,178,94,8,41,52,71,116,29,24,31,62,36,131,21,11,20,90,119,27,55,104,40,58,31,14,59,24,25,40,49,10,24,38,21,7,27,18,8,58,7,36,64,22,33,70,41,39,14,40,30,42,73,12,35,63,17,11,9,9,62,33,30,44,73,49,64,39,92,71,57,69,14,44,16,28,48,32
S031,27,85,42,73,69,96,45,98,43,102,70,56,81,37,47,53,28,50,49,47,86,103,132,12,22,62,9,44,9,55,37,46,91,100,41,55,55,53,22,42,52,21,31,35,19,37,37,51,17,58,24,41,51,32,13,92,44,64,78,59,12,59,13,29,30,52,25,80,50,43,67,10,47,67,63,28,28,23,16,44,20,120,13,64,64,24,88,108,9,128,36,27,25,50,38,64,64,63,64,56,113,14,121,15,10,50,19,88,0,50,31,91,87,32,26,50,68,64,74,118,62,60,10,16,32,23,58,38,44,65,27,55,24,35,55,48,26,54,59,10,33,13,62,31,7,127,104,31,34,39,30,13,22,30,50,39,56,15,47,24,40,82,40,88,22,26,22,68,120,9,71,50,35,28,43,46,32,82,77,39,18,48,43,28,16,33,60,23,73,40,76,103,47,46,2,77,45,1,56,39,33,55,53,10,72,90,27,24,46,9,27,33,23,22,77,8,10,156,66,31,53,37,175,34,31,9,21,30,153,45,5,104,33,146,104,44,133,65,30,31,54,25,108,14,34,75,31,78,110,55,17,37,29,94,32,9,23,78,43,26,27,40,25,81,7,19,28,24,24,90,29,64,33,37,45,23,17,55,69,45,18,56,101,33,50,22,15,59,91,24,26,22,91,66,31,14,21,44,124,16,38,15,133,47,18
S032,81,251,102,204,122,176,126,188,105,202,147,94,182,125,55,51,107,224,87,261,118,137,104,73,125,34,19,25,95,30,58,60,53,77,29,10,21,48,49,24,47,23,58,31,39,9,43,35,19,38,23,9,75,55,51,81,59,31,46,59,56,107,77,13,93,67,45,132,102,16,104,5,137,69,52,49,56,20,17,91,6,92,9,61,33,9,88,148,83,80,19,117,59,47,38,41,42,107,125,66,109,14,51,12,98,44,11,27,5,28,37,96,52,8,108,38,52,30,77,59,87,28,23,34,63,34,63,82,18,13,19,37,10,34,70,22,66,103,75,40,27,6,34,42,29,38,141,27,15,30,19,30,45,7,42,16,34,17,53,23,32,49,12,51,44,16,44,14,41,64,71,17,20,30,87,36,70,48,38,85,30,25,32,27,51,43,20,20,89,9,106,110,42,23,48,47,65,18,48,25,32,29,56,110,66,114,77,17,88,71,12,31,49,17,61,52,53,95,38,64,90,45,185,22,38,55,35,12,272,73,16,21,49,78,80,26,50,181,134,26,110,23,21,27,223,116,32,133,94,67,41,41,21,60,64,50,32,42,15,62,8,29,21,22,70,12,44,28,39,39,29,85,39,81,56,32,33,33,40,42,7,6,151,56,48,7,8,75,154,44,16,4,54,32,36,85,58,47,10,22,33,8,39,52,82
S033,37,83,72,99,64,65,75,114,20,112,111,42,77,39,105,54,56,119,78,133,133,114,137,38,27,57,56,36,78,72,48,82,128,96,50,86,137,130,29,52,47,51,88,30,34,25,58,41,14,36,38,51,36,57,24,65,39,33,58,96,35,96,87,33,122,56,16,435,37,82,80,17,258,118,75,50,97,91,11,61,25,83,24,37,62,40,31,257,40,97,54,110,36,35,37,46,63,176,142,65,30,40,44,17,52,42,38,106,12,16,48,98,65,33,73,102,102,25,44,152,62,96,18,20,37,30,41,51,12,86,36,20,30,11,110,36,63,28,191,11,40,17,98,84,8,92,57,13,32,30,18,28,7,9,55,19,64,52,50,30,56,34,54,119,8,5,42,33,107,19,45,9,30,23,40,16,42,94,44,121,49,87,59,25,33,73,21,17,82,40,69,112,75,3,13,28,13,31,19,43,98,70,73,46,72,165,61,43,42,121,42,26,23,33,28,5,13,138,92,44,61,22,312,52,26,17,15,37,47,60,48,26,36,140,67,35,114,105,79,69,177,61,60,29,158,98,6,109,78,42,61,58,31,37,9,32,24,153,50,86,72,35,68,25,29,7,51,3,43,81,0,116,41,38,136,44,11,35,99,203,20,82,108,38,52,24,44,60,119,100,58,32,65,97,16,18,78,58,69,21,32,7,52,52,17
S034,80,136,52,243,103,200,103,91,28,111,117,174,96,62,71,126,78,122,21,132,152,81,129,56,108,85,43,62,69,47,40,69,59,62,37,26,36,17,45,8,100,17,44,15,67,102,176,223,42,194,172,155,75,86,173,105,46,77,48,30,4,49,34,12,54,75,17,122,64,47,155,25,104,95,96,28,84,12,11,98,9,109,3,61,40,15,96,138,85,33,62,47,35,22,55,17,29,101,139,48,42,42,19,19,28,82,70,36,9,68,38,115,117,35,18,107,66,30,45,122,14,60,43,41,71,86,45,52,17,28,36,30,27,28,36,59,92,17,89,19,37,22,26,73,32,62,64,33,6,42,19,7,20,3,26,20,61,34,72,5,15,30,86,52,11,28,8,37,67,54,124,43,14,11,25,88,65,66,42,61,25,42,34,18,8,28,12,3,130,48,70,123,19,39,30,45,27,25,16,59,44,78,31,32,54,150,101,60,69,34,11,40,70,41,51,2,23,246,42,37,46,52,308,15,40,20,0,59,126,144,40,39,43,106,73,18,34,174,18,39,119,29,26,46,93,39,31,149,71,58,75,11,26,58,47,39,33,68,57,18,16,5,45,52,27,62,11,7,44,52,52,73,26,30,35,36,55,48,64,65,13,24,55,60,27,7,59,19,82,10,62,44,40,29,4,66,39,73,40,5,45,33,49,87,38
S035,28,89,40,102,40,114,89,37,43,71,95,73,58,27,43,51,49,54,36,51,75,100,83,11,39,80,33,94,52,45,36,121,53,47,56,28,74,21,20,19,53,28,14,46,13,22,24,19,13,40,27,40,29,43,25,104,55,35,23,48,11,31,41,7,22,65,14,51,16,89,119,12,48,95,59,41,53,26,5,14,6,58,10,31,48,15,22,95,48,62,60,45,17,34,67,12,89,51,43,37,176,44,87,48,11,25,46,51,11,80,120,20,123,29,46,95,43,94,14,141,52,37,34,22,23,88,51,30,8,18,25,23,22,34,61,70,8,27,46,12,24,29,36,42,14,69,117,17,47,48,17,9,36,0,73,26,90,30,21,10,72,55,20,41,12,10,10,28,34,95,63,23,0,23,78,91,13,56,31,27,56,77,43,4,20,45,18,31,80,39,113,69,51,26,11,20,66,21,25,16,52,66,29,44,43,118,97,43,32,89,8,24,6,6,32,22,20,102,70,9,12,26,218,3,21,2,9,21,107,130,69,38,79,133,79,17,83,93,19,35,100,31,32,4,29,25,29,78,22,73,55,32,13,33,58,26,35,57,6,49,24,47,25,102,30,29,27,22,74,94,20,65,57,77,46,22,1,16,40,54,25,23,47,27,49,26,5,37,110,27,51,21,23,82,44,40,17,43,11,20,10,34,24,46,42
S036,48,61,104,87,92,182,85,96,49,119,154,69,132,30,46,114,84,129,47,99,74,198,239,23,100,20,13,41,36,97,126,52,64,53,63,18,73,46,34,60,54,42,90,44,68,31,99,50,28,77,63,41,35,91,39,28,52,53,19,103,21,67,41,24,28,123,27,84,54,57,289,7,34,101,101,59,24,68,23,53,19,89,12,20,79,17,61,115,23,63,56,81,80,40,62,60,58,134,72,78,122,14,84,72,29,11,13,59,13,52,52,34,95,58,70,123,87,22,21,131,49,21,3,39,72,57,82,14,13,25,100,33,93,23,92,13,32,40,40,32,27,33,84,45,22,155,72,35,12,28,17,6,39,4,22,80,44,77,27,21,10,69,62,91,27,17,41,15,71,63,38,54,45,22,73,184,16,61,66,43,28,68,68,14,73,65,25,24,79,40,115,15,60,14,24,39,58,49,74,37,53,32,41,21,63,173,110,33,69,119,20,25,73,17,23,28,31,142,89,46,71,53,210,41,46,16,30,53,220,63,11,48,81,49,69,20,106,145,27,40,114,18,88,1,52,64,28,53,160,28,102,72,44,25,26,7,39,67,12,61,12,24,29,43,21,73,43,28,41,38,6,94,38,14,14,67,58,16,68,25,21,32,53,38,46,16,7,78,56,8,83,15,14,145,43,46,19,110,21,25,12,4,105,78,44
S037,50,63,93,106,42,200,89,120,16,107,52,89,53,34,45,97,36,59,47,80,103,71,67,49,78,26,37,14,67,58,53,36,44,123,35,15,29,9,21,59,7,19,34,11,16,16,118,41,31,104,76,89,92,31,175,40,64,136,11,28,26,44,44,23,43,87,25,118,68,36,69,13,74,26,50,45,57,63,4,48,6,45,29,46,62,19,76,76,24,30,87,77,64,26,56,31,120,40,140,120,61,22,76,13,14,23,3,33,11,39,90,20,92,23,48,55,44,57,41,124,57,18,18,18,82,24,65,21,25,21,28,8,23,15,4,40,17,4,126,8,50,44,53,61,18,19,49,34,16,18,22,11,41,21,22,17,78,36,47,24,30,32,10,32,6,10,33,17,44,15,29,35,15,31,15,102,26,47,78,47,16,32,75,12,29,27,11,22,67,27,128,94,23,9,2,25,16,23,1,20,18,0,18,19,56,161,31,26,43,27,30,40,38,13,55,13,20,89,24,55,26,48,408,62,20,10,25,29,85,76,65,30,30,57,133,18,28,92,12,34,75,16,91,21,35,53,47,119,61,48,63,20,32,77,22,41,38,71,21,24,56,5,25,21,46,51,35,10,42,16,6,83,66,36,22,34,28,25,124,55,38,20,9,36,29,21,10,47,102,35,20,33,39,112,65,34,8,80,38,16,53,35,50,59,83
S038,47,77,37,106,26,100,91,71,14,81,42,54,45,47,38,44,21,98,55,40,58,99,67,14,29,31,46,17,37,65,29,26,34,71,42,35,75,49,16,57,75,15,33,63,33,11,37,48,11,23,15,26,43,52,45,44,11,23,70,56,8,18,18,13,9,52,17,129,58,75,145,9,77,79,23,26,85,48,21,95,5,100,13,65,51,6,21,146,26,40,26,70,25,6,23,7,69,24,116,82,61,7,38,70,36,50,4,9,5,18,38,151,135,4,69,98,133,77,33,191,72,13,23,15,48,36,36,96,2,15,5,11,71,10,27,81,38,23,36,18,31,6,62,151,9,84,86,11,21,65,31,16,23,1,22,24,25,29,37,5,29,42,64,68,16,21,68,30,84,89,35,44,37,31,17,47,42,72,23,46,61,27,23,6,51,13,28,39,28,60,116,160,24,3,32,13,4,27,26,13,21,33,7,14,51,140,47,18,22,73,30,17,34,25,36,3,4,28,56,23,13,8,254,24,45,9,4,14,160,60,23,72,51,83,86,58,45,184,42,21,54,15,30,2,27,63,31,79,51,59,52,19,6,73,33,10,41,44,11,26,31,20,1,63,57,56,58,30,9,93,7,44,25,40,13,21,11,20,64,49,6,15,27,33,65,4,9,80,67,46,62,11,32,89,38,24,21,46,22,12,32,17,40,28,9
S039,40,45,56,114,23,101,72,83,6,56,115,115,64,32,62,32,92,53,46,70,77,122,85,11,51,42,36,15,67,51,46,126,106,94,36,50,39,43,48,38,110,5,45,101,37,17,57,76,63,72,68,143,94,162,113,80,17,79,27,111,16,65,44,20,59,73,35,63,89,105,205,34,80,73,40,33,38,11,11,73,26,40,15,24,91,3,116,88,43,127,58,45,62,33,51,54,39,110,140,109,158,16,63,27,12,47,18,75,8,40,117,95,21,18,65,47,98,57,107,107,62,61,11,51,117,76,46,89,19,30,44,23,12,19,49,75,40,30,48,18,33,10,51,68,9,68,55,54,64,29,17,38,20,5,107,52,41,60,31,6,23,46,30,59,23,33,39,30,38,76,80,31,5,19,34,86,108,72,3,126,61,27,60,15,20,55,61,41,42,17,61,58,78,6,19,37,42,38,43,91,26,25,69,105,83,155,74,10,39,64,59,17,4,35,96,9,15,64,95,47,63,67,295,18,21,106,7,6,87,83,40,69,27,102,242,11,34,121,11,75,115,25,63,19,85,92,37,182,61,37,52,24,8,51,21,32,15,46,19,56,63,32,20,116,33,10,40,19,57,89,4,109,42,98,76,21,7,37,50,79,13,38,114,77,73,60,5,56,80,46,94,16,100,123,27,56,31,35,76,17,45,32,93,73,54
S040,83,97,31,141,68,224,95,152,42,129,103,102,70,88,86,67,93,178,118,166,99,133,204,48,118,95,40,72,69,70,107,138,77,112,94,81,70,83,147,33,100,15,51,32,41,74,88,125,9,69,38,67,114,74,84,43,58,124,60,69,33,89,45,47,79,150,27,140,66,129,107,6,102,185,57,147,103,44,23,111,21,186,11,38,91,43,108,158,66,57,62,43,103,50,23,5,74,97,114,43,183,39,17,110,46,77,37,64,14,28,142,30,93,31,39,157,28,49,46,145,248,62,12,53,125,104,100,28,36,46,27,73,106,64,54,69,90,64,100,99,21,53,122,42,64,87,165,34,6,70,10,75,23,11,75,23,64,67,96,22,101,69,41,56,26,57,21,27,238,32,84,29,44,23,136,90,113,29,47,66,102,170,47,24,30,73,107,14,75,29,172,155,101,35,11,77,36,19,14,21,24,100,23,46,150,162,54,46,92,82,39,40,61,21,86,38,36,161,46,42,58,98,263,7,67,5,29,64,125,138,150,144,104,161,36,41,56,283,187,33,84,29,63,13,108,37,44,52,157,89,56,67,10,230,37,29,115,106,12,68,7,31,50,50,61,38,15,40,67,119,35,51,53,75,119,25,54,35,86,185,32,32,132,43,69,12,11,49,137,99,64,60,46,71,36,99,98,46,39,29,101,35,31,95,34
S041,120,229,63,152,87,221,115,180,51,205,178,227,126,101,205,120,140,134,57,104,247,231,106,20,159,8,15,36,56,35,32,21,72,53,47,41,72,7,22,55,15,9,40,38,26,14,116,44,39,40,54,59,59,37,50,21,39,61,20,46,4,21,25,29,36,92,18,51,49,29,149,18,75,44,90,94,45,29,19,45,0,55,8,39,48,23,103,75,29,131,31,35,53,7,46,19,71,68,105,39,116,20,10,39,8,43,6,47,24,61,42,24,32,45,19,50,25,64,46,60,84,115,5,27,41,46,82,60,2,30,12,29,21,84,34,46,32,1,82,7,11,11,63,39,7,45,101,23,4,44,11,10,5,3,81,22,74,40,20,8,38,34,34,61,7,6,35,29,43,44,42,12,49,4,12,37,50,12,86,84,44,29,41,4,21,13,13,3,63,37,95,113,58,5,18,21,17,20,57,8,29,23,49,10,146,74,27,30,41,75,33,18,67,42,33,14,1,91,16,5,51,27,108,23,17,10,9,19,224,56,36,49,21,89,50,70,43,76,29,40,15,19,29,9,127,60,31,82,68,84,27,30,17,22,12,22,5,82,21,28,7,7,20,68,26,9,27,26,23,49,4,31,16,65,70,37,12,29,82,69,11,49,52,37,26,6,6,55,63,30,31,30,69,35,34,4,20,52,48,15,45,10,26,47,36
S042,71,94,64,144,65,93,49,103,36,125,79,170,47,48,106,29,65,76,53,154,116,79,47,17,111,43,29,27,97,35,51,56,82,96,76,21,62,68,62,96,36,17,163,79,24,21,43,33,32,46,29,50,42,18,35,68,23,64,51,31,21,33,90,21,33,43,21,73,114,100,107,25,73,84,160,26,58,54,44,116,15,62,26,18,11,39,54,108,19,92,80,65,73,38,22,48,76,146,123,62,144,44,26,28,5,53,17,119,28,58,74,54,35,39,111,78,108,26,97,113,58,63,33,24,34,93,51,38,36,22,49,31,30,32,18,51,62,18,108,57,35,35,29,89,8,136,38,87,33,51,39,27,49,7,37,20,73,56,67,17,33,98,10,113,23,39,35,5,46,46,106,69,17,14,53,11,97,48,15,37,16,100,76,16,39,46,43,51,98,16,102,81,70,54,41,82,106,31,35,35,37,44,67,10,126,99,87,29,66,29,15,100,23,19,59,44,11,197,50,42,72,13,209,12,35,69,39,26,129,89,23,51,93,33,59,46,94,99,46,86,103,27,37,17,152,97,74,32,111,27,148,25,11,84,87,22,42,36,45,27,43,64,25,49,18,46,56,55,55,91,38,46,73,65,37,33,5,63,130,76,27,41,88,76,51,39,20,75,154,46,37,13,57,128,38,134,8,80,130,24,44,21,49,29,64
S043,25,56,29,125,83,100,78,84,74,100,145,65,74,70,52,76,53,98,73,64,72,110,106,21,54,55,11,22,26,49,99,38,64,60,29,41,21,39,43,44,79,10,116,51,46,40,91,46,51,76,49,51,44,39,109,63,35,43,10,76,27,58,28,4,15,28,9,92,107,76,172,43,74,57,71,33,12,59,13,56,28,76,4,13,38,2,31,109,56,59,46,33,44,9,40,119,19,97,68,63,130,24,100,19,8,64,17,69,0,60,64,121,152,57,82,247,36,42,32,110,56,77,30,7,41,24,43,64,60,22,13,28,43,31,37,24,33,58,53,16,24,14,20,95,25,101,77,22,41,39,13,14,20,5,20,13,53,63,64,6,50,27,33,61,9,45,40,21,68,26,105,38,30,80,19,39,55,70,67,11,22,98,38,15,30,23,7,26,48,63,124,49,22,15,16,23,11,23,68,4,30,23,39,10,110,172,67,15,64,59,27,39,90,23,90,3,9,69,38,23,10,44,193,20,62,10,11,34,219,52,28,46,62,22,69,17,111,80,18,25,169,60,17,24,66,54,19,41,77,24,135,31,24,19,26,18,66,22,22,43,29,42,74,69,65,37,36,11,31,41,25,149,30,88,27,3,10,91,103,136,2,65,93,18,16,33,17,165,105,12,41,68,38,94,31,66,69,67,54,9,51,23,24,23,34
S044,58,103,53,195,66,188,155,150,82,183,135,203,112,124,97,128,119,179,55,133,167,281,108,66,44,14,42,79,60,59,70,36,79,90,47,26,41,30,54,10,33,17,21,10,47,41,125,104,47,77,59,124,108,142,174,66,22,30,10,6,5,10,81,20,33,51,24,46,20,75,72,15,130,29,44,62,13,26,3,26,21,87,15,37,47,8,43,165,46,59,30,38,34,2,32,20,27,44,39,69,89,41,81,43,28,77,28,46,11,26,63,61,134,33,52,39,162,31,41,95,27,35,27,16,30,41,34,39,41,19,8,94,14,28,27,29,24,3,71,8,35,52,71,20,34,69,49,13,28,48,22,29,15,8,37,25,55,53,50,1,44,61,59,185,10,43,62,11,41,31,61,63,11,10,20,79,52,56,15,65,62,32,41,9,62,19,15,15,52,37,50,71,14,34,2,27,37,45,14,4,45,10,33,73,126,83,92,32,66,63,38,19,30,26,31,15,7,55,22,18,52,11,252,28,1,5,6,19,111,110,30,24,33,68,115,14,42,158,47,53,89,10,36,13,109,53,61,10,52,74,46,25,13,17,32,10,36,32,23,52,29,48,17,30,63,14,16,8,77,71,8,55,17,58,8,51,4,12,47,89,16,27,47,12,15,11,46,44,66,35,53,51,20,119,19,52,108,40,27,28,69,101,70,69,36
S045,53,147,79,144,89,221,37,84,49,123,77,84,127,36,147,108,123,65,73,89,54,132,99,22,124,36,39,38,56,61,43,116,147,201,64,45,63,39,53,121,118,73,137,61,117,9,32,39,1,23,31,38,81,23,37,5,9,123,81,77,10,35,86,46,20,45,46,133,28,102,136,20,148,124,142,39,137,40,40,88,12,94,18,37,85,22,47,135,43,162,55,33,39,79,46,65,72,65,76,50,71,24,107,71,52,92,39,54,0,43,59,57,56,7,174,92,94,112,91,122,97,173,6,24,58,97,49,104,42,35,43,21,103,18,18,156,59,15,65,34,76,12,85,104,19,172,141,56,28,47,38,5,8,15,21,43,120,117,39,14,46,206,45,171,12,70,31,11,139,76,94,94,60,4,40,67,33,72,38,70,80,64,45,38,26,43,38,61,88,97,255,82,37,22,9,89,24,49,34,218,59,43,68,21,128,237,62,104,90,60,31,97,24,35,69,2,20,108,171,112,62,62,254,4,62,15,46,21,234,94,47,41,116,140,232,82,87,39,63,97,83,36,104,12,96,44,45,115,213,84,50,17,23,54,25,13,38,57,56,82,115,47,83,79,47,14,57,20,159,122,5,158,62,105,12,90,13,46,97,46,37,56,161,6,88,16,8,130,143,66,49,73,43,108,9,93,26,21,93,8,42,39,20,98,41
S046,19,46,44,91,99,87,36,96,28,92,95,71,85,28,40,52,113,136,11,70,69,53,72,16,68,23,30,28,50,47,31,80,92,62,32,26,22,12,87,38,89,5,46,54,35,63,85,68,108,130,93,47,192,93,56,27,64,50,36,42,35,21,46,30,20,65,11,162,19,32,76,65,195,124,114,86,62,47,0,80,12,24,39,45,11,58,73,132,41,135,33,51,23,50,58,12,101,137,58,92,40,35,84,27,9,70,48,19,1,24,66,39,96,17,38,55,71,40,19,86,31,15,12,22,102,77,118,44,15,9,57,25,62,23,74,52,58,24,49,74,11,42,43,26,20,63,78,10,8,23,15,16,6,9,44,34,92,25,34,2,38,29,23,109,8,3,73,25,82,28,59,47,18,20,21,52,63,55,97,66,38,46,63,13,63,17,23,1,82,9,88,113,49,36,2,64,24,24,100,20,57,36,59,45,136,114,86,27,62,25,15,48,12,27,51,3,5,94,45,78,58,31,133,33,14,26,3,19,75,46,66,59,131,53,81,30,147,188,80,44,70,20,52,7,158,17,13,95,115,78,72,20,2,79,55,19,65,40,1,59,12,13,15,87,28,44,15,23,44,74,5,130,51,125,62,11,23,32,43,139,6,42,49,22,24,48,11,61,79,44,35,20,50,89,36,10,47,61,46,8,25,8,75,26,41
S047,64,121,138,177,82,195,141,158,72,177,181,150,158,97,84,68,67,231,88,129,164,381,138,88,166,74,89,96,101,87,128,120,114,177,39,59,83,50,150,63,132,66,128,57,65,12,102,233,43,188,52,93,158,82,153,141,87,133,38,205,6,166,66,22,152,154,18,368,58,81,138,20,193,105,100,58,209,100,20,40,16,90,14,95,109,36,74,186,43,143,63,157,56,18,95,66,135,122,80,133,243,67,90,55,24,77,74,27,3,42,229,130,60,43,103,256,95,42,214,30,86,89,23,75,24,57,84,61,43,6,70,64,101,88,39,37,42,34,163,8,56,63,61,166,24,211,106,43,52,59,37,20,47,4,134,58,72,24,103,22,80,172,40,94,26,43,116,139,167,134,109,63,26,100,52,53,57,81,48,103,30,77,29,38,81,36,72,9,92,35,238,290,102,14,9,90,55,65,42,15,79,60,44,35,80,195,61,14,105,118,34,130,71,46,150,30,17,267,57,43,100,36,562,31,116,16,15,34,119,121,64,121,147,188,121,58,39,115,104,74,111,16,49,35,85,49,47,65,127,75,62,30,88,38,68,44,59,84,22,103,94,8,29,85,56,78,82,42,75,50,42,84,39,71,164,55,62,45,184,131,43,28,301,67,59,5,11,155,98,75,154,54,63,87,64,49,87,137,121,13,193,7,40,136,152
S048,52,94,35,160,63,156,63,128,60,94,50,141,77,57,112,58,81,79,113,167,80,145,108,43,85,24,20,40,42,37,88,27,70,126,79,39,65,20,55,33,26,26,103,33,62,17,48,83,22,59,43,34,27,57,38,33,38,24,18,45,29,80,40,62,47,56,23,82,123,61,104,33,90,35,72,33,43,71,13,44,23,139,47,48,38,15,46,98,60,82,38,29,61,70,89,13,61,58,99,52,88,37,45,77,16,34,29,28,27,73,49,23,13,29,33,46,61,67,67,167,9,33,6,57,16,21,85,32,0,18,23,10,52,12,72,40,63,22,74,23,31,17,19,36,5,49,69,18,6,50,21,17,6,6,13,23,60,59,37,6,61,29,26,59,12,21,21,42,32,88,24,85,13,25,21,77,99,86,17,102,10,13,40,10,46,27,13,14,55,22,91,45,33,15,12,76,23,7,75,22,47,18,41,23,96,232,42,17,22,106,7,50,24,14,55,5,13,55,48,9,62,40,124,95,25,6,11,8,163,73,37,59,58,56,118,54,86,94,29,52,127,29,49,12,99,39,7,76,49,87,65,20,16,32,10,46,55,20,22,29,66,79,7,76,68,10,29,20,16,28,14,30,7,64,38,17,12,56,99,59,17,20,85,23,96,7,19,29,56,27,7,33,42,158,29,54,28,50,27,16,49,4,13,11,50
S049,133,192,57,153,431,189,141,178,142,164,171,139,219,120,163,78,133,149,144,123,213,178,291,78,207,91,32,119,144,67,139,108,82,149,61,68,87,79,51,57,102,14,42,75,68,210,197,271,63,121,63,510,319,185,207,92,8,32,36,41,67,75,31,21,62,228,54,91,86,44,165,7,86,96,69,102,82,54,21,125,19,127,9,44,18,29,126,187,83,79,31,61,85,36,120,48,97,77,65,94,131,37,58,71,63,84,12,46,14,96,118,44,33,14,86,149,90,31,58,113,59,35,69,25,95,74,99,80,24,40,32,80,49,51,34,87,53,57,124,17,18,30,99,50,25,166,107,38,14,23,54,9,21,48,41,112,65,28,71,10,59,64,64,119,53,30,52,7,80,30,120,38,29,29,63,17,64,75,32,48,71,78,25,14,93,58,64,17,37,38,162,153,76,3,23,94,53,36,50,26,16,57,26,32,124,211,29,24,74,98,49,9,16,35,78,27,11,131,74,92,68,54,106,6,84,11,30,20,107,75,52,30,96,129,124,90,211,120,59,45,128,71,93,57,69,65,43,158,93,179,138,30,30,47,24,19,33,62,98,60,35,41,19,94,77,18,19,8,63,58,19,82,60,29,89,71,8,17,71,123,13,53,53,86,67,12,15,146,68,11,94,32,65,44,13,59,57,11,40,45,108,69,95,49,63
S050,46,95,100,95,87,229,121,179,78,156,176,155,68,68,90,80,55,142,106,327,89,179,144,40,41,37,18,61,22,47,85,66,80,132,61,39,28,61,34,42,80,16,80,81,61,75,97,99,38,61,98,82,72,58,37,154,21,110,119,107,36,26,82,26,17,51,35,131,79,41,53,62,97,116,75,26,39,25,26,113,4,135,20,48,25,4,107,56,53,155,98,84,39,29,54,35,58,37,55,67,110,52,59,40,8,105,65,72,8,48,58,202,79,30,21,178,48,101,34,100,139,45,17,15,30,7,29,121,23,27,38,19,6,5,40,45,72,13,150,13,36,2,54,46,9,160,60,28,14,16,37,16,9,4,36,24,53,16,47,15,28,23,17,202,41,42,34,16,29,31,23,52,32,11,13,48,62,82,41,35,69,182,25,9,33,21,50,23,43,49,131,152,101,47,26,36,30,56,72,6,64,21,62,115,45,85,64,41,67,57,19,78,36,25,22,2,74,67,69,12,51,14,259,15,26,42,13,31,245,60,29,69,64,63,76,11,30,95,79,57,85,164,75,25,95,102,89,115,48,26,68,35,20,51,44,21,52,42,28,88,2,26,13,47,51,5,25,19,9,15,8,110,126,68,53,71,8,51,70,99,27,19,53,40,29,10,13,66,145,42,58,108,35,102,20,38,5,60,100,9,64,30,72,23,57
S051,73,110,102,225,184,229,172,64,116,219,151,112,109,59,84,123,57,85,64,184,57,62,71,40,104,66,25,34,42,12,63,35,69,84,55,7,27,13,46,46,52,38,47,15,23,8,21,7,13,35,27,16,30,61,37,64,10,92,28,34,21,34,86,25,51,31,15,146,68,50,145,18,119,102,43,60,37,80,15,26,2,100,1,40,28,26,88,69,48,103,17,54,22,9,67,36,96,188,51,53,43,50,64,20,33,29,30,53,3,41,24,29,102,21,33,62,47,35,27,164,110,30,10,27,28,34,25,71,40,53,68,22,31,24,29,62,10,4,85,15,79,3,76,57,11,127,47,36,24,44,9,25,30,15,34,18,53,66,32,9,84,39,18,63,3,29,74,71,54,30,164,48,22,21,19,34,49,21,26,17,44,40,41,67,70,25,23,15,37,13,64,140,81,18,34,33,33,23,13,10,30,22,74,10,73,45,99,16,45,76,26,43,36,29,74,31,38,140,18,36,34,51,141,25,52,28,6,9,117,53,8,59,41,26,81,62,35,69,51,21,78,2,26,31,49,45,17,86,80,60,105,17,15,27,42,23,5,75,8,31,31,57,13,66,79,34,39,59,37,126,21,81,35,26,38,71,1,56,54,59,34,51,105,35,47,13,18,59,99,32,49,97,45,39,8,29,49,39,74,4,47,19,54,142,36
S052,49,100,113,137,73,130,138,78,58,107,168,102,62,48,95,80,81,112,46,108,97,157,48,63,85,69,35,67,43,61,116,106,18,115,47,53,123,100,40,32,93,13,77,36,118,88,129,179,68,107,83,82,71,140,127,71,74,42,13,71,49,149,61,3,48,80,24,215,74,41,203,55,75,88,143,43,70,100,5,78,33,116,34,102,32,36,120,97,45,180,67,144,30,54,62,4,130,237,58,101,163,103,67,90,9,37,99,32,5,69,43,67,138,46,201,251,65,79,46,188,32,41,20,38,134,113,174,100,40,32,44,17,25,25,29,43,94,65,103,19,44,26,47,40,51,150,101,32,24,71,35,16,25,5,56,18,110,88,28,11,48,20,27,88,63,23,56,8,63,91,106,42,29,21,33,81,106,103,75,61,69,60,27,18,14,42,28,4,66,19,113,121,58,10,11,85,42,91,4,14,29,89,125,65,86,138,38,25,123,30,51,43,44,34,123,9,35,89,63,57,109,13,300,28,21,41,15,27,100,142,31,107,112,160,246,47,61,47,42,97,167,26,95,0,130,71,8,85,15,46,162,9,18,78,19,11,83,106,13,40,53,30,37,66,52,141,161,15,139,55,8,124,95,9,75,51,25,49,48,116,19,39,138,78,142,24,37,66,172,44,55,80,33,118,15,76,37,52,23,8,35,24,58,52,41
S053,167,115,63,124,45,347,129,186,143,99,170,160,73,92,90,98,135,173,37,218,74,291,119,12,84,19,36,42,38,46,119,87,111,70,86,18,107,62,84,47,98,38,17,16,20,31,85,40,105,43,52,90,124,176,50,49,74,21,51,99,12,68,28,83,83,57,58,120,55,37,174,8,144,40,161,51,66,34,2,44,30,40,7,56,55,20,102,261,19,55,32,106,77,53,91,46,57,140,106,43,166,30,49,103,39,22,66,94,5,23,151,37,79,37,84,69,53,24,97,101,97,82,56,40,45,118,90,55,44,64,11,19,17,17,83,84,52,41,40,21,14,36,62,45,8,132,37,24,14,35,59,62,16,5,34,49,70,50,53,15,21,53,78,100,24,22,18,46,162,69,57,25,60,6,11,40,39,54,36,76,68,52,32,12,8,27,79,13,142,38,56,164,33,48,11,62,45,38,52,39,31,72,22,56,92,140,95,20,64,67,33,23,45,27,24,5,41,244,16,43,45,41,178,43,26,76,49,61,146,201,18,56,56,140,77,21,66,150,63,54,137,48,152,21,96,72,18,49,32,21,50,64,31,15,51,9,31,61,44,49,31,15,78,64,57,21,48,4,60,91,8,69,82,31,29,44,33,29,90,84,35,44,112,50,29,58,12,85,114,105,48,81,46,142,22,59,57,50,23,9,100,12,52,29,27
S054,63,84,42,124,96,204,105,137,62,59,79,79,99,67,104,34,114,141,42,102,143,76,96,44,48,57,47,35,46,76,84,81,75,103,50,23,88,27,15,83,115,43,127,52,25,47,50,57,11,55,34,89,37,105,87,52,35,75,72,74,15,137,75,25,111,79,11,77,43,31,210,26,181,122,131,18,171,77,27,167,13,116,15,43,39,29,123,196,45,99,81,74,186,19,27,29,78,63,71,90,151,34,26,33,55,67,71,81,1,41,51,38,41,26,91,117,84,40,34,149,99,37,20,95,33,65,111,122,8,15,24,16,5,27,30,43,15,51,52,33,7,32,86,43,28,208,109,35,16,69,9,27,16,13,54,12,114,79,108,36,39,34,35,115,0,73,46,14,58,111,100,23,31,5,75,90,87,44,63,170,64,76,73,48,20,166,7,37,175,38,192,295,100,44,60,73,18,131,18,23,57,34,49,25,111,133,95,35,31,37,19,64,8,15,71,9,25,98,74,52,36,41,522,13,92,51,61,54,266,200,42,71,14,87,209,44,92,239,116,2,112,16,119,22,66,66,62,97,84,84,31,48,37,75,32,43,108,67,17,100,53,56,21,135,60,13,46,44,33,64,9,49,41,156,39,44,12,86,99,108,8,100,47,11,48,14,69,101,179,18,69,46,74,119,53,21,69,46,99,39,73,40,15,156,141
S055,130,297,196,323,100,318,124,227,79,122,256,150,251,163,258,177,168,156,144,62,297,180,67,73,156,48,59,56,49,56,79,65,124,119,65,47,104,37,25,54,80,13,26,27,107,49,65,102,73,108,17,90,192,144,77,22,25,36,47,65,16,108,84,18,108,189,35,102,130,106,109,43,190,86,138,20,67,33,3,122,9,157,3,49,88,52,156,50,72,94,24,31,55,12,42,27,72,61,60,64,181,12,80,18,40,32,89,112,23,16,117,66,25,36,37,82,57,40,111,76,100,99,24,24,82,55,67,59,26,43,14,19,27,23,38,98,90,30,67,16,41,23,59,63,10,82,125,27,19,67,25,44,56,2,75,21,59,86,52,47,39,21,68,27,22,18,33,30,118,14,42,32,35,17,11,50,56,48,64,39,34,37,62,2,122,38,30,8,75,41,112,193,65,32,9,58,36,46,32,16,90,6,37,53,148,179,58,16,15,27,13,19,48,15,44,2,89,128,53,54,33,42,343,37,44,42,0,25,257,105,26,38,49,111,100,37,86,50,31,27,112,84,27,1,150,47,56,74,184,36,58,10,14,46,49,16,44,76,32,18,25,11,10,86,41,26,29,4,85,61,13,167,10,22,9,44,49,53,33,55,17,60,56,68,28,31,36,82,93,31,36,28,9,117,24,36,18,55,109,27,16,39,46,61,104
S056,15,71,52,27,27,61,43,47,21,25,65,39,34,36,30,34,31,47,32,19,32,53,46,13,54,53,15,77,35,20,81,49,45,98,13,51,27,39,50,38,73,31,28,49,33,63,152,42,40,28,13,32,18,76,81,68,29,26,37,33,23,28,22,43,14,112,33,96,97,23,167,9,64,100,44,44,59,9,1,42,10,45,3,92,6,27,50,76,17,57,74,33,41,11,36,31,41,120,54,57,141,22,45,29,25,18,19,43,6,31,78,51,39,31,110,53,43,44,18,134,91,63,30,5,15,38,51,73,8,22,29,26,31,8,47,48,24,21,79,6,9,31,87,56,3,27,181,30,21,26,31,62,18,4,90,58,46,44,48,18,51,28,32,59,3,46,14,5,84,35,35,49,53,15,57,27,49,51,20,16,55,50,27,36,54,15,12,38,107,32,68,78,49,45,20,33,21,12,17,39,59,15,44,26,72,50,31,14,77,32,9,58,19,22,94,8,14,64,50,18,10,29,284,10,54,3,26,21,144,35,19,63,72,89,26,26,5,141,72,16,150,16,37,22,32,53,49,66,124,38,58,14,2,78,60,5,27,39,45,49,38,42,24,29,30,5,40,13,18,44,17,87,53,49,17,87,23,22,55,58,51,12,81,54,42,22,14,44,124,20,47,61,42,124,5,48,69,53,33,35,40,86,47,91,70
S057,49,111,45,102,82,220,132,77,61,110,101,99,81,58,53,75,79,86,50,53,98,82,78,17,70,47,50,39,20,49,157,16,67,42,63,9,99,32,30,16,85,29,13,45,54,45,48,113,65,205,66,62,121,108,215,68,21,42,97,105,5,93,45,36,81,55,88,112,24,107,230,21,156,78,76,35,46,53,11,123,44,66,60,36,21,8,147,184,38,67,64,35,19,27,17,37,101,91,103,50,56,51,99,67,52,99,70,69,2,41,88,117,91,27,130,89,26,45,52,127,92,30,30,37,72,54,37,85,7,47,13,23,49,41,45,49,59,8,74,11,30,18,21,133,41,62,78,39,33,11,53,38,12,12,40,35,57,35,45,1,33,29,20,117,50,49,13,40,52,75,69,53,53,23,27,72,41,58,42,19,52,99,65,54,4,87,81,7,34,25,101,159,40,15,6,42,35,54,21,27,38,41,28,4,147,158,109,44,58,127,23,69,22,39,88,11,5,183,41,88,91,31,396,50,24,17,23,49,98,86,74,84,68,78,209,28,96,82,64,50,50,40,17,5,50,72,42,136,50,105,51,57,39,13,67,9,70,76,27,31,10,31,19,108,25,25,23,3,104,106,37,67,49,13,59,63,29,10,35,98,22,24,51,46,57,44,3,49,218,62,22,19,94,111,25,9,31,21,93,33,61,24,75,84,30
S058,81,120,148,88,97,247,21,126,102,85,142,104,72,80,42,104,127,150,79,96,143,227,138,22,118,30,37,124,92,39,70,105,85,40,92,32,61,59,43,71,167,21,94,55,30,48,207,235,94,111,106,115,366,208,148,83,23,81,111,116,40,67,35,50,18,34,29,85,62,53,87,25,101,67,52,14,62,10,51,67,26,122,11,89,27,22,43,255,82,153,71,55,17,18,17,28,118,86,159,84,168,23,58,62,35,92,85,56,6,6,100,78,61,86,49,29,126,175,14,52,42,44,18,22,12,27,69,73,27,91,62,21,34,10,62,50,63,22,46,19,56,9,69,178,26,54,76,18,62,35,19,79,27,1,76,10,69,81,52,18,22,50,10,116,8,2,88,55,101,141,44,24,69,30,24,35,101,47,23,36,64,34,14,0,80,10,27,36,65,51,155,82,45,34,39,12,45,74,45,52,29,20,90,22,111,86,201,35,47,55,2,25,20,36,23,3,12,160,55,72,53,44,303,6,110,42,23,57,193,101,46,45,72,122,89,24,111,273,36,40,111,31,66,48,87,131,45,112,103,38,158,54,31,18,53,64,59,39,41,45,62,68,52,58,29,9,40,4,23,53,29,142,23,67,63,64,15,46,97,189,72,60,153,108,20,14,31,40,63,50,87,31,36,139,3,29,35,15,52,23,107,9,156,69,59
S059,47,166,103,158,74,300,64,155,121,163,195,136,189,70,159,205,134,243,65,295,236,144,235,78,90,85,10,79,64,56,117,126,95,118,101,64,34,30,100,32,211,17,36,31,104,23,89,65,29,86,79,67,74,48,27,91,37,131,142,61,43,39,96,21,159,92,11,159,235,22,133,15,150,136,102,55,48,126,36,13,14,124,18,104,68,27,116,168,120,62,9,38,37,26,144,103,110,55,113,74,57,147,83,49,7,72,74,92,0,92,122,103,69,21,36,119,122,123,88,152,87,73,15,85,103,63,57,21,36,37,29,37,69,21,68,62,118,33,147,71,24,26,27,45,23,129,165,35,56,29,49,46,68,7,117,16,85,39,57,41,52,29,91,134,9,69,43,12,55,75,150,67,21,13,34,119,60,78,69,43,37,38,53,23,24,56,23,37,120,21,231,107,74,3,48,57,33,43,22,69,22,93,31,32,192,130,76,91,71,96,100,65,19,19,126,2,9,182,41,70,149,33,372,28,59,24,6,15,198,102,78,137,91,149,249,21,95,72,114,16,339,58,94,22,78,85,49,240,95,128,31,66,51,19,66,29,123,44,17,48,48,62,36,32,32,34,110,1,101,83,58,70,27,29,58,33,34,77,202,15,6,60,87,99,35,13,23,45,152,39,59,80,72,146,12,75,30,94,45,10,109,14,64,86,64
S060,54,175,96,122,48,351,100,36,39,155,89,52,54,37,54,57,105,111,69,103,76,130,136,28,85,12,18,30,43,31,117,50,78,69,68,55,24,21,27,27,26,18,66,31,60,31,88,85,15,34,50,71,85,36,36,50,45,43,49,101,48,94,42,12,4,70,24,96,51,15,127,34,164,129,94,64,66,31,29,44,44,102,18,48,12,14,55,141,31,39,47,52,73,4,93,26,82,40,76,54,132,57,53,57,36,49,9,29,1,15,37,131,62,45,31,74,34,24,46,16,29,35,8,41,30,10,116,57,11,39,12,20,24,24,34,3,51,6,42,23,56,11,38,122,25,164,108,36,17,50,6,45,8,7,19,45,29,61,28,17,33,17,27,79,3,11,45,36,71,18,55,35,23,41,49,18,83,82,12,30,88,18,40,20,47,35,80,22,124,8,68,35,54,35,11,40,36,10,48,15,20,50,45,17,80,136,51,32,46,100,36,38,14,13,61,6,17,57,71,56,35,21,223,21,21,18,35,48,81,79,67,108,40,44,29,30,57,76,40,61,75,63,38,2,66,50,31,67,58,92,63,8,47,11,56,24,20,85,41,21,29,16,10,57,16,9,18,14,40,44,17,48,30,31,35,39,11,36,56,67,24,7,74,26,54,11,8,32,75,11,27,26,23,61,2,13,36,48,41,28,80,6,30,31,22
S061,140,136,83,120,100,229,63,270,75,233,199,142,85,29,119,141,45,230,105,138,102,208,140,19,137,78,13,47,45,53,35,69,51,173,121,45,44,53,29,17,70,19,60,6,65,46,67,62,25,100,43,114,50,65,45,84,24,57,97,45,22,89,136,74,38,99,42,168,31,55,82,3,62,76,146,73,75,36,46,92,10,63,30,108,20,6,48,107,26,113,29,107,22,66,18,68,58,206,103,63,172,40,38,46,54,54,27,95,51,44,64,97,70,19,62,96,120,123,135,53,105,26,3,21,14,48,116,44,32,50,67,11,11,45,93,16,125,29,103,15,16,36,48,133,28,71,76,66,30,14,21,20,20,11,42,62,50,87,5,7,92,96,31,69,12,34,25,51,177,90,100,59,60,19,52,60,103,27,21,68,50,76,21,25,48,32,31,24,49,33,144,165,22,23,11,68,9,16,31,29,113,61,79,56,90,114,98,20,38,70,7,60,86,9,111,25,12,103,52,34,20,8,237,25,53,24,26,6,160,143,19,70,129,65,352,45,123,125,61,81,101,33,42,1,37,63,83,169,35,41,74,54,18,9,56,38,58,31,17,72,61,49,15,54,57,6,28,31,41,41,3,107,18,134,90,3,38,17,114,74,29,34,61,50,56,12,9,75,165,62,90,88,37,142,7,21,8,142,38,16,85,15,62,100,42
S062,13,57,32,60,44,59,40,40,30,72,38,39,39,29,40,26,19,38,21,81,53,34,34,26,20,28,22,46,16,18,101,32,49,58,60,39,37,32,22,32,49,14,25,11,58,47,42,47,39,32,43,25,73,46,30,35,22,63,15,17,13,50,59,16,69,80,25,107,68,14,78,11,96,87,58,9,46,46,22,32,5,92,9,38,37,23,51,49,21,102,27,14,14,9,41,17,41,47,88,51,193,38,11,47,2,34,11,63,12,5,31,87,53,31,38,106,56,39,92,50,40,30,19,13,21,26,75,48,58,26,5,2,32,10,46,68,75,8,25,11,37,21,12,16,17,44,29,1,68,19,7,12,24,4,45,9,73,26,15,9,25,60,31,58,4,7,22,6,26,48,9,13,5,10,5,48,24,27,42,29,38,26,70,20,75,25,25,57,18,31,54,23,36,11,14,79,42,13,36,26,27,15,27,24,46,104,36,13,46,87,26,10,32,24,58,2,3,25,7,16,44,39,83,7,41,11,16,23,74,32,31,47,41,49,99,6,100,107,44,10,71,20,53,28,21,15,16,44,22,30,35,35,8,20,8,47,71,45,5,40,25,50,13,49,11,8,34,26,61,40,6,39,2,11,15,16,7,11,48,45,27,37,45,18,51,19,3,50,40,19,51,12,53,29,12,13,33,33,29,10,22,23,46,30,29
S063,58,169,112,84,92,168,112,131,55,191,136,203,67,59,66,64,86,150,93,101,227,127,101,36,138,52,36,44,36,35,57,58,101,184,61,21,81,57,15,35,42,146,82,44,96,31,56,23,31,55,17,73,65,32,29,94,216,72,46,49,31,46,98,47,149,179,50,96,57,194,115,60,241,139,140,103,52,31,21,91,14,136,33,62,82,25,87,249,53,37,32,37,41,58,74,78,79,161,180,125,120,81,72,31,24,84,57,108,5,19,92,92,21,31,102,93,58,42,63,92,92,108,37,34,40,93,60,93,14,27,37,53,42,48,99,93,61,20,48,22,7,23,127,82,39,111,103,50,55,32,15,16,31,21,44,24,98,97,41,31,63,29,15,24,22,47,13,23,96,112,38,39,35,29,74,17,12,42,67,43,20,50,17,38,44,31,18,30,35,11,200,169,88,119,10,104,41,174,16,13,79,35,44,27,123,97,21,42,30,15,19,42,74,24,45,5,23,66,54,37,48,58,303,13,43,6,53,20,166,145,57,55,114,116,165,73,161,130,34,54,226,15,34,33,153,73,59,183,170,75,37,46,40,36,30,39,67,80,73,23,42,18,46,109,36,2,84,8,60,95,12,93,36,78,80,35,26,102,66,144,16,81,17,77,88,1,12,94,87,55,8,74,83,126,35,93,74,153,23,21,34,46,34,252,19
S064,35,133,49,102,33,105,88,65,44,65,50,90,99,17,51,59,58,44,13,62,31,72,100,19,25,67,8,33,41,32,69,45,43,87,23,20,56,31,29,72,53,64,44,33,24,39,46,30,15,52,72,33,49,50,42,55,8,29,25,33,21,45,112,17,35,58,45,43,29,20,98,16,45,42,21,33,85,13,26,22,4,51,11,41,41,51,21,54,51,42,24,122,14,31,49,28,64,35,97,41,79,31,38,23,37,38,57,7,7,51,18,46,59,12,29,77,38,45,51,153,34,48,10,28,66,27,40,60,11,46,9,19,6,15,34,49,43,42,62,9,21,23,64,111,27,99,25,30,19,41,4,26,10,23,82,30,77,37,31,16,45,30,4,108,4,61,9,30,112,45,39,31,19,14,38,18,100,38,71,47,23,63,56,19,33,9,13,38,121,36,85,47,38,17,13,18,24,47,13,40,52,43,38,38,57,58,74,26,64,38,48,51,22,18,31,5,6,135,19,37,60,32,163,5,28,19,59,22,213,25,14,28,45,70,66,32,81,61,25,21,106,41,21,25,88,62,43,43,52,62,69,21,8,30,37,15,37,75,9,46,19,23,21,51,35,4,51,20,20,44,5,50,23,71,35,14,2,45,78,86,49,7,45,54,42,1,21,24,100,50,30,45,52,51,20,14,67,40,67,15,101,2,106,87,43
S065,22,68,55,66,93,97,49,41,18,20,82,66,20,39,65,53,49,45,29,39,43,45,53,2,43,27,20,31,33,45,55,57,23,31,41,43,22,37,28,40,100,26,49,20,82,25,71,43,18,58,57,26,50,73,85,39,15,49,17,41,12,17,22,4,29,56,25,70,33,70,73,32,53,79,103,7,22,10,0,77,12,42,3,58,17,17,63,79,23,50,34,28,49,29,21,2,61,14,79,60,59,16,38,58,26,46,22,27,5,19,60,49,72,30,34,90,44,80,115,93,89,37,7,37,22,60,63,58,1,28,25,31,10,30,59,12,11,14,25,12,15,34,56,42,22,61,25,10,9,16,11,6,16,13,52,3,21,61,19,5,26,42,1,79,10,10,27,53,64,11,41,16,7,16,86,37,12,9,20,20,37,85,16,30,16,19,15,36,29,15,40,51,20,11,10,47,18,10,14,88,56,23,59,11,105,88,27,19,79,106,23,8,16,8,48,2,7,37,57,16,10,36,178,20,11,22,15,16,89,27,27,22,46,70,129,27,40,77,18,31,85,6,32,6,25,56,69,17,10,62,29,34,34,69,23,10,16,56,22,81,19,41,6,22,39,13,10,7,38,89,2,39,34,35,24,10,12,13,25,116,16,47,49,55,61,19,6,55,30,27,30,42,19,73,21,26,24,68,37,6,28,18,22,16,27
S066,105,126,95,211,122,208,153,152,127,155,152,309,118,148,128,135,84,124,79,181,142,186,201,80,148,34,48,33,111,36,123,46,73,62,42,45,79,46,54,48,63,25,75,23,43,19,115,89,48,44,123,74,144,123,78,70,57,162,65,28,22,51,123,13,26,49,26,58,18,103,161,24,106,102,44,82,81,43,6,87,22,232,11,81,27,19,117,92,75,70,54,53,77,44,46,53,50,60,114,116,170,17,79,109,53,70,36,151,19,27,185,59,34,26,42,123,65,74,66,72,67,57,10,61,63,83,41,105,21,23,15,64,27,16,38,39,36,17,102,20,34,57,122,62,44,50,49,7,45,30,36,43,44,10,18,60,48,33,29,25,49,55,15,121,3,86,34,16,84,23,49,72,34,3,106,38,18,55,55,73,19,18,65,24,35,15,22,84,93,21,70,92,38,18,19,13,29,33,30,9,25,50,31,21,61,145,55,55,77,94,75,19,55,62,56,0,6,105,44,36,55,48,328,6,57,47,13,24,43,132,47,110,17,123,106,57,71,134,74,22,146,31,68,31,64,136,60,81,149,64,37,24,55,72,70,29,58,38,8,27,48,14,47,104,59,25,49,16,46,47,18,48,36,89,52,70,1,25,42,13,31,69,56,29,47,25,19,55,24,41,29,31,79,89,14,33,17,168,38,15,98,5,96,96,27
S067,62,119,95,65,120,167,158,130,75,99,92,222,75,46,142,111,73,182,65,110,74,166,142,47,118,99,109,100,68,74,111,99,74,75,97,59,66,104,67,60,128,32,72,68,51,147,165,150,116,291,151,156,95,94,42,40,41,145,14,77,20,74,99,51,20,156,33,125,80,36,147,8,173,105,274,115,189,50,23,151,73,133,46,78,43,102,216,283,107,156,23,114,26,36,52,59,71,130,112,204,115,41,68,16,70,79,32,98,33,58,104,174,37,59,63,91,38,89,84,95,69,57,18,7,72,85,104,50,70,17,88,70,52,35,54,15,55,52,123,24,15,30,159,63,40,103,57,124,73,63,19,33,9,9,86,33,53,53,103,25,24,87,37,94,37,5,65,29,45,33,119,50,32,17,27,40,59,183,55,164,102,88,41,63,19,28,73,2,116,56,108,159,101,24,23,198,139,35,57,39,74,55,43,45,63,88,137,46,81,26,22,56,111,14,161,1,17,138,90,61,79,48,208,50,59,16,12,29,177,53,32,109,77,130,162,29,107,194,21,10,68,53,63,31,61,90,60,137,193,77,116,34,13,104,217,107,45,56,43,99,81,77,35,68,46,47,34,12,80,72,25,110,46,121,67,66,7,51,54,165,46,33,60,25,25,65,19,69,187,21,17,143,71,219,60,162,86,71,96,22,70,37,69,69,85
S068,12,32,29,53,3,57,17,40,14,32,36,40,26,26,34,38,15,27,19,23,34,51,35,7,33,23,7,60,59,16,37,41,38,43,79,33,54,44,18,11,82,13,15,7,30,24,18,21,19,21,22,15,24,42,15,29,21,58,13,22,14,16,34,67,41,54,35,138,46,63,59,13,87,64,46,14,47,23,14,56,11,122,11,47,52,32,109,228,28,90,7,46,30,11,28,89,54,61,45,26,106,7,28,7,18,22,33,38,12,27,41,23,24,11,51,85,25,31,15,28,47,35,26,22,63,34,37,44,7,10,25,39,9,25,49,4,48,16,43,6,16,3,49,63,4,138,72,14,13,28,38,9,4,7,41,20,41,50,43,16,63,22,20,58,8,2,32,18,53,26,51,39,17,42,30,38,54,29,5,52,41,27,22,12,19,67,35,17,64,14,157,207,89,18,5,30,54,22,16,30,34,29,55,56,83,80,35,5,46,44,19,11,47,5,31,4,11,90,40,36,20,7,242,35,49,65,9,5,132,48,15,38,59,39,43,35,62,65,48,77,66,65,67,15,40,33,21,50,149,18,60,10,23,99,14,3,41,11,15,41,57,21,48,23,48,24,24,4,48,42,17,8,6,46,20,9,12,13,57,51,1,44,110,41,50,30,14,50,84,15,28,13,33,58,6,54,39,23,21,17,67,47,39,8,32
S069,9,35,16,36,34,69,26,74,37,62,71,55,26,41,71,33,53,82,22,88,63,93,22,40,26,50,11,26,18,25,74,47,45,74,52,59,69,40,15,51,50,28,40,45,38,26,34,51,10,40,26,44,36,34,41,70,27,39,37,41,16,22,43,9,36,59,63,80,69,41,84,7,93,79,45,39,68,44,6,16,2,145,15,28,13,25,33,79,76,40,25,14,24,30,21,43,48,81,28,52,104,10,26,6,29,82,33,26,13,13,27,89,23,44,14,38,47,39,34,162,89,49,13,12,98,50,52,39,26,19,47,41,13,22,45,45,43,28,64,52,37,1,46,65,18,22,68,26,29,6,49,11,18,2,37,17,51,22,40,17,26,62,23,39,59,26,52,24,17,75,45,25,7,32,34,81,11,20,27,45,64,42,45,15,17,91,22,44,28,17,127,76,49,1,4,41,32,19,25,17,37,30,38,37,62,164,73,32,38,41,25,19,89,31,43,0,1,113,70,14,18,21,166,18,30,26,27,28,151,103,44,24,38,120,52,4,32,44,29,24,47,30,91,6,94,30,19,47,82,64,71,16,30,56,17,17,19,51,33,59,61,13,11,38,28,34,18,27,97,56,29,13,14,27,23,23,8,54,62,52,25,38,72,19,19,3,23,30,61,27,27,51,45,68,5,28,89,13,42,68,43,7,28,57,47
S070,41,39,51,92,28,58,70,57,34,73,95,42,44,6,41,24,27,71,53,58,51,100,59,6,27,28,31,30,56,59,73,54,23,48,110,34,38,24,14,15,97,31,41,71,40,86,47,107,13,138,67,108,126,46,45,38,52,37,22,45,25,54,18,36,39,37,20,85,33,103,115,16,74,95,97,20,103,41,6,29,17,55,51,54,11,22,46,92,27,109,46,138,59,8,33,19,59,104,101,81,159,21,43,74,37,39,51,72,11,33,50,71,49,15,55,24,24,54,44,72,15,36,1,15,88,71,72,109,41,16,22,37,15,22,78,45,83,15,70,4,23,13,52,50,15,32,120,32,16,28,26,33,46,8,38,50,73,32,27,46,94,36,47,72,25,23,72,41,90,7,52,30,60,18,26,48,42,58,16,22,48,58,47,4,41,38,14,8,107,10,58,91,40,20,32,29,31,12,5,30,42,72,51,56,41,113,144,11,41,67,10,12,35,10,61,0,33,70,68,11,35,48,117,24,20,21,9,11,151,70,25,24,46,89,33,48,31,43,70,32,124,50,50,1,130,66,13,54,35,29,28,31,39,62,48,40,71,22,30,41,26,110,13,106,22,37,30,12,12,49,7,75,60,78,28,15,11,26,46,70,53,23,33,37,47,21,22,68,26,14,10,15,29,112,16,59,31,69,80,34,13,19,44,91,45
S071,25,34,11,66,26,53,20,69,14,72,46,65,47,37,32,36,20,61,16,31,68,77,43,13,27,36,19,12,62,22,48,26,62,67,25,49,26,46,15,32,89,27,41,29,24,10,19,33,25,17,22,30,10,27,27,69,19,76,62,19,23,24,64,51,28,119,8,141,75,63,58,23,68,86,45,64,50,50,3,72,28,80,2,48,24,73,102,168,26,55,63,66,63,25,51,19,67,62,41,119,89,20,125,50,14,101,37,78,4,22,59,55,46,36,20,55,28,29,89,133,74,7,1,14,70,25,30,29,35,7,10,51,21,32,65,31,81,19,65,31,32,56,42,46,21,68,60,29,23,27,64,19,21,9,66,24,64,29,58,23,16,17,13,113,14,28,67,24,15,46,27,25,23,29,10,19,55,74,31,56,12,30,61,18,34,23,67,18,61,63,134,72,46,14,27,20,37,49,22,50,30,27,13,24,127,121,64,19,24,32,19,6,63,16,64,3,1,65,65,14,75,10,168,1,41,41,29,32,127,156,15,45,21,66,135,34,73,92,34,13,144,36,75,5,103,87,46,48,39,58,61,46,18,33,32,4,24,37,28,8,63,28,25,33,27,7,26,22,43,126,29,89,34,84,88,9,41,60,74,85,23,29,90,24,90,23,10,28,23,7,10,46,31,66,7,33,47,51,54,12,15,11,48,51,25
S072,68,61,109,195,134,162,55,122,56,132,118,164,161,105,146,82,149,240,83,107,120,160,90,32,96,52,18,34,110,56,38,40,55,79,25,47,86,64,111,45,64,29,90,33,115,38,129,106,32,18,30,31,117,74,93,21,55,67,29,24,66,44,50,31,18,62,48,329,70,49,152,13,113,71,29,24,24,64,6,169,3,156,37,46,64,6,130,114,80,107,22,64,73,34,29,55,73,87,92,104,123,41,65,52,21,68,50,43,17,41,110,21,67,68,74,36,65,35,95,77,42,131,75,20,111,88,131,44,24,28,42,69,14,7,18,66,71,13,155,5,49,6,178,71,43,92,125,24,19,26,22,33,15,32,74,9,49,43,9,29,32,42,29,99,22,7,31,77,33,42,88,39,14,12,13,44,81,149,42,112,37,51,51,22,33,18,47,30,91,32,127,123,67,36,24,40,34,37,63,20,112,61,53,31,57,68,86,38,44,32,86,51,47,23,122,9,38,245,32,48,66,98,146,105,41,17,28,27,178,37,78,144,89,126,121,17,127,158,125,64,165,15,55,7,85,87,26,99,43,31,104,35,15,62,16,50,14,22,11,47,46,11,23,78,34,3,58,18,56,67,22,138,84,35,24,59,43,34,64,74,17,73,92,74,35,34,19,70,45,96,56,66,37,85,20,38,55,38,86,118,33,27,25,20,26
S073,29,103,37,132,93,108,46,84,67,93,64,99,109,65,21,84,31,158,55,101,133,104,215,18,96,19,21,25,50,116,42,52,68,57,20,22,88,44,73,21,113,25,48,31,3,37,82,39,25,43,30,86,56,60,42,85,24,78,26,39,26,28,48,41,28,23,61,84,32,29,113,15,86,107,56,76,97,17,1,40,9,32,7,54,16,20,81,130,89,61,30,78,48,19,57,30,64,46,71,119,86,5,29,15,23,58,90,46,3,17,107,136,31,20,84,58,60,19,110,165,26,40,1,42,11,35,54,37,39,11,21,18,35,24,68,42,50,28,106,33,18,9,35,20,18,73,58,39,46,37,10,13,9,8,7,42,41,59,52,23,72,59,33,76,4,82,43,13,77,78,116,47,47,6,50,55,57,62,102,56,32,67,24,6,17,25,30,15,52,88,61,38,62,22,28,40,77,29,69,19,18,35,33,43,111,56,53,18,64,98,50,81,47,6,49,1,3,79,22,38,9,23,155,10,26,15,26,25,60,50,19,27,39,232,138,38,51,59,40,62,144,33,60,12,41,52,33,30,49,29,29,2,20,21,32,7,23,29,10,40,35,76,29,48,27,2,42,30,15,56,4,92,73,70,54,15,16,13,44,42,5,18,19,52,31,11,18,46,81,28,71,63,11,50,31,19,25,50,30,36,13,82,71,58,62
S074,74,104,182,201,181,507,182,313,97,185,247,282,222,60,157,138,98,261,167,257,191,256,338,19,241,54,21,60,38,43,92,40,62,52,41,41,34,47,12,41,70,18,64,11,31,40,251,123,98,207,89,159,116,259,126,64,61,35,45,91,35,35,42,32,52,120,28,72,72,76,34,31,124,92,89,78,83,26,13,86,35,123,7,75,55,31,140,68,65,82,37,24,21,11,38,18,68,65,61,47,147,23,23,14,20,18,125,26,1,54,93,41,36,13,73,133,52,22,12,67,18,36,79,25,82,20,106,43,14,13,26,33,10,6,18,58,15,13,102,22,23,17,85,107,1,80,84,14,103,32,28,6,31,3,56,48,87,72,12,25,54,30,71,108,27,18,43,47,64,16,22,29,27,26,32,67,56,19,26,50,53,40,9,3,22,25,36,6,44,61,129,73,99,47,4,38,37,8,5,19,26,12,61,43,43,83,62,29,151,139,38,35,39,11,32,7,78,140,97,69,63,19,361,22,32,48,17,26,186,112,19,78,61,114,131,13,22,60,51,53,102,46,25,6,31,25,28,33,119,46,72,25,62,83,9,41,36,106,14,88,96,3,33,84,51,21,41,33,47,94,0,24,17,22,18,20,23,57,33,34,27,35,21,68,28,26,27,34,83,20,26,86,25,58,5,63,36,21,65,36,46,6,31,34,53
S075,78,127,73,158,129,197,135,107,83,51,283,124,145,174,118,169,42,153,62,109,98,202,121,30,122,33,45,212,62,76,68,59,95,110,84,77,80,111,38,40,129,59,36,67,50,165,63,148,60,90,183,114,134,155,95,114,38,104,21,35,21,10,54,22,61,85,19,121,80,34,130,21,49,133,74,27,39,21,39,118,11,108,8,48,29,7,55,113,29,53,35,11,10,22,12,53,104,137,63,71,229,25,54,48,8,101,52,56,4,29,36,55,47,114,79,62,191,44,44,142,68,84,9,61,85,53,83,29,28,43,21,21,65,18,65,22,60,26,109,25,41,32,158,23,58,51,116,19,70,20,29,44,12,27,70,51,61,57,98,21,40,107,6,145,25,12,58,16,65,45,90,44,48,21,86,25,42,89,32,72,54,70,29,26,108,72,78,25,71,18,173,97,47,22,16,45,27,38,51,22,7,90,85,45,75,194,133,76,23,79,14,87,83,17,126,30,2,157,81,43,38,27,176,42,17,21,3,45,324,237,60,189,35,94,196,17,122,125,147,53,203,29,47,47,23,127,53,52,106,104,43,39,21,116,45,36,28,100,32,92,24,83,22,136,154,31,14,17,49,73,62,25,48,30,49,20,30,117,20,137,6,19,87,41,77,4,16,78,55,71,59,59,88,116,10,28,42,55,58,34,45,4,111,88,57
S076,47,44,72,54,40,93,45,43,28,35,32,60,27,24,42,51,24,76,11,85,84,38,62,4,34,35,46,64,15,28,48,42,74,72,21,48,123,69,37,33,63,17,83,19,41,41,43,18,25,26,57,62,27,37,53,92,6,77,45,81,10,60,62,6,39,38,5,66,62,96,78,13,76,74,49,59,55,21,40,52,14,112,5,71,52,18,72,157,6,72,53,55,35,15,40,26,27,80,45,104,119,28,48,47,52,49,62,27,13,68,18,128,43,37,95,97,19,39,97,70,88,52,12,26,75,20,65,57,4,28,23,75,29,15,33,62,63,51,85,12,72,25,71,28,22,75,51,50,29,23,13,28,20,2,33,25,88,58,76,4,21,44,29,87,18,15,20,10,66,40,43,46,9,41,30,60,193,23,49,40,32,24,74,19,33,29,18,4,64,23,41,53,87,27,16,102,24,25,3,20,59,99,45,15,103,149,49,9,15,59,6,50,51,50,76,22,10,48,54,29,28,43,68,17,63,24,5,29,93,47,51,63,29,74,98,16,119,96,24,23,75,5,43,7,64,30,40,81,108,88,94,7,23,53,66,17,94,74,9,50,29,35,33,65,42,4,26,15,40,35,3,40,47,7,39,8,16,18,66,80,10,33,131,51,34,31,2,31,74,8,43,79,96,67,25,28,36,44,13,7,64,2,48,42,99
S077,51,118,52,114,66,89,101,110,28,156,91,108,98,47,80,76,46,95,62,46,78,101,86,16,43,49,53,69,56,41,74,30,80,88,42,18,74,57,71,37,66,26,61,124,70,41,48,80,65,125,103,69,96,30,27,103,83,193,25,35,27,145,41,52,55,99,11,207,48,113,256,28,113,95,83,33,159,29,16,201,28,145,17,106,69,25,103,127,57,36,66,109,48,5,87,118,38,109,69,122,150,24,78,54,52,51,57,80,43,96,80,96,133,122,81,50,47,157,109,58,83,63,34,28,73,50,23,50,37,24,31,28,52,43,60,19,183,22,135,20,77,37,56,37,33,42,145,15,27,21,88,21,25,17,81,32,89,30,84,13,8,19,14,87,28,74,14,25,92,33,43,44,3,72,102,89,24,131,29,96,58,29,39,74,35,39,15,6,95,30,175,146,37,6,13,104,87,83,10,17,66,46,55,44,117,141,99,21,55,57,43,45,30,53,65,3,1,73,103,32,54,9,301,16,82,7,5,53,181,119,41,51,58,53,191,3,52,144,41,15,158,35,91,15,73,84,29,36,27,160,17,101,16,28,59,25,90,95,9,8,62,27,5,107,21,27,28,25,65,24,20,43,28,76,16,89,37,25,44,156,19,111,104,39,67,40,28,37,153,75,78,62,27,62,45,61,13,61,74,45,44,21,34,199,31
S078,48,60,27,37,63,193,35,75,11,89,50,38,43,11,35,39,32,78,70,126,43,75,46,8,50,31,9,45,66,36,157,58,53,65,36,67,34,31,28,58,57,28,27,39,41,6,54,73,17,41,32,24,14,37,14,86,50,54,86,55,45,43,41,28,56,18,30,125,115,48,125,24,56,46,53,34,42,53,36,27,18,109,21,71,40,10,57,120,6,166,53,13,20,9,57,49,27,35,30,81,184,10,21,55,7,74,29,105,8,52,83,37,19,14,106,49,31,33,52,60,91,25,28,38,53,40,49,25,28,20,48,7,27,41,30,10,45,24,39,27,17,32,43,34,21,77,53,37,25,115,19,5,9,10,37,3,65,53,29,2,32,31,14,99,20,34,50,26,139,67,82,65,2,3,48,44,20,49,20,34,59,46,39,40,30,6,31,26,103,20,56,41,178,9,44,97,17,61,2,48,12,22,19,28,31,104,142,50,27,80,35,44,32,21,30,7,26,76,37,25,26,57,82,57,27,32,5,36,146,58,74,11,69,131,76,8,42,40,48,12,104,31,57,28,59,45,27,89,48,82,23,11,8,27,68,43,38,73,7,30,13,23,28,48,49,15,73,30,41,61,14,170,47,25,55,29,6,11,67,121,19,84,87,103,59,19,5,63,106,21,10,6,38,69,29,27,4,52,16,10,101,19,17,106,74
S079,30,81,33,63,63,92,58,111,34,88,86,118,91,21,42,44,29,53,20,60,53,65,69,31,50,39,46,45,18,75,36,20,65,56,24,12,52,49,59,58,107,10,24,68,6,179,105,243,99,111,117,111,94,133,43,32,8,90,50,43,35,114,36,18,59,22,4,92,42,33,29,15,57,16,14,26,22,28,14,27,26,48,4,32,23,28,75,131,18,34,54,49,11,17,38,41,41,40,140,73,75,22,50,91,36,37,29,35,6,35,86,74,34,12,66,56,22,61,76,36,109,36,16,12,34,26,55,34,16,8,40,36,15,31,65,8,24,1,63,23,35,11,13,47,8,65,39,24,65,27,24,35,6,12,36,58,56,81,28,10,58,68,35,53,18,25,13,20,75,23,58,51,5,0,21,20,43,37,50,46,34,35,23,36,36,31,27,7,33,14,132,83,57,31,26,39,40,5,19,3,31,27,15,32,76,174,101,12,20,57,29,16,5,3,28,12,4,125,17,42,63,59,168,7,10,41,10,22,266,75,60,32,56,90,93,27,68,124,39,77,55,14,39,1,59,17,10,33,60,20,76,19,5,45,33,22,18,43,4,39,5,10,14,43,13,32,23,2,35,25,34,61,36,18,30,80,25,20,22,53,21,24,84,9,54,18,27,88,127,25,71,61,37,148,16,10,13,60,81,15,25,13,29,66,73
S080,57,77,43,56,81,145,42,120,29,75,68,89,41,40,80,21,69,58,46,52,54,53,51,22,67,29,22,25,31,41,47,34,91,69,25,16,30,22,36,11,40,17,55,19,63,20,66,27,21,21,30,51,37,22,34,64,40,44,19,63,12,24,45,6,55,73,26,119,29,26,45,12,90,48,48,52,30,5,38,41,4,82,7,28,40,2,55,121,20,77,29,23,28,24,56,49,54,52,71,39,79,7,28,26,13,25,20,14,20,49,21,18,53,21,55,26,72,15,86,139,43,53,13,14,51,82,40,17,13,16,6,24,20,25,5,17,36,38,67,20,41,19,37,27,5,80,86,27,13,22,27,6,16,36,47,23,57,25,28,6,13,60,29,89,29,5,16,11,40,22,45,32,73,7,12,15,24,34,28,14,36,20,22,35,35,35,11,6,29,8,138,79,37,7,11,32,34,12,34,10,19,30,53,25,30,145,58,37,25,45,21,10,30,10,30,5,2,26,28,10,31,25,104,18,32,8,9,26,41,38,54,53,46,16,97,32,74,41,25,11,105,16,32,22,84,30,11,79,48,19,61,27,9,89,16,9,37,36,36,28,26,14,3,56,28,34,25,0,30,98,23,31,16,13,16,42,5,23,47,66,16,14,52,49,54,4,7,37,39,23,12,0,34,115,18,15,20,34,12,6,67,9,36,10,17
S081,64,115,92,182,176,222,111,171,50,220,121,111,136,48,87,69,76,167,56,127,90,236,107,70,101,89,44,88,41,130,62,67,114,179,54,176,110,12,44,71,158,33,18,38,87,51,107,102,127,49,13,198,139,80,48,151,53,85,67,67,34,105,233,41,61,60,70,116,186,106,221,36,191,193,198,62,75,62,47,121,23,239,39,29,36,67,107,338,42,90,154,62,62,52,54,92,135,62,120,106,183,29,89,159,33,53,82,285,10,55,128,196,49,174,93,188,82,34,64,248,26,61,43,59,47,77,192,76,30,90,39,102,59,52,71,51,105,83,155,17,57,129,85,96,90,116,195,79,67,31,22,147,28,9,52,85,46,46,172,17,17,104,55,172,40,32,115,16,123,46,57,40,60,40,35,59,88,53,29,27,91,87,58,17,50,25,83,55,70,101,246,116,64,3,18,80,57,14,211,42,63,81,27,45,373,332,125,20,32,97,153,125,207,22,96,19,43,164,107,175,112,96,819,7,91,26,42,96,184,113,58,94,368,91,220,127,173,106,107,106,132,42,96,62,65,306,97,216,172,146,138,84,22,42,38,32,114,102,39,59,12,32,27,76,64,31,115,1,141,69,1,105,62,56,65,100,39,121,68,222,23,47,175,143,85,64,16,163,108,84,125,124,30,99,83,72,48,92,88,105,111,28,104,36,165
S082,28,29,17,37,17,84,40,38,63,58,48,62,22,31,45,23,57,54,58,81,39,39,53,26,51,17,35,80,55,17,36,83,59,93,35,23,43,41,69,55,41,4,85,34,37,47,151,155,41,33,120,51,25,78,87,43,27,34,55,50,8,74,60,35,32,98,46,151,103,69,230,24,88,71,102,9,82,26,8,113,31,140,5,17,26,38,39,60,42,77,26,76,53,14,126,35,26,74,54,171,268,18,53,138,8,68,65,35,6,48,122,100,73,55,36,69,59,72,76,74,22,7,34,57,156,57,47,20,10,101,29,43,22,60,59,53,40,2,51,33,25,24,92,18,21,56,119,33,47,36,32,15,23,0,54,23,56,63,20,22,30,45,15,42,15,13,26,35,32,35,60,39,91,18,161,82,46,72,68,33,12,110,46,32,27,55,21,37,50,27,136,116,106,28,16,50,58,51,41,27,19,16,17,32,79,85,58,8,65,25,20,58,77,15,35,12,34,123,60,52,36,33,126,8,33,16,15,63,233,29,29,61,80,183,109,39,23,56,53,43,150,66,103,10,51,48,33,56,78,31,49,23,46,46,32,20,103,26,14,61,4,20,35,101,90,28,31,24,54,31,59,177,32,85,45,28,11,8,177,85,29,18,37,122,78,5,10,53,114,19,53,24,46,170,47,35,48,48,69,19,34,28,21,76,35
S083,62,132,190,147,191,172,47,228,76,264,167,139,192,53,64,97,138,181,68,119,65,189,256,30,116,52,15,41,113,47,36,52,105,114,88,79,85,95,54,34,52,14,77,48,61,61,113,65,17,75,79,26,82,32,44,34,50,59,89,95,29,105,105,32,16,121,12,133,135,90,174,20,57,65,123,92,36,6,39,86,9,94,10,42,40,19,29,57,74,44,59,60,37,8,79,18,93,85,65,182,191,46,45,56,22,56,13,62,0,33,130,64,87,13,50,105,26,46,73,145,24,83,6,33,17,47,39,79,13,8,28,6,12,57,47,25,143,3,135,29,14,63,38,122,24,151,90,12,42,35,5,66,23,7,61,33,108,127,63,15,60,40,28,38,37,41,18,49,59,66,46,38,12,38,48,105,58,52,69,77,124,52,46,15,102,15,56,57,87,56,172,310,30,30,16,34,22,29,24,15,58,18,32,27,84,236,118,37,40,68,2,30,61,15,41,10,19,93,89,42,118,68,267,43,26,4,3,46,157,151,32,19,109,81,95,49,94,102,69,50,86,35,60,15,94,41,29,31,119,66,101,26,37,52,37,19,58,92,31,46,47,7,51,47,79,10,60,9,37,23,6,188,57,35,40,82,61,63,96,121,10,74,141,16,49,4,13,98,33,22,33,70,65,165,18,62,24,43,28,20,67,2,97,141,38
S084,29,123,57,64,39,62,87,80,35,105,97,86,25,69,56,53,39,63,33,65,88,99,65,16,41,56,28,58,70,59,140,35,35,105,68,67,44,75,73,76,49,5,62,31,27,35,41,108,10,82,34,36,19,69,59,21,24,141,47,26,14,56,189,24,103,155,69,93,53,15,96,16,98,76,65,83,78,62,7,58,1,103,23,59,32,39,64,117,26,76,42,61,70,34,50,36,54,55,45,86,117,8,88,69,19,26,57,46,36,20,128,30,70,74,60,51,88,58,51,75,78,32,13,78,37,51,84,47,22,24,13,36,14,46,51,47,82,35,98,39,74,40,45,43,57,80,62,23,28,69,36,31,50,4,31,27,28,54,63,9,79,23,20,101,54,36,53,35,70,100,122,9,9,42,31,37,24,71,17,70,50,70,24,43,70,83,30,5,151,17,241,147,137,18,14,68,68,7,56,29,57,80,39,77,207,139,83,21,39,95,60,14,38,20,75,16,32,63,34,33,57,71,139,5,33,47,2,29,119,35,20,78,27,180,68,15,87,80,37,50,222,22,62,30,170,134,26,99,95,194,47,33,27,45,35,7,37,25,8,100,57,15,31,52,15,4,68,10,74,52,3,161,29,28,93,11,4,43,25,58,5,18,72,8,67,1,40,46,20,33,47,47,77,45,28,101,11,102,23,24,111,12,37,38,93
S085,76,94,51,92,104,92,100,121,47,118,127,97,78,43,35,62,62,84,31,57,79,132,94,36,54,51,35,27,26,22,120,47,59,68,36,14,60,52,88,48,139,46,93,62,70,22,37,115,37,37,9,61,79,29,36,58,79,108,59,63,23,136,83,7,20,64,11,69,92,123,49,29,140,67,94,33,88,49,26,115,4,97,15,125,31,61,64,85,99,78,39,99,79,32,98,47,41,55,107,118,72,97,27,57,29,63,15,69,19,62,139,169,30,60,49,55,79,58,94,57,49,54,22,48,53,76,31,93,26,22,21,28,27,67,51,188,86,24,137,14,36,74,35,70,4,66,83,6,40,23,36,20,2,12,120,23,63,43,59,19,33,93,20,88,148,42,98,27,88,65,68,25,17,19,30,41,53,46,58,97,5,130,24,14,71,84,43,39,56,28,51,144,52,11,38,62,25,34,60,5,23,53,29,35,72,128,64,34,87,45,31,32,66,24,59,14,3,69,66,33,25,30,173,9,56,4,25,18,155,139,48,56,108,130,123,40,43,216,59,69,88,38,76,23,80,63,54,151,55,31,76,29,28,114,33,25,32,35,52,35,55,30,33,73,47,50,77,18,81,81,24,142,150,25,63,49,12,43,43,198,22,49,116,45,63,48,28,51,122,32,75,48,67,95,7,20,85,89,95,9,10,23,43,133,26
S086,63,120,39,99,75,236,111,169,55,102,96,180,48,57,53,130,89,97,52,91,98,74,96,16,96,55,39,29,50,40,55,67,88,58,68,25,47,81,45,51,229,82,101,22,54,80,117,148,44,38,30,43,60,47,42,82,79,80,16,73,29,79,42,87,44,98,8,82,155,66,72,13,204,167,26,23,34,63,57,76,2,70,21,11,15,90,200,174,47,99,50,82,40,2,45,81,88,47,101,45,152,20,60,99,49,92,29,43,4,57,40,206,84,8,108,40,66,42,43,73,32,73,9,13,85,100,84,61,12,4,59,32,44,15,76,90,39,27,25,15,31,19,88,62,8,116,48,25,56,6,42,36,79,11,64,52,188,26,74,42,41,41,26,75,38,27,35,41,39,31,48,36,80,10,48,95,44,95,51,75,53,48,54,15,67,29,38,35,84,64,112,152,87,30,36,82,39,37,71,22,114,65,39,30,163,135,69,52,22,74,73,39,32,43,90,17,43,69,164,80,45,36,206,20,46,44,5,30,135,85,51,24,44,104,33,22,50,136,29,25,166,64,98,16,65,39,51,76,79,95,39,48,47,29,30,72,18,142,95,27,52,54,27,113,13,23,50,18,28,188,59,38,41,37,42,55,9,38,119,24,18,28,96,30,42,40,10,51,103,15,50,54,32,73,25,44,68,92,46,27,91,19,44,101,76
S087,75,124,168,375,267,319,136,239,58,350,126,147,140,80,162,170,119,215,80,350,265,324,181,36,115,80,40,61,95,84,103,107,122,193,148,34,123,104,51,124,263,36,235,39,59,21,100,82,23,119,32,141,197,79,79,129,90,147,48,44,51,155,50,46,125,91,49,197,80,25,198,55,105,86,74,115,92,58,16,90,26,119,8,54,129,56,109,235,27,171,110,243,61,10,95,30,183,155,83,144,102,83,212,77,53,92,36,85,2,37,140,133,52,43,112,229,164,83,131,293,146,116,84,106,46,97,130,76,40,27,78,150,45,23,78,35,51,52,192,54,39,26,39,106,19,256,86,73,16,26,36,10,60,10,25,37,188,35,88,28,54,122,35,235,42,50,54,96,209,69,103,13,41,122,110,135,87,131,48,88,90,72,53,10,104,40,123,57,94,113,243,270,161,8,63,77,86,57,71,43,22,34,53,69,158,238,261,31,100,313,52,27,78,89,70,22,29,101,207,14,147,158,502,20,96,86,74,93,195,241,66,208,118,178,215,38,287,313,122,48,119,114,172,40,180,148,61,310,157,107,56,103,70,86,35,87,75,126,14,15,82,190,26,97,67,55,67,19,156,99,7,90,59,132,99,86,106,87,51,103,68,105,60,87,213,9,50,103,156,99,116,75,78,258,24,26,20,89,61,17,51,56,89,117,46
S088,42,102,77,99,100,177,81,66,33,134,71,72,89,58,34,74,31,79,139,99,72,178,190,29,70,55,20,26,28,30,41,65,48,71,45,57,85,66,55,44,28,27,53,7,19,39,62,99,70,65,140,117,63,82,33,61,22,48,15,35,10,28,132,6,13,87,39,109,111,28,89,23,76,102,55,84,51,31,10,34,18,68,14,54,28,27,55,93,35,23,46,49,26,4,63,40,43,80,79,114,83,4,64,17,5,36,22,22,1,27,58,52,33,34,87,44,52,28,80,100,52,62,45,48,84,22,103,75,5,65,15,22,33,25,19,41,71,25,86,16,33,71,36,116,17,62,77,14,40,21,32,12,13,2,41,26,36,24,31,14,44,57,15,55,49,17,27,15,70,104,49,21,61,2,27,18,76,26,15,27,29,26,8,14,14,25,20,14,62,13,64,155,12,15,13,32,21,35,32,75,82,36,57,17,52,87,54,26,14,58,24,17,36,22,64,10,11,106,23,26,18,3,177,22,6,16,14,38,276,133,51,56,82,56,162,3,243,109,37,20,96,27,46,10,88,38,16,46,84,85,46,33,14,32,23,5,38,24,15,4,29,19,46,67,53,27,41,4,46,67,24,165,28,28,45,13,22,28,81,56,17,17,127,18,26,11,1,26,49,35,34,24,39,42,33,77,17,42,53,1,46,14,27,49,24
S089,131,234,52,134,55,157,90,129,142,112,148,120,112,49,36,96,161,134,86,179,97,231,111,35,147,57,26,25,59,45,38,25,29,49,44,57,21,30,17,33,70,52,17,6,47,64,51,121,30,132,31,31,59,183,52,59,47,22,12,40,18,48,116,36,35,32,21,84,62,42,96,11,55,35,81,141,41,34,4,76,12,64,25,8,9,22,122,55,16,77,10,27,16,16,56,37,111,53,33,41,50,8,38,19,41,19,24,94,1,29,44,36,18,11,100,19,60,39,43,47,79,50,15,33,10,50,43,31,37,6,47,20,48,34,21,12,61,16,21,8,9,57,36,66,32,52,38,18,8,24,2,18,21,0,41,13,42,117,54,9,39,29,5,66,14,15,28,10,51,60,32,18,19,14,27,45,35,80,34,30,20,93,15,67,21,19,27,2,80,27,122,41,39,1,15,63,33,13,40,16,141,38,28,11,37,127,25,32,12,39,15,26,34,4,36,5,8,220,83,38,15,30,85,12,10,13,17,4,96,102,32,28,67,56,172,42,99,69,27,45,124,34,38,24,66,53,8,166,51,104,70,43,11,50,17,56,16,17,21,12,11,12,19,41,40,25,17,7,22,29,1,33,4,26,42,42,11,20,31,77,14,23,105,30,22,2,2,8,60,35,32,63,30,37,13,6,32,49,26,19,37,22,21,26,33
S090,32,61,38,97,69,125,28,121,80,81,85,128,52,80,71,62,91,90,66,134,76,79,73,10,55,26,34,83,43,25,56,61,59,62,29,37,45,26,37,41,85,22,34,61,24,23,65,58,29,79,45,78,82,65,42,41,62,89,23,67,10,10,33,21,16,114,7,87,46,99,83,6,107,33,54,70,84,56,15,41,15,52,6,18,32,9,76,109,22,86,60,34,30,38,66,20,94,95,52,69,122,1,14,55,34,33,25,39,5,54,64,66,27,14,15,43,55,78,44,40,56,72,13,30,64,90,58,5,29,4,20,7,12,11,4,49,52,24,58,10,56,25,16,48,29,71,56,19,15,45,20,8,6,0,87,13,92,99,38,15,30,18,14,108,11,12,33,36,43,46,75,40,35,10,30,19,44,78,44,89,63,27,17,7,16,18,28,52,97,24,97,123,27,17,41,100,49,23,48,40,24,57,37,6,71,149,28,27,46,109,20,16,41,11,34,5,5,135,28,26,58,44,179,20,44,21,22,62,126,28,21,52,45,84,162,21,54,155,42,52,119,30,38,24,134,61,28,62,108,33,37,15,8,77,6,15,23,52,40,27,40,13,13,45,54,15,53,24,20,68,23,123,68,36,33,56,8,11,85,68,8,46,107,62,37,16,7,74,157,27,18,31,51,42,1,34,36,41,25,10,25,37,73,77,20
S091,19,56,54,113,104,138,103,136,58,95,74,152,57,67,106,60,77,94,60,66,49,107,122,35,71,27,4,22,39,26,25,87,64,75,48,10,43,53,27,47,63,21,25,38,69,48,163,134,35,77,37,110,18,108,22,36,49,90,19,37,34,15,59,22,33,31,13,70,44,53,120,6,74,135,41,99,85,7,31,48,3,85,24,19,12,7,60,139,35,54,17,64,12,16,52,18,34,61,113,63,33,29,43,27,11,42,10,42,6,71,116,41,85,9,44,66,42,25,28,85,106,39,1,12,19,13,74,25,52,18,33,16,22,62,4,54,8,65,75,11,10,48,53,37,16,47,69,37,8,15,49,16,26,20,47,10,33,38,43,2,59,31,17,21,33,40,33,41,27,51,49,62,20,6,74,14,60,81,60,31,21,17,26,21,13,12,6,2,23,16,64,88,57,17,26,42,21,22,8,24,20,33,35,19,69,76,50,23,27,46,14,28,5,11,2,17,15,55,49,24,30,15,142,26,22,10,9,11,151,37,32,102,49,47,27,15,35,59,37,20,47,51,24,8,54,48,25,42,80,45,28,31,16,14,156,59,19,82,35,17,5,14,33,28,16,1,55,5,74,117,16,72,10,55,50,42,4,28,112,62,9,23,66,36,98,15,22,67,71,21,49,31,95,234,6,45,15,13,74,29,44,8,17,46,14
S092,106,281,111,168,67,143,144,100,118,137,148,201,103,68,97,145,93,93,83,199,120,252,231,69,169,54,56,11,36,65,148,44,94,66,87,59,133,47,62,21,266,11,62,43,140,13,37,49,29,55,64,75,75,29,40,54,39,73,79,46,25,125,125,71,78,162,42,193,122,56,146,9,64,136,77,38,128,22,19,177,3,97,10,105,65,18,130,225,17,71,62,39,50,51,29,70,37,95,35,39,192,36,69,64,8,33,45,66,20,62,144,59,95,25,80,170,103,34,61,120,161,33,61,33,128,75,76,72,25,39,37,22,89,25,22,171,99,80,78,3,43,18,154,26,24,78,147,56,20,15,18,53,49,4,82,93,185,26,49,3,37,62,19,140,35,56,54,64,113,45,18,60,37,35,8,35,121,74,55,48,22,67,38,47,57,55,94,16,80,9,249,176,32,13,24,58,22,18,68,23,77,62,40,14,65,145,56,43,32,17,41,12,53,21,14,4,19,186,61,162,50,40,313,11,48,33,11,46,233,30,81,124,128,92,72,34,157,101,55,18,152,12,101,38,78,50,83,231,78,60,82,64,91,30,96,28,56,140,19,77,44,13,59,105,48,36,67,27,30,16,11,126,24,64,49,117,2,24,128,125,26,75,144,70,95,5,6,82,88,29,51,58,114,107,22,1,58,235,38,15,165,13,43,156,30
S093,23,112,113,87,73,185,51,162,40,65,38,77,62,59,50,52,74,103,76,85,149,120,85,22,58,37,19,166,55,74,92,57,100,110,144,59,67,44,88,108,61,33,54,31,72,57,328,199,125,207,139,349,192,229,93,193,92,59,73,27,34,102,64,58,99,196,90,258,64,147,177,32,70,78,142,65,34,38,79,98,54,176,8,70,59,10,260,168,51,96,49,72,24,35,95,30,153,59,121,252,315,29,66,50,97,66,48,103,21,65,126,102,107,29,162,184,123,118,62,117,88,37,15,37,45,18,103,66,17,4,10,50,23,60,59,32,108,14,131,10,10,33,74,69,26,73,97,29,36,42,64,43,29,2,121,90,123,104,58,22,52,80,18,64,50,14,48,41,145,81,51,73,19,3,41,63,56,100,17,88,48,92,25,29,14,75,12,30,81,13,346,202,102,12,36,46,74,37,28,20,19,157,82,31,155,169,35,55,58,58,49,54,55,10,97,5,39,247,95,105,79,23,366,8,97,25,54,117,212,113,23,40,106,167,198,52,19,76,95,51,90,58,42,11,115,57,10,76,71,138,225,29,20,59,28,64,42,84,29,56,60,33,123,43,75,16,122,43,78,160,37,83,74,82,63,45,7,107,46,92,29,11,66,100,52,29,4,107,161,72,57,58,82,219,20,21,16,56,69,13,12,95,54,40,53
S094,68,127,40,48,46,92,54,48,26,78,47,86,51,41,78,53,58,85,30,111,72,94,84,11,23,30,24,35,25,48,73,42,60,57,50,49,53,20,99,49,127,10,115,12,35,46,21,55,14,83,41,84,54,160,41,46,20,83,11,11,24,43,48,32,37,76,40,66,109,105,121,21,32,132,123,15,90,36,18,45,0,63,4,76,30,98,109,127,67,110,29,22,28,1,60,30,78,20,33,96,159,16,38,39,17,19,51,40,4,50,53,78,4,70,43,110,65,78,85,31,80,56,7,27,65,37,64,54,29,16,30,46,26,45,23,31,24,20,29,32,33,73,13,45,3,84,105,7,42,46,18,30,6,1,33,23,53,80,19,3,32,31,14,28,10,23,12,21,30,34,23,96,34,16,86,49,28,21,21,36,18,21,39,18,38,8,52,11,40,5,232,92,42,9,27,57,109,52,7,6,48,74,69,61,26,137,24,15,37,30,39,57,27,2,25,21,4,99,64,20,33,16,124,21,30,44,14,7,164,84,77,44,75,119,64,39,42,80,26,33,91,26,72,32,74,37,60,20,90,55,39,19,18,67,39,12,18,77,17,53,16,16,63,22,23,4,58,20,21,81,26,32,10,43,51,56,18,5,55,65,20,15,48,27,37,19,31,49,45,41,65,25,33,60,13,14,3,43,61,19,49,10,35,19,27
S095,21,101,27,111,58,57,52,100,33,57,49,98,32,56,67,65,45,137,55,97,59,49,65,32,90,18,32,49,20,27,44,36,54,49,35,31,18,20,24,32,39,22,112,78,31,46,48,124,39,77,35,73,131,81,36,23,7,26,43,43,10,34,7,24,62,49,29,29,23,17,69,3,43,13,93,22,46,46,5,64,10,90,6,15,38,43,39,123,32,60,63,19,38,33,17,9,27,101,52,51,153,17,59,13,5,20,65,79,1,35,37,91,45,36,90,40,68,70,51,124,87,39,14,38,50,43,92,16,35,19,3,4,24,15,16,19,36,6,87,20,25,11,3,57,12,83,31,14,25,14,1,55,64,19,41,40,58,27,25,5,50,27,30,70,20,18,33,19,38,29,32,12,2,10,25,19,44,103,21,103,18,55,66,4,22,18,15,23,61,15,63,108,84,61,4,29,10,17,8,1,38,47,40,14,107,142,87,36,34,66,20,32,30,11,33,1,3,79,48,20,10,25,135,7,49,22,22,22,166,58,10,75,41,75,101,13,47,115,43,77,138,32,70,20,85,23,25,56,72,48,51,72,15,48,25,29,19,28,10,48,19,59,23,102,60,9,31,7,49,26,5,39,37,57,45,11,4,46,34,82,31,9,145,32,32,14,4,88,75,25,17,83,37,149,49,40,15,69,34,13,56,27,53,39,16
S096,56,54,54,91,53,103,84,60,22,107,47,93,124,21,51,46,50,102,56,62,143,112,126,14,63,17,36,73,51,47,66,64,107,186,54,42,86,15,21,50,85,33,30,30,60,16,24,47,20,8,19,26,30,7,8,48,7,44,20,48,20,85,65,37,81,75,24,60,56,62,92,9,12,46,181,49,67,27,14,52,59,83,15,62,11,22,49,79,62,10,29,140,23,27,33,53,58,76,128,103,231,3,30,51,12,49,25,45,10,131,84,79,50,28,69,162,86,21,48,161,93,55,33,26,43,10,54,110,4,41,29,23,85,32,86,42,99,24,257,29,5,48,89,75,14,48,108,21,39,42,18,26,19,9,61,34,44,71,44,20,51,82,16,69,11,72,43,22,69,51,62,29,67,12,46,125,25,67,128,40,55,63,19,18,53,18,12,14,100,70,120,77,112,36,24,61,48,16,34,18,22,35,24,6,162,166,43,13,117,121,47,75,36,96,47,4,26,109,66,21,82,44,181,3,20,16,1,19,239,55,18,129,64,105,85,5,67,93,45,47,58,45,13,22,40,39,23,45,166,91,82,24,25,53,27,81,16,32,22,21,27,92,29,26,51,18,10,30,27,37,5,133,56,49,92,14,11,35,153,144,34,59,105,30,69,1,1,48,54,100,47,42,105,109,31,37,16,113,57,30,54,34,71,105,50
S097,73,158,80,77,67,121,83,73,40,111,138,85,54,109,61,63,134,73,78,100,66,124,73,23,83,121,72,144,48,118,81,68,106,155,125,93,156,57,103,139,123,48,102,44,41,38,163,144,71,101,92,86,160,88,60,312,139,79,52,78,31,47,53,41,85,96,31,208,93,70,401,44,139,83,125,41,23,18,10,68,23,130,28,103,88,6,150,189,52,131,71,20,83,44,72,117,81,230,230,148,95,46,80,61,13,86,31,50,9,94,66,93,45,35,192,78,135,175,67,384,108,150,49,18,196,96,149,48,11,69,25,16,53,88,61,61,82,22,259,42,59,32,96,66,36,197,232,15,21,67,31,19,22,11,74,24,91,64,70,13,39,82,100,48,39,44,80,44,69,42,56,74,46,26,75,61,131,108,97,98,33,43,82,82,189,127,141,61,207,25,150,175,122,39,65,86,65,67,11,57,39,13,54,166,180,138,221,70,91,164,79,46,128,65,75,9,70,204,84,72,70,87,181,34,38,43,47,18,423,52,38,74,99,215,293,68,107,220,68,94,241,29,114,5,137,98,66,178,74,57,112,59,5,47,83,43,53,112,41,151,74,46,45,73,49,9,38,21,40,85,6,115,80,88,61,29,32,48,45,51,46,58,84,63,55,55,18,43,75,42,59,24,39,127,49,59,40,74,74,8,93,68,46,67,201
S098,46,76,44,94,35,75,51,75,32,74,68,85,77,32,65,19,39,56,54,91,41,78,54,35,45,21,51,27,8,27,26,27,35,33,21,30,35,35,38,28,41,9,32,14,21,4,13,5,0,5,10,5,12,15,12,31,46,35,14,41,17,19,36,25,26,52,6,83,20,29,66,11,65,33,43,16,5,26,10,18,10,29,20,51,7,3,19,80,8,43,20,31,11,31,53,9,19,33,25,10,43,16,33,12,2,29,25,31,8,59,22,74,79,14,45,17,38,40,23,32,17,29,39,23,17,22,22,18,23,6,27,22,9,13,44,12,23,11,67,8,34,5,39,40,2,48,32,16,10,29,15,24,0,6,51,11,17,9,53,12,17,46,26,15,2,10,13,18,47,25,54,1,3,9,11,19,26,30,3,18,9,27,31,10,16,16,36,9,18,13,80,56,69,15,11,29,27,23,2,18,30,28,19,11,38,132,17,30,14,58,5,6,20,3,53,2,12,141,11,14,36,23,132,14,23,6,3,32,163,54,21,17,41,52,47,16,43,45,73,16,47,21,14,9,33,26,24,39,23,45,35,14,15,15,17,4,25,31,19,24,14,11,19,62,48,24,22,11,12,14,26,25,21,52,47,7,0,19,26,14,7,22,21,35,20,2,4,19,16,13,43,21,18,57,3,19,9,49,14,10,19,23,46,39,26
S099,51,63,53,109,116,145,87,82,33,100,110,89,58,48,118,64,75,125,66,86,100,54,96,26,83,30,40,62,59,21,78,53,33,79,82,20,116,34,110,153,23,42,27,33,113,22,35,31,3,34,17,25,12,14,5,87,91,114,59,112,14,71,67,30,54,129,22,187,54,51,134,73,225,51,149,29,118,15,18,104,10,88,2,125,79,21,107,227,44,92,60,95,57,96,84,41,47,65,135,113,72,39,44,66,7,89,20,101,18,5,60,149,83,27,85,162,84,37,90,91,88,28,38,7,106,136,46,28,70,25,27,5,32,20,75,75,109,13,126,95,68,41,36,96,22,130,108,27,10,21,19,32,41,1,73,39,129,43,79,18,47,49,79,81,13,29,50,53,64,25,66,42,16,54,21,76,56,59,60,50,24,48,86,57,42,49,53,4,77,57,142,101,23,21,31,111,64,37,52,43,40,28,38,34,83,137,154,10,130,65,55,116,72,13,178,33,97,97,69,21,39,80,241,34,34,30,5,59,94,39,8,92,70,86,143,45,149,184,71,22,243,59,9,6,74,54,34,92,178,50,60,34,18,47,33,111,85,243,16,41,16,35,41,109,81,17,21,15,73,60,20,48,70,48,39,27,9,37,52,164,43,58,201,10,71,23,67,86,62,60,64,35,22,34,56,38,51,67,93,49,51,25,55,82,75
S100,22,59,24,21,20,88,34,55,22,39,72,65,26,29,37,38,49,44,35,47,82,31,34,30,34,21,24,39,26,41,50,18,44,18,39,15,60,37,59,36,103,35,44,37,20,30,19,82,35,13,31,61,32,23,37,102,23,73,27,51,11,26,76,40,19,92,112,60,55,24,86,5,138,45,63,23,40,18,8,50,6,109,26,82,23,3,40,81,38,32,44,54,63,27,130,95,53,61,98,66,225,17,36,10,26,57,23,88,18,17,79,101,57,12,39,65,69,19,62,67,51,31,30,76,160,32,33,55,11,7,29,24,46,1,6,45,56,51,27,28,16,25,31,43,8,89,109,26,21,44,42,34,1,0,37,23,41,57,81,2,49,37,7,102,52,46,28,15,108,26,63,36,27,6,37,23,30,24,42,90,40,26,30,17,44,40,17,20,109,6,213,168,59,35,23,50,28,31,49,17,33,23,38,13,29,113,76,35,67,49,35,43,28,14,31,18,18,62,41,29,21,52,145,38,13,11,7,9,103,86,34,62,30,50,71,22,110,45,37,13,96,27,27,15,64,61,15,53,88,58,78,11,22,17,31,32,26,16,6,27,21,19,18,43,64,1,36,10,31,75,4,15,57,32,15,36,19,16,40,129,33,33,40,56,64,1,3,83,86,34,38,59,158,33,54,44,48,30,22,20,30,57,21,46,38
S101,27,63,54,71,47,136,56,99,23,58,60,56,46,45,42,23,32,69,29,53,56,57,127,14,29,59,41,49,61,50,58,88,117,194,57,16,58,50,83,50,69,49,104,9,94,64,62,38,25,43,22,34,89,61,24,72,52,142,31,22,30,216,56,60,67,180,19,170,15,71,210,13,79,90,89,20,136,78,26,65,25,82,10,28,70,52,113,196,69,84,50,57,13,24,84,66,138,83,86,126,128,34,75,113,19,103,77,87,29,55,160,152,122,7,90,51,161,62,60,147,52,44,26,64,92,100,126,77,16,60,35,31,84,43,66,48,157,37,41,31,76,31,11,124,50,41,130,68,27,86,35,67,49,5,67,76,92,97,83,33,81,24,56,67,38,70,27,47,85,18,254,21,34,15,48,116,105,100,22,79,84,31,71,58,57,51,38,6,119,2,182,181,49,27,49,38,40,49,42,24,26,90,24,27,110,202,162,19,68,95,22,98,43,15,72,23,27,124,49,17,40,3,470,94,45,22,15,29,322,159,29,91,85,41,181,13,52,152,166,56,331,27,70,5,46,54,102,75,109,149,35,136,16,63,85,75,34,93,29,211,85,31,129,77,33,59,34,13,75,68,10,115,41,92,93,44,25,87,64,221,4,40,76,39,27,17,31,68,134,30,55,55,59,141,33,21,28,56,107,9,37,33,69,52,64
S102,40,80,28,56,36,90,41,65,39,81,46,99,37,47,73,37,78,64,26,76,65,66,68,30,70,22,8,48,22,18,66,32,66,37,66,32,18,51,55,57,166,5,49,16,73,40,93,58,17,56,27,61,62,34,54,42,23,70,69,24,13,46,35,25,39,66,34,64,82,123,74,44,54,44,25,64,55,32,17,44,7,46,16,37,72,17,44,132,15,91,69,31,59,23,72,84,74,138,91,48,86,10,17,31,7,16,54,110,6,34,63,56,20,30,36,99,82,56,33,100,52,51,11,19,40,26,42,58,3,28,21,11,64,70,18,103,43,18,85,11,40,3,26,12,14,41,67,20,29,28,12,24,24,7,60,15,65,21,71,8,25,63,8,82,18,30,22,45,45,17,36,10,6,3,57,59,72,22,30,53,20,89,7,53,34,23,26,5,33,33,121,86,45,43,10,15,33,19,79,12,59,35,28,28,76,121,30,18,38,93,11,40,40,23,59,27,26,83,34,37,26,48,142,2,21,18,25,8,114,89,22,70,157,34,56,8,49,118,72,85,87,33,28,30,66,26,19,56,37,14,65,54,11,23,24,17,29,48,15,38,21,10,37,63,63,9,29,25,24,15,1,59,67,32,28,34,8,26,74,59,20,15,128,72,27,8,14,61,54,62,82,36,58,67,2,37,24,32,22,12,35,39,17,56,14
S103,133,81,107,244,142,181,201,101,101,110,116,178,102,81,78,114,113,101,123,120,119,198,83,38,99,43,23,47,80,54,64,57,97,91,42,47,35,22,45,86,49,10,57,38,47,54,269,239,126,216,251,215,167,648,294,63,70,60,58,35,47,97,55,8,68,159,34,128,59,65,41,7,76,54,111,43,47,20,14,49,8,65,10,76,116,16,48,66,55,139,62,116,17,19,29,36,48,86,65,92,135,44,73,28,7,54,50,36,17,26,91,123,55,36,52,32,74,45,36,31,34,32,7,32,83,41,37,104,75,18,36,21,61,32,43,68,70,14,98,23,22,2,26,105,23,133,117,12,5,39,16,17,10,1,80,84,65,100,52,44,16,38,24,21,6,12,35,5,50,54,72,50,53,6,14,53,58,41,47,52,25,29,32,6,32,59,15,17,64,64,122,87,51,16,24,118,63,31,14,33,19,9,23,80,13,179,33,22,120,101,12,27,50,15,39,12,15,40,49,43,92,11,256,34,36,5,33,22,65,92,28,104,122,58,119,59,61,132,56,45,226,80,53,17,140,79,9,95,52,119,81,58,16,63,32,30,56,116,35,30,19,21,39,97,14,11,35,11,40,60,0,100,59,33,44,67,66,30,67,52,13,34,75,46,26,16,23,36,86,35,22,45,126,105,25,16,67,117,50,12,13,38,28,34,74
S104,32,76,55,38,37,88,58,60,31,79,35,44,38,4,39,49,30,46,18,48,30,71,15,9,15,25,36,69,37,14,28,41,23,68,48,17,19,63,21,23,65,14,37,45,71,14,15,17,14,39,8,31,33,48,21,29,4,53,22,55,8,37,53,58,18,54,1,130,109,62,67,19,46,55,108,44,68,7,24,73,11,81,7,54,56,9,49,103,30,26,25,56,16,11,17,18,85,29,85,63,101,1,38,36,30,69,9,26,2,26,108,56,53,24,34,59,47,36,48,54,54,21,23,45,27,49,68,44,16,16,15,6,14,34,44,27,52,24,61,16,9,4,54,59,1,19,50,15,22,24,47,30,18,2,19,61,11,35,84,15,7,54,14,86,37,37,26,25,109,14,48,37,6,26,61,92,33,58,61,24,25,15,9,12,60,34,12,35,75,39,59,77,59,32,21,53,47,11,17,10,9,34,35,16,46,120,52,43,42,47,26,37,9,15,139,27,5,95,16,60,48,30,160,15,25,10,10,22,143,37,35,71,83,92,45,23,64,154,86,45,123,11,40,2,34,33,38,50,25,53,105,11,17,45,37,28,38,41,43,22,26,3,5,69,15,17,56,5,17,59,5,80,30,37,32,23,11,32,29,86,12,39,72,70,26,2,7,23,79,65,51,43,27,96,21,39,48,53,92,11,26,11,69,32,36
S105,59,61,65,110,46,122,69,69,65,59,72,81,54,86,31,24,50,46,23,52,49,40,52,19,55,61,17,61,65,48,80,51,65,52,58,54,23,46,13,59,78,16,130,34,40,8,46,43,27,60,19,29,16,78,69,12,38,58,37,29,33,44,31,9,87,74,32,66,51,70,94,22,51,84,47,38,46,22,21,80,76,116,43,37,35,10,25,124,51,153,12,34,19,25,57,1,55,30,77,68,42,20,32,63,13,51,15,28,20,9,18,38,39,28,53,42,109,43,48,23,52,44,27,21,24,20,63,23,12,15,17,43,10,15,33,38,96,64,49,4,19,13,43,31,2,106,104,25,48,11,9,32,19,1,36,34,36,56,11,6,38,56,11,68,10,37,17,15,28,77,33,31,14,21,66,19,49,41,31,29,36,41,35,12,20,42,20,6,45,23,133,62,56,3,15,17,28,15,54,17,28,86,62,7,47,147,28,63,38,35,31,29,18,34,35,10,12,104,61,17,23,11,148,27,28,8,3,19,57,70,57,107,31,122,134,2,32,39,83,17,120,14,40,7,85,85,13,51,136,68,45,26,7,27,32,51,54,55,14,69,53,20,44,62,27,4,97,18,58,37,5,93,38,51,36,44,14,12,27,83,43,70,67,29,31,5,11,45,70,37,8,65,26,53,25,11,37,51,22,15,47,13,35,88,64
S106,22,158,50,95,150,156,92,70,73,51,84,108,189,66,63,116,116,63,91,185,145,264,154,69,110,55,42,104,19,69,137,105,113,95,151,77,122,95,52,62,59,29,145,37,80,61,97,95,55,77,58,100,115,171,63,80,18,51,15,59,18,128,139,50,148,32,8,104,190,71,235,47,194,70,34,22,41,46,59,40,14,268,22,115,90,10,149,157,31,171,40,107,85,53,182,48,92,189,166,53,201,26,115,71,37,64,36,37,30,107,69,109,80,53,100,178,173,45,105,101,44,83,17,57,36,44,89,112,69,26,8,21,62,22,83,74,94,62,81,25,62,66,66,83,19,181,43,40,28,45,108,37,24,9,69,48,66,152,61,17,27,72,83,133,34,27,24,40,164,35,58,22,28,15,39,94,119,94,54,97,92,35,30,17,18,11,61,24,82,27,195,344,122,15,11,83,119,15,47,48,66,19,80,14,257,103,194,103,81,146,32,66,63,50,60,16,16,88,115,80,92,71,273,25,103,93,7,36,110,155,55,133,105,346,128,76,60,155,71,64,113,13,126,15,90,100,10,141,124,92,74,37,21,52,42,41,40,109,67,48,54,32,33,65,164,39,65,75,78,67,23,84,140,122,44,68,57,86,74,125,13,94,139,52,178,32,28,73,137,40,20,46,128,71,44,39,11,65,168,11,62,30,55,107,22
S107,79,113,77,322,106,265,186,181,79,164,259,116,107,222,84,193,78,191,90,158,129,427,187,38,95,30,13,79,62,26,21,91,49,58,76,36,60,99,40,22,107,4,89,54,61,75,95,131,54,122,157,51,144,148,112,49,13,76,75,105,46,114,56,59,32,149,18,201,130,75,197,16,97,141,57,76,84,39,29,97,3,98,28,112,70,40,87,212,71,78,32,30,86,50,69,45,40,90,106,118,162,37,57,44,31,34,29,88,9,85,151,152,37,19,115,45,33,46,60,167,71,69,60,77,35,83,56,38,6,5,24,37,44,94,52,42,9,22,145,15,35,19,46,95,41,80,35,1,89,99,25,17,43,1,139,66,54,36,62,48,38,84,35,112,46,67,122,28,234,32,81,35,5,14,113,172,86,110,63,114,72,20,65,21,33,21,32,24,55,33,280,138,50,11,39,65,130,46,28,90,130,28,29,41,244,120,171,75,65,78,49,49,75,42,55,9,37,117,51,94,39,37,229,7,26,18,17,48,201,114,21,69,87,117,155,63,74,220,67,43,197,35,50,47,177,59,16,97,90,73,75,78,17,107,60,66,75,61,49,84,258,27,40,106,22,18,36,28,69,94,18,162,30,71,40,28,42,35,65,184,73,30,139,25,60,5,23,133,109,82,45,49,75,107,34,48,66,64,57,13,41,21,59,60,24
S108,34,45,53,97,51,132,38,86,43,98,129,66,50,40,22,45,44,35,24,82,72,38,105,39,36,52,24,49,60,61,39,30,27,104,26,51,68,66,66,31,119,15,25,35,28,24,50,22,14,66,59,94,50,20,44,45,35,99,44,47,20,74,147,33,45,90,38,93,55,92,172,16,63,97,63,23,29,18,18,36,9,92,38,20,11,6,119,64,22,72,21,47,44,10,21,64,37,81,65,87,214,16,89,25,22,96,22,24,8,40,130,107,96,27,142,182,26,35,33,85,49,31,18,24,20,79,125,80,11,21,58,37,55,19,70,76,62,20,88,12,36,15,138,58,28,144,42,25,26,65,42,37,17,17,47,51,80,50,90,20,38,47,28,40,25,42,56,24,93,48,71,29,6,13,18,39,64,132,52,15,43,53,32,20,154,32,34,33,41,54,82,155,94,2,50,80,54,67,48,26,34,18,56,32,84,101,28,6,110,79,10,5,39,32,60,25,30,55,39,17,43,38,282,16,9,7,17,22,217,86,29,60,84,91,87,19,93,47,22,84,120,49,79,42,118,47,24,34,83,30,51,7,1,53,31,63,9,71,55,28,44,14,13,57,21,8,37,65,46,64,13,79,41,35,53,40,24,75,112,77,18,48,86,11,27,14,5,90,63,61,98,40,37,91,22,8,66,23,15,18,37,11,68,91,66
S109,34,100,60,110,47,152,93,59,59,67,94,85,33,57,63,31,51,74,39,75,70,78,103,19,63,22,2,14,26,15,98,90,40,76,27,11,49,96,61,116,77,21,35,50,24,74,68,51,20,38,34,76,33,45,46,91,22,61,37,45,7,67,40,36,48,123,3,93,60,33,103,23,35,109,76,25,35,24,3,74,1,87,24,84,51,14,96,107,10,32,40,43,51,14,77,72,49,75,107,80,37,20,54,28,43,65,29,38,0,109,33,43,15,30,35,66,44,41,46,96,81,64,1,22,96,45,58,43,5,16,21,17,28,42,43,35,37,15,50,22,29,11,24,90,31,54,94,25,4,50,35,30,26,11,86,38,66,44,38,15,25,65,26,68,39,36,32,28,91,76,69,51,49,10,10,25,40,12,21,54,9,46,50,11,24,13,26,0,54,16,101,50,58,55,9,51,39,42,36,13,20,11,43,10,157,68,35,42,61,41,43,48,30,9,91,1,6,101,30,19,32,46,173,36,33,25,19,16,165,58,52,30,68,93,168,43,39,90,48,44,126,37,33,1,42,38,26,156,49,93,41,31,27,46,48,25,90,23,10,22,51,20,27,27,52,21,15,11,46,122,8,101,37,17,24,63,21,31,104,107,12,33,64,25,51,27,42,68,78,18,37,11,50,147,14,25,30,59,57,41,109,51,29,76,88
S110,115,107,75,100,92,129,67,118,96,151,82,119,71,58,79,56,81,118,64,129,70,145,92,48,110,38,18,18,21,14,37,41,16,60,10,19,86,35,56,55,58,9,42,28,35,56,91,51,84,77,28,44,39,79,28,32,16,21,8,30,31,30,45,20,30,41,8,198,40,37,98,9,41,46,42,16,9,14,14,21,1,61,6,60,50,12,25,64,27,36,40,25,22,29,65,4,28,27,60,30,77,30,36,14,5,46,19,27,20,52,64,64,28,31,31,56,35,67,45,133,28,8,9,33,30,79,86,35,23,32,45,14,34,36,43,18,50,14,47,19,19,22,13,79,16,26,31,25,11,6,15,5,11,5,36,17,28,30,31,16,23,14,15,29,19,20,20,20,56,41,79,3,6,19,91,68,32,40,19,48,29,41,13,20,37,29,14,15,29,20,100,50,54,20,10,30,83,35,10,3,32,23,23,8,80,134,28,24,51,17,25,54,65,1,30,0,18,44,42,21,27,32,81,3,10,18,8,21,139,40,19,149,68,37,88,7,56,88,34,26,46,12,54,15,109,22,30,40,27,36,32,6,5,35,11,67,12,33,4,15,8,20,16,60,12,14,25,2,42,26,3,70,60,45,73,20,11,7,58,110,17,16,29,47,31,17,11,25,51,10,28,23,39,129,15,17,30,93,36,5,20,14,68,48,27
S111,65,176,168,302,216,162,179,246,125,504,415,261,122,67,248,251,135,267,117,156,296,262,290,71,281,35,7,31,28,22,83,45,32,74,59,74,79,103,41,31,45,32,19,10,30,9,83,61,16,94,56,62,51,125,68,71,11,61,11,21,51,58,77,21,48,65,4,311,20,71,125,20,167,105,66,61,82,29,3,14,0,58,6,32,22,45,89,198,19,111,33,96,89,15,63,15,39,98,69,40,308,15,23,83,44,39,53,44,7,46,86,65,42,98,42,63,147,55,60,83,50,61,14,43,63,20,68,52,10,52,26,18,94,49,25,44,26,40,67,10,13,40,114,78,40,120,154,49,30,45,4,19,4,8,141,51,122,11,34,16,53,64,36,35,8,56,24,50,116,18,44,20,13,18,59,25,65,90,89,59,45,49,59,10,29,31,43,40,65,24,109,165,70,29,5,11,29,31,16,36,3,52,33,51,72,70,69,24,31,79,14,52,124,32,16,8,11,80,52,11,64,44,191,6,15,3,35,68,114,105,24,82,57,42,129,45,60,156,19,34,101,46,77,12,49,15,41,59,30,124,40,12,21,61,35,20,20,85,11,71,38,13,24,85,20,27,26,8,68,18,11,111,36,13,42,37,16,18,60,158,21,47,59,23,71,26,22,112,59,8,25,37,69,88,25,79,18,53,46,26,55,21,43,112,39
S112,28,57,30,92,24,117,32,78,29,47,57,67,60,28,82,32,44,90,75,46,58,36,91,31,34,33,26,12,57,57,38,64,91,37,34,16,111,77,35,74,206,11,19,35,44,13,44,20,18,58,13,50,18,33,22,85,46,94,98,73,11,139,115,36,74,64,50,119,110,10,186,25,133,95,67,32,26,37,13,74,46,71,8,84,74,46,60,162,20,63,25,167,47,21,37,49,62,147,129,45,313,37,97,67,9,12,43,28,8,62,75,102,70,25,117,41,125,87,120,198,98,100,3,25,33,52,53,63,2,22,43,25,14,26,89,37,28,30,38,39,38,22,57,78,27,147,75,34,43,25,13,6,14,24,64,52,94,14,40,3,111,87,17,118,21,26,34,44,58,51,60,50,31,29,26,64,28,25,30,55,23,35,10,25,58,92,32,11,63,23,128,73,75,36,14,35,84,37,31,19,25,35,50,44,138,171,87,25,72,98,48,32,79,3,63,32,24,105,78,46,22,47,334,8,26,16,54,28,96,82,68,108,40,224,46,55,151,104,134,33,152,18,62,2,67,33,31,76,63,44,61,41,10,25,42,32,79,110,23,30,40,52,18,105,40,56,67,27,81,38,6,99,39,106,92,60,24,54,194,131,14,48,77,30,20,11,5,78,131,15,27,64,35,185,13,66,61,110,50,22,56,19,15,75,33
S113,52,63,50,69,58,133,51,99,24,69,81,62,61,48,67,58,26,103,75,51,72,113,98,13,63,31,11,74,33,61,69,31,43,80,21,28,61,85,117,22,125,10,39,46,57,27,62,95,29,71,117,89,118,149,40,112,27,110,32,41,25,16,43,14,28,78,37,135,69,76,112,24,151,153,149,41,55,33,5,39,7,126,6,17,41,21,140,88,59,48,127,52,9,13,43,34,85,28,257,89,211,20,54,42,52,38,22,132,6,32,60,120,85,23,80,91,59,44,68,121,12,182,9,25,44,99,99,74,7,10,20,30,41,40,38,50,76,15,151,16,18,35,38,88,15,125,68,37,48,18,29,51,21,11,29,77,45,52,67,24,59,59,14,77,43,50,27,42,42,49,55,54,7,10,29,16,52,19,38,101,43,52,6,32,44,29,17,4,85,44,118,162,33,6,40,59,51,20,64,53,83,25,33,28,62,64,97,29,27,28,28,17,29,11,65,10,6,114,21,44,44,41,219,5,33,33,45,37,138,76,40,50,65,146,127,46,76,59,30,44,83,75,35,20,125,38,25,34,69,77,34,33,12,38,16,25,16,56,43,25,35,6,11,86,20,8,27,9,50,38,0,74,29,94,68,35,4,72,24,118,22,27,100,90,57,23,20,84,36,55,28,39,63,135,55,54,52,124,16,22,56,9,56,49,23
S114,36,65,116,82,44,103,109,42,40,126,72,109,68,71,46,78,45,109,26,78,111,95,132,28,35,53,10,29,66,67,54,65,119,82,106,39,78,77,58,83,61,20,44,44,67,41,128,68,46,78,27,51,118,51,68,47,47,81,77,64,43,60,65,9,13,96,38,112,60,3,90,30,82,52,124,37,72,17,17,100,20,159,68,28,18,15,74,26,46,152,71,62,67,10,29,35,114,155,93,58,107,25,106,25,22,101,55,31,1,20,120,104,57,42,51,84,36,34,159,167,64,41,28,42,102,46,130,89,2,77,24,24,54,57,22,101,90,16,49,64,58,33,121,56,16,179,92,50,25,79,25,22,37,9,64,71,75,37,78,9,70,45,21,130,55,16,51,19,41,75,34,15,27,9,39,126,41,70,43,113,128,55,28,13,71,19,37,17,60,24,119,91,46,41,27,137,84,14,35,35,60,66,62,74,119,167,103,23,69,64,7,32,85,25,68,23,14,140,51,48,51,16,234,31,42,46,4,15,262,35,34,40,170,71,63,54,34,170,86,77,75,40,155,23,18,88,142,32,118,28,42,29,11,62,20,20,63,105,4,48,61,55,5,20,4,11,14,2,79,156,24,94,9,43,29,37,29,47,51,262,43,31,184,50,50,19,0,106,87,67,91,64,60,73,44,30,78,218,35,18,45,11,27,101,56
S115,60,78,55,64,76,198,85,121,28,65,161,96,36,26,86,79,107,36,47,89,91,50,70,14,43,39,23,55,34,35,46,72,81,24,23,8,99,40,37,10,42,45,65,11,35,10,43,20,28,19,31,7,22,34,17,61,19,48,84,74,28,11,23,18,3,51,33,137,57,46,69,5,131,106,31,21,18,32,0,127,6,69,35,43,31,15,61,152,22,79,31,58,39,6,23,13,45,66,89,73,159,12,73,30,70,13,44,53,0,14,31,29,33,11,51,48,34,92,50,71,66,14,13,2,25,74,87,64,4,31,9,28,34,17,37,61,63,47,65,10,17,54,17,54,19,68,75,2,8,42,7,39,78,22,104,3,54,27,52,14,33,25,65,32,32,4,24,30,23,21,27,57,8,14,50,32,31,67,46,66,12,140,19,23,54,6,10,5,55,18,117,42,19,28,23,30,13,9,23,11,41,28,26,32,91,50,106,33,28,42,26,48,57,19,32,6,22,111,40,21,43,51,120,7,22,17,9,28,65,45,28,27,49,28,76,23,47,128,16,57,72,11,39,8,45,58,93,47,38,38,76,22,35,17,29,17,21,41,41,19,26,62,16,22,38,7,11,5,38,35,4,33,22,53,36,56,47,19,46,76,40,23,84,14,35,18,15,74,129,18,103,23,17,78,44,56,15,58,41,8,39,24,31,69,43
S116,45,58,35,110,30,120,50,84,33,36,82,42,66,41,71,55,71,64,70,58,85,36,79,27,61,35,18,58,42,67,91,48,80,90,23,133,60,15,22,62,114,12,57,32,74,57,105,77,34,106,105,81,53,131,83,54,34,66,47,20,15,36,61,38,91,37,37,95,48,69,146,37,79,54,136,38,59,14,2,50,12,66,14,113,37,39,112,117,54,69,33,60,97,37,44,56,92,46,80,158,107,16,79,96,11,77,12,55,0,27,60,49,61,25,223,94,38,52,74,87,68,32,13,31,70,68,93,79,19,44,53,25,15,14,118,24,79,60,59,7,40,18,84,48,52,108,30,100,42,19,97,52,9,1,52,34,97,74,50,10,71,31,99,135,48,23,45,38,75,31,26,11,26,32,52,40,59,40,51,42,51,65,47,11,80,50,123,21,60,58,115,105,63,16,25,60,48,28,51,52,19,63,31,26,151,89,114,33,60,68,37,104,91,15,68,5,36,110,45,54,72,18,167,20,47,70,55,19,94,80,44,76,65,84,161,71,80,101,27,17,132,46,40,5,101,101,86,98,76,54,21,69,39,91,31,71,40,62,35,59,20,24,19,46,66,9,16,20,37,47,4,97,50,73,23,5,14,80,62,110,99,63,113,43,58,33,31,15,140,62,69,106,99,64,39,54,57,21,33,34,18,10,59,90,56
S117,95,40,61,103,73,133,72,64,31,71,58,45,60,27,35,51,79,123,27,72,58,118,74,23,63,38,57,43,46,44,57,56,95,95,41,74,35,53,50,81,98,7,102,50,38,42,24,16,10,35,70,43,52,27,37,34,135,141,25,97,56,100,68,40,60,80,16,127,55,73,151,4,221,80,111,72,24,15,22,127,18,111,92,51,113,25,208,99,45,75,52,25,5,8,37,90,83,91,61,67,60,25,45,16,7,76,63,42,7,57,105,86,122,68,51,79,129,34,116,88,51,33,30,36,13,31,187,34,51,15,36,4,29,31,69,28,33,13,60,57,13,94,83,43,4,51,129,47,13,48,15,52,29,12,104,30,90,60,31,15,130,45,24,153,20,5,48,20,64,103,38,13,15,4,132,63,38,88,32,69,61,54,21,3,49,71,19,34,44,27,137,182,39,41,30,21,75,18,10,50,68,119,34,20,139,96,78,11,46,35,24,59,56,50,31,5,10,128,52,38,70,48,228,11,9,22,6,19,130,46,23,131,102,103,127,16,129,65,24,4,82,28,43,4,60,67,33,104,63,74,79,53,21,132,92,8,73,89,29,61,14,31,32,190,108,3,24,14,41,65,17,87,38,55,21,15,3,54,36,119,19,58,69,12,59,43,38,56,32,106,50,6,14,207,17,48,31,77,39,18,75,22,27,74,50
S118,129,176,123,91,185,254,105,225,113,248,197,63,152,94,65,116,157,213,102,240,150,88,191,59,128,45,87,171,42,52,116,95,61,52,35,55,129,130,111,117,133,109,61,36,45,173,316,104,51,264,130,259,149,150,139,91,63,97,60,90,119,77,62,42,53,160,49,113,141,85,213,28,181,219,120,60,139,17,16,154,46,125,0,126,84,18,71,168,132,278,53,57,115,19,59,131,105,153,47,128,161,46,143,64,26,102,90,51,2,33,77,157,80,38,111,107,250,83,144,128,106,61,11,48,38,30,126,77,25,46,43,82,21,20,28,67,93,80,33,6,115,90,62,115,62,106,99,50,15,31,75,12,55,24,67,30,47,21,54,41,40,41,41,148,2,14,56,63,42,57,38,27,62,7,57,83,41,72,37,50,44,91,77,31,93,74,54,91,104,24,197,171,127,61,7,143,85,7,48,42,85,183,121,42,232,81,65,18,114,116,55,48,23,10,58,13,23,189,104,110,107,89,281,43,83,33,21,10,236,251,94,76,72,156,121,128,164,278,49,62,130,32,152,14,58,102,21,166,45,29,136,86,39,80,43,13,53,118,20,80,74,82,28,139,31,58,48,23,79,132,22,237,46,98,118,16,22,22,134,197,12,26,72,109,67,13,19,186,51,49,48,38,32,164,20,131,11,87,33,12,34,6,54,132,74
S119,61,154,135,152,63,121,89,210,59,103,160,199,103,53,40,86,67,114,72,75,106,211,216,66,193,60,31,81,94,39,118,101,185,151,13,69,103,88,155,59,21,33,113,41,59,67,244,150,38,119,74,184,169,155,120,85,45,86,180,76,26,72,91,24,59,197,65,166,92,170,145,61,160,129,90,36,77,31,34,205,54,311,38,126,83,24,225,248,83,30,45,143,9,7,36,102,140,115,96,245,368,96,51,23,28,20,76,140,53,54,202,195,82,7,133,100,35,139,168,261,88,61,2,22,269,108,250,140,49,42,23,55,16,56,21,52,40,80,175,4,122,96,106,203,83,110,187,24,30,43,51,40,22,4,87,143,120,83,35,27,87,114,43,131,31,22,157,35,90,30,73,73,63,45,131,92,71,123,96,78,31,166,106,94,61,13,33,21,81,19,99,103,92,20,33,93,109,5,18,103,63,46,71,37,93,182,76,40,130,129,20,32,60,21,180,29,33,368,112,39,121,83,315,65,153,12,7,21,255,101,22,50,64,50,184,38,67,213,32,57,195,24,97,34,76,156,25,213,87,68,164,73,39,113,68,52,146,47,40,160,106,111,18,237,23,12,31,23,47,259,18,138,68,52,38,31,20,106,249,127,43,34,212,77,79,33,18,65,181,93,75,73,119,200,8,57,92,61,271,22,51,12,58,174,99
S120,49,88,75,44,49,114,64,51,29,81,97,46,114,25,19,16,111,139,19,95,74,114,82,30,61,42,60,58,29,13,85,76,52,102,51,35,61,48,25,66,86,12,73,24,71,47,54,75,90,88,22,85,161,45,102,75,42,55,74,53,18,24,3,48,53,32,27,167,46,78,183,31,49,114,122,30,68,24,15,43,34,237,6,145,7,37,45,168,20,76,27,84,37,4,63,61,36,89,57,45,63,69,68,63,51,69,84,82,1,46,111,39,87,26,71,35,29,22,21,140,58,90,4,33,100,52,45,39,81,50,4,66,5,59,107,20,77,46,50,56,39,19,61,112,18,38,93,57,50,33,14,38,18,21,33,13,115,28,37,18,47,100,23,25,45,48,32,51,99,72,39,12,21,13,22,37,93,51,39,52,34,41,19,41,47,24,14,11,87,46,86,144,90,16,13,109,92,27,31,42,84,34,113,38,43,244,77,33,16,41,14,52,55,35,74,17,3,74,70,13,45,7,143,46,110,29,8,5,165,121,14,92,93,157,110,11,97,149,78,54,79,14,87,6,65,85,31,201,80,96,80,13,33,78,25,43,79,91,98,27,45,33,22,87,15,19,19,22,26,16,16,149,28,74,63,51,43,62,68,126,19,46,75,96,22,15,3,59,59,54,53,40,30,117,58,7,29,59,31,10,44,5,87,19,41
S121,40,123,59,58,58,89,43,75,27,69,71,74,44,29,45,72,130,73,43,67,85,52,73,41,70,5,59,86,33,27,44,36,52,76,88,54,64,55,20,32,87,36,13,65,45,17,36,50,7,21,33,44,25,38,9,69,75,44,3,45,25,70,40,14,28,51,43,157,24,45,113,52,96,123,145,23,26,11,8,66,24,68,11,56,25,19,109,112,51,105,65,110,92,49,35,98,13,77,34,36,41,35,111,14,18,79,47,63,0,7,43,68,11,20,43,50,96,77,112,52,37,47,20,12,36,57,58,79,42,36,35,25,38,12,48,13,69,4,42,18,17,35,44,66,52,87,84,30,24,22,18,25,23,20,47,19,41,73,26,8,45,69,14,46,14,20,25,12,26,40,52,7,19,7,27,50,25,43,24,80,73,39,33,16,35,32,11,28,23,26,56,123,33,76,20,89,17,14,39,11,11,25,92,13,122,145,40,21,46,122,40,47,54,19,37,5,6,156,57,15,18,8,250,59,16,28,6,26,68,71,52,70,75,110,94,7,52,78,34,19,111,44,77,13,12,98,17,67,59,65,68,68,13,41,10,77,56,44,27,12,19,51,40,66,30,24,76,26,20,94,23,115,86,38,53,27,5,62,35,108,15,23,89,45,24,11,9,34,59,17,31,80,52,50,15,21,17,45,50,17,44,9,61,90,35
S122,24,46,30,35,19,86,54,21,19,63,51,51,47,19,14,27,26,46,26,34,57,70,24,12,42,74,54,42,53,30,30,42,82,55,77,68,43,18,66,34,55,58,71,17,53,39,148,25,48,87,15,57,66,81,48,79,30,124,46,50,12,36,90,62,51,74,55,145,80,73,114,7,71,65,105,38,45,49,26,62,1,182,28,51,85,22,85,195,19,98,83,43,18,6,67,32,193,42,107,36,72,46,83,40,43,118,26,83,8,67,128,65,80,10,85,59,43,51,24,64,130,194,17,57,63,28,61,96,2,32,21,22,73,15,34,38,82,20,168,17,21,66,25,50,3,97,95,33,21,20,14,13,9,6,19,22,102,51,24,11,40,93,30,28,50,12,135,5,179,10,24,26,53,44,18,24,87,99,20,91,83,61,63,6,26,28,8,3,25,38,202,53,31,40,5,32,101,26,44,41,48,62,40,18,107,142,60,35,48,110,35,25,22,18,98,16,12,177,67,67,60,41,138,55,35,5,5,40,57,76,63,38,53,91,119,26,59,84,36,27,135,23,66,2,189,51,39,47,64,86,30,31,27,30,36,28,74,25,46,127,46,13,25,49,81,13,17,23,58,118,1,111,19,27,47,62,25,39,52,99,17,74,111,38,64,6,0,100,80,41,63,47,54,98,9,52,78,71,51,79,42,21,11,75,59
S123,27,47,41,47,22,89,39,39,31,26,37,60,18,16,30,21,30,43,58,33,24,62,23,3,40,44,19,12,28,25,32,59,60,55,49,23,72,58,46,33,74,8,47,35,54,10,14,19,12,27,20,26,4,28,26,90,45,116,21,48,24,42,54,20,46,65,8,89,22,109,33,12,29,88,69,35,24,12,56,39,12,60,13,53,42,2,28,119,19,53,30,70,16,14,40,5,13,64,131,142,168,11,20,57,7,19,36,77,5,26,84,37,24,6,67,103,36,43,58,31,73,69,13,22,37,61,23,42,23,15,12,23,10,52,33,67,97,58,55,30,22,25,30,78,2,186,70,13,37,37,10,18,26,19,17,38,86,40,72,11,83,31,65,56,1,14,22,29,83,115,70,20,109,27,33,67,20,64,40,7,11,105,63,12,46,55,48,28,129,27,84,148,40,14,34,97,40,102,23,40,30,89,38,20,85,93,59,34,36,40,57,39,55,44,59,9,43,85,85,24,15,9,221,19,20,30,40,24,55,40,9,21,67,114,30,12,35,66,31,46,102,35,79,24,85,35,27,39,35,57,55,52,28,32,22,9,64,63,14,68,16,32,34,14,17,27,39,19,34,51,24,82,59,141,20,15,12,57,51,109,24,47,80,15,15,29,6,44,67,23,50,10,17,38,21,20,17,12,82,35,5,24,40,70,48
S124,39,36,54,74,47,77,60,95,43,58,85,59,32,35,43,42,48,71,52,53,28,71,71,12,25,37,48,33,31,20,67,106,32,31,51,27,14,61,28,27,35,13,78,75,46,17,35,47,48,11,31,23,20,63,21,51,14,86,60,68,23,48,83,11,32,98,27,130,30,126,86,2,124,50,62,59,59,29,8,66,7,115,2,39,63,19,69,81,39,104,6,34,16,32,59,22,50,47,62,161,62,52,61,55,16,27,22,50,1,27,28,41,100,13,59,110,81,36,15,96,96,63,37,26,64,50,31,24,23,36,3,61,74,15,6,49,19,28,79,16,19,26,57,72,14,33,83,41,12,20,27,55,32,6,40,51,34,28,81,15,25,29,32,31,13,18,54,22,121,71,112,54,12,16,21,48,32,28,21,42,20,28,9,26,18,70,4,39,49,26,35,142,48,19,4,62,41,22,63,45,77,30,66,9,117,49,87,22,79,61,23,10,22,24,39,13,27,70,36,31,59,20,64,13,32,10,2,18,175,50,31,45,69,101,144,53,52,184,29,49,89,23,51,3,40,24,48,40,50,79,39,38,2,45,8,42,79,95,3,50,87,47,58,60,46,20,10,3,40,39,20,64,26,77,15,29,21,82,53,77,43,62,52,27,36,7,1,89,128,30,39,30,68,5,39,46,31,61,48,5,8,5,58,64,34
S125,83,100,109,61,38,203,66,80,43,91,101,74,74,51,79,70,113,79,143,93,85,199,87,42,127,53,88,36,60,31,114,58,44,87,27,21,22,19,60,42,122,24,79,31,35,102,87,62,22,91,88,32,37,83,84,42,32,69,21,177,38,91,23,47,88,37,53,79,48,100,42,10,96,67,81,31,63,85,18,58,15,149,11,37,23,17,58,159,85,88,150,43,45,19,144,34,56,119,84,42,190,7,51,15,14,81,20,56,10,42,60,57,54,49,118,91,21,54,95,73,83,42,30,61,24,53,59,36,24,18,45,36,54,69,23,41,95,36,59,24,29,22,51,62,13,132,188,69,16,55,29,13,15,9,66,43,86,37,17,12,86,55,65,149,11,2,33,78,111,64,58,19,35,53,18,32,64,23,77,85,83,24,10,23,65,72,48,12,60,79,172,125,36,60,35,58,19,49,1,7,38,25,30,59,74,98,88,12,40,79,16,46,65,74,27,15,13,125,93,37,82,5,172,16,22,54,37,32,151,74,20,130,127,66,132,48,61,165,66,10,211,35,42,12,146,268,58,81,75,78,103,88,5,38,26,83,23,89,125,27,69,15,9,40,7,38,18,31,72,64,19,110,58,34,44,27,22,47,122,93,10,30,73,3,105,52,6,77,184,41,20,6,42,89,29,66,52,114,61,38,61,18,47,109,73
S126,13,71,49,46,23,39,34,34,35,35,43,44,48,56,35,29,30,59,34,51,50,64,65,8,29,22,25,31,49,61,91,28,61,102,67,12,62,47,79,30,78,30,50,25,14,13,10,27,13,19,14,6,7,29,12,103,22,130,35,41,28,26,76,22,26,38,34,54,66,59,133,27,174,74,71,13,69,38,0,44,8,65,53,36,25,38,133,111,39,20,67,47,29,30,59,35,87,68,126,53,58,9,19,13,2,40,22,45,1,22,28,56,37,43,37,76,32,13,51,85,57,31,20,40,18,67,45,64,1,49,30,30,38,20,14,66,23,49,101,35,25,15,56,31,15,73,68,10,14,30,7,11,29,27,27,30,82,30,20,15,69,31,8,44,10,30,30,5,69,72,19,16,21,10,31,104,22,69,32,64,46,92,34,19,17,44,4,10,79,17,121,92,34,11,36,7,44,5,36,4,29,20,32,24,63,122,92,14,19,54,14,29,33,12,34,5,40,66,48,35,77,24,118,5,28,75,4,9,41,96,19,52,53,50,87,43,27,64,12,75,50,37,58,17,66,50,44,83,66,23,55,4,14,56,22,8,84,58,15,24,37,61,4,79,49,6,29,14,23,114,12,72,37,22,41,38,26,14,30,30,13,35,51,34,6,4,4,64,94,54,46,26,27,102,3,25,32,21,66,59,54,26,29,82,66
S127,24,64,31,97,79,61,111,98,28,52,83,94,38,50,64,35,57,46,49,48,41,110,50,8,63,37,70,54,36,44,74,97,45,46,31,69,15,53,19,51,72,1,132,10,40,104,225,46,57,86,108,92,109,165,175,60,24,79,133,34,18,88,44,18,85,107,35,173,89,100,96,18,55,86,109,25,32,70,7,154,6,172,2,105,28,17,25,99,46,90,57,86,80,22,109,41,71,17,81,86,120,22,127,29,22,117,25,62,54,47,118,172,108,31,40,140,120,49,72,133,35,58,7,61,32,135,123,80,50,32,64,36,57,41,62,56,212,68,97,40,44,17,82,101,11,164,173,38,13,50,26,40,27,17,68,11,149,69,78,8,106,83,36,192,15,21,44,32,143,124,48,56,17,75,83,52,21,87,53,65,58,37,12,6,24,24,39,6,62,0,229,140,44,30,38,134,34,93,28,7,118,32,77,12,130,120,79,49,47,59,60,70,64,32,52,15,13,146,29,67,164,43,354,77,14,79,9,30,102,112,44,7,136,122,216,69,110,229,113,14,222,101,139,50,141,148,19,138,157,58,171,21,55,69,23,37,127,110,93,64,84,33,42,86,34,2,9,10,32,57,2,145,38,90,117,52,42,39,83,27,25,16,63,85,7,11,48,78,177,10,68,87,84,58,70,84,16,89,78,8,114,13,62,110,13
S128,20,41,39,85,41,87,46,82,35,41,55,67,53,27,44,34,36,38,51,85,51,68,72,18,40,44,64,28,58,26,129,40,57,168,75,20,68,35,49,11,75,31,66,54,58,24,20,36,11,27,9,11,34,28,29,78,14,36,47,36,15,87,103,6,41,78,79,162,37,80,68,10,98,179,176,50,39,18,5,51,2,198,2,43,45,3,47,66,47,124,30,62,46,45,75,57,76,58,172,32,133,24,130,53,37,65,29,48,17,63,72,48,91,33,36,200,96,50,50,127,77,107,9,34,109,34,61,60,10,13,37,34,45,35,13,60,96,14,64,15,29,35,38,150,65,79,122,35,32,45,18,31,8,12,110,60,58,31,34,57,126,36,32,67,38,17,72,13,50,42,58,27,52,2,57,87,56,51,35,73,124,31,29,11,82,57,74,24,76,35,81,168,35,31,23,41,42,62,27,19,72,44,35,53,145,75,185,33,79,123,38,14,121,41,67,3,8,162,84,46,80,99,209,25,26,1,14,9,205,105,19,70,20,119,160,22,76,219,32,53,117,26,26,8,86,80,41,82,69,32,30,61,18,39,34,23,37,67,27,4,28,73,51,41,46,24,22,26,59,22,20,107,22,43,64,40,20,22,56,62,30,36,64,43,43,28,16,37,59,38,32,100,61,65,7,85,17,48,124,10,48,14,57,71,29
S129,95,102,89,164,108,292,95,153,106,196,216,103,149,64,103,86,150,278,111,107,163,318,136,36,100,78,66,103,47,74,18,57,98,114,26,87,54,110,94,63,51,14,20,101,50,64,280,123,61,196,52,83,179,297,105,27,38,82,53,89,10,72,155,42,43,71,26,164,48,58,148,35,108,161,46,54,58,41,27,44,45,39,5,48,57,12,60,64,59,43,145,76,8,23,71,38,50,40,73,29,95,40,86,80,19,115,18,65,5,19,65,56,70,92,110,96,49,51,171,118,77,60,31,21,39,49,47,108,14,23,21,27,40,58,23,51,152,5,56,34,37,29,56,75,13,34,138,30,23,30,13,42,29,4,78,36,93,87,69,8,32,54,28,38,82,53,84,29,105,41,107,15,48,14,35,34,71,75,38,83,36,233,67,11,48,45,12,39,81,19,167,70,20,15,57,74,31,27,8,46,64,32,43,33,225,147,18,12,66,77,35,24,86,11,107,21,73,93,95,26,61,18,184,60,34,25,12,81,135,56,23,109,55,85,190,33,75,110,63,86,168,38,13,4,79,82,61,55,54,129,101,25,49,38,26,20,45,44,36,28,11,19,56,169,27,23,49,16,23,80,14,35,31,22,56,37,26,22,76,75,11,91,104,41,27,7,23,37,74,8,72,27,69,88,31,59,55,45,95,16,59,9,65,101,78
S130,75,92,82,109,38,121,85,124,48,51,72,111,59,78,80,82,61,122,90,97,127,60,126,9,90,32,19,64,47,19,43,40,92,119,27,149,186,69,40,84,50,32,39,52,74,33,15,68,21,26,19,57,40,47,27,119,30,100,45,112,55,56,83,52,21,47,26,228,106,78,100,57,126,117,47,22,34,51,16,78,21,103,5,76,28,25,55,110,20,77,43,69,74,47,71,32,154,53,80,92,196,8,37,21,16,54,13,54,8,73,73,74,42,27,43,52,122,27,73,100,18,28,31,13,101,67,86,24,15,10,10,13,31,49,47,35,83,13,131,15,46,41,71,61,18,113,146,41,40,58,37,12,6,3,28,9,99,63,70,21,79,58,18,70,17,44,64,38,44,63,29,52,28,5,50,78,33,63,16,89,24,61,52,5,15,24,57,8,103,56,161,123,69,8,64,49,18,42,47,14,27,37,41,53,194,70,15,27,119,62,18,69,32,32,29,5,32,76,35,21,33,33,280,42,70,28,19,52,104,71,70,25,67,143,141,38,67,83,21,52,96,57,45,41,171,37,65,101,79,50,51,33,5,156,40,18,26,36,63,56,31,13,20,55,60,41,18,21,66,18,31,54,41,73,48,32,18,46,120,169,52,24,125,53,54,39,50,120,78,6,65,33,62,123,34,45,110,38,89,22,56,51,63,70,39
S131,42,62,73,112,89,194,42,77,25,88,114,62,71,76,70,27,62,69,72,85,58,104,114,23,159,24,37,65,14,45,81,52,20,86,13,54,52,45,10,33,20,44,41,14,119,60,188,70,59,212,39,33,120,127,54,143,32,77,23,41,16,30,31,17,14,164,38,88,62,159,183,11,36,67,52,4,31,58,6,42,18,133,12,32,9,32,68,146,31,69,16,28,33,5,40,22,34,83,69,168,137,34,72,39,5,20,16,66,6,69,16,69,33,19,92,138,54,46,34,32,38,88,17,17,29,8,81,54,31,24,30,12,32,15,17,61,19,23,62,33,31,21,48,116,15,46,43,28,14,31,24,47,17,28,46,19,69,45,22,13,35,62,21,73,8,19,7,9,107,46,55,8,30,19,42,69,33,25,32,61,24,59,77,13,47,27,5,26,87,4,119,49,4,24,25,29,42,10,9,16,62,15,24,43,157,47,66,6,41,35,35,23,13,47,45,39,2,220,22,4,59,64,190,22,24,40,30,56,79,66,21,15,73,32,75,14,44,43,38,40,36,25,29,25,41,106,49,91,110,58,63,21,5,22,49,14,22,81,18,27,34,33,50,36,16,20,51,14,16,91,0,50,56,19,22,76,31,36,39,33,29,22,24,51,77,5,10,90,35,28,34,86,38,73,44,39,17,16,74,33,93,18,51,52,95
S132,27,43,34,80,34,87,27,84,19,54,73,42,55,22,57,75,50,40,56,29,57,80,43,11,63,60,55,55,38,27,60,50,33,102,95,31,48,52,23,71,46,29,72,74,36,39,55,65,20,69,57,86,32,47,85,37,11,80,25,32,19,50,41,44,49,26,58,173,76,89,63,3,89,23,12,18,60,28,12,97,14,154,9,56,71,25,38,127,39,47,22,124,6,18,20,53,80,74,33,133,233,20,60,25,49,31,12,34,8,23,49,39,57,34,56,14,55,20,66,107,45,47,35,31,35,95,85,72,8,17,23,8,32,65,35,121,30,20,39,3,21,18,29,12,30,107,47,22,5,36,5,7,9,1,51,50,83,11,83,36,26,20,69,73,15,10,66,7,41,16,49,19,3,11,22,24,18,40,22,21,31,42,59,70,50,8,72,18,61,33,66,87,15,41,5,19,55,22,39,27,51,14,15,29,68,156,83,19,36,59,41,38,59,18,28,3,5,83,66,15,74,25,130,40,100,34,27,26,278,44,21,21,97,84,76,13,109,110,31,13,55,10,59,12,25,73,6,62,21,47,46,23,22,25,25,28,18,15,10,19,81,30,8,46,66,20,62,12,57,59,19,69,42,54,90,24,38,20,68,85,13,43,25,23,36,36,13,41,23,20,45,27,63,46,7,23,31,39,23,50,64,13,19,55,33
S133,55,95,48,126,149,187,100,145,38,106,144,66,53,84,105,83,54,69,18,132,114,175,95,12,47,44,12,49,88,41,59,57,40,90,41,29,33,59,78,33,74,46,37,5,28,11,30,31,13,17,45,26,30,18,37,86,46,60,43,24,39,51,73,23,46,104,71,96,44,80,134,68,161,183,35,26,29,68,18,26,19,88,17,60,14,11,45,110,51,141,20,31,69,24,92,27,46,158,69,37,132,28,50,102,18,99,63,100,0,41,35,53,140,6,54,52,93,85,112,86,46,28,31,18,58,68,51,49,18,116,21,98,51,26,28,67,107,19,54,56,40,25,34,96,20,157,48,64,57,85,20,52,16,2,60,70,30,55,58,18,91,78,17,110,51,25,29,16,87,23,93,25,21,13,38,78,40,121,49,84,48,97,16,53,9,54,33,18,38,15,172,37,60,20,11,58,14,54,47,17,67,13,59,24,112,175,47,60,37,52,17,46,43,10,76,7,1,125,135,17,25,22,154,14,34,27,9,24,303,56,36,119,51,174,137,22,152,143,76,31,33,2,47,45,29,56,71,47,125,53,41,75,25,79,8,27,30,50,10,24,76,27,45,17,68,36,56,37,91,67,11,35,12,39,26,32,26,40,29,73,3,43,82,36,24,6,10,31,73,21,55,75,47,26,35,54,11,29,64,33,101,7,35,71,43
S134,25,59,29,81,61,117,41,60,101,82,125,81,114,21,69,57,91,110,46,171,91,103,49,52,70,32,17,54,62,27,65,17,39,61,53,83,64,75,31,74,126,37,14,22,34,136,142,167,30,126,76,120,158,185,99,22,9,66,36,43,32,34,46,16,49,101,28,100,108,63,151,16,123,80,217,60,21,62,4,39,3,242,16,28,44,14,75,116,60,66,35,65,9,24,26,24,73,49,92,103,104,27,27,27,10,58,59,43,10,18,127,94,36,63,73,122,26,44,80,102,65,95,34,21,93,69,77,50,11,32,24,21,18,56,94,16,81,27,80,11,8,56,33,49,7,42,24,12,29,37,33,68,42,17,40,44,49,42,24,20,80,14,3,76,10,11,33,17,69,16,111,15,9,29,33,58,40,17,58,69,25,61,16,55,43,46,33,11,109,55,76,90,47,20,11,17,17,29,72,40,51,21,23,20,94,96,91,72,94,22,14,46,97,45,48,9,14,58,102,25,66,50,334,51,69,7,15,67,161,75,14,54,93,32,36,31,56,117,10,46,59,65,26,41,56,20,36,50,63,77,42,20,3,92,25,33,46,30,10,19,45,19,38,74,37,13,16,21,65,39,13,46,33,36,68,26,7,13,44,127,20,20,87,35,99,17,13,33,74,16,34,108,33,72,39,50,30,61,58,12,63,16,21,72,27
S135,36,54,116,53,88,100,119,130,81,103,76,173,46,18,66,72,43,84,75,88,114,196,118,7,61,86,99,84,90,65,64,37,71,136,78,43,41,58,26,50,91,29,68,49,100,139,203,139,122,201,81,201,164,239,189,67,70,64,57,51,12,35,133,12,65,117,47,82,62,85,78,4,28,119,159,53,64,87,26,86,2,138,9,71,58,20,101,146,5,122,34,82,50,25,42,27,54,120,145,54,79,58,25,55,53,51,37,40,1,18,72,57,67,30,55,83,41,44,64,109,70,158,6,124,99,88,155,127,10,64,2,29,73,19,88,61,45,47,57,11,57,76,61,33,43,53,44,62,3,15,18,17,68,44,22,29,107,65,88,31,19,28,89,174,12,36,26,13,139,83,107,17,30,8,71,65,39,72,87,66,41,118,26,58,27,37,39,11,113,30,107,102,74,5,14,123,38,26,43,32,28,72,80,55,59,103,51,52,64,146,47,61,118,4,89,1,28,107,32,26,32,33,191,38,76,9,29,4,186,102,12,80,36,92,210,22,87,46,50,41,109,36,64,40,57,69,42,47,71,36,72,31,21,158,21,40,15,89,47,76,28,25,8,134,84,10,24,14,16,87,6,28,43,74,59,68,3,45,71,61,32,26,124,39,110,13,6,50,112,15,84,78,75,181,27,46,110,79,90,23,142,38,70,49,43
S136,50,90,60,64,54,176,80,113,33,107,96,84,70,43,63,118,74,119,85,60,72,84,120,2,57,105,50,41,44,23,79,88,72,107,74,28,11,16,18,63,26,34,60,54,16,31,49,57,32,58,39,109,62,31,32,122,73,92,41,79,47,29,43,44,11,83,43,62,114,63,116,47,102,173,136,37,44,92,6,106,1,214,52,28,22,10,115,120,56,66,59,107,52,8,39,60,14,31,124,87,173,14,62,26,31,48,47,31,10,39,126,48,59,73,43,160,90,28,19,125,122,70,30,29,67,49,61,106,33,32,11,22,64,52,69,61,90,53,58,15,47,20,66,78,17,160,100,42,62,6,10,43,55,4,50,21,45,26,62,29,63,79,85,112,9,12,10,25,28,61,71,40,10,15,4,61,29,33,77,61,94,158,13,54,54,23,33,42,61,52,49,129,121,45,31,72,44,58,5,62,49,81,82,11,213,196,82,55,70,52,39,145,20,7,74,0,8,73,56,85,64,25,247,31,63,73,2,43,152,97,44,113,69,31,202,17,26,149,34,86,109,64,57,41,173,100,31,147,108,50,38,28,5,40,43,35,27,38,14,91,40,11,25,152,17,2,52,37,65,75,15,141,26,59,55,38,10,22,120,40,44,40,56,137,9,11,18,109,86,19,18,13,28,200,52,10,22,66,33,82,40,38,54,109,71
S137,71,51,41,112,164,235,100,116,40,128,166,94,186,47,73,111,90,163,51,130,49,67,93,39,92,27,29,33,55,66,19,35,47,66,31,31,22,46,20,43,66,35,26,24,48,18,44,43,21,66,53,36,31,54,47,37,17,85,38,60,16,41,23,19,77,167,37,186,62,70,93,14,96,83,52,27,42,12,4,62,7,39,5,34,17,46,53,157,28,46,21,80,91,20,53,44,65,66,54,38,133,24,53,36,35,56,12,19,7,51,25,57,90,24,25,100,65,28,56,78,52,59,8,35,23,36,76,25,8,11,34,24,23,29,32,49,25,2,67,3,24,11,16,33,9,29,36,12,2,18,19,14,10,12,41,64,36,49,23,10,44,44,24,44,27,3,24,28,81,12,40,8,13,19,22,28,47,42,31,29,32,61,19,5,24,15,16,14,80,11,83,39,36,30,4,41,24,6,31,15,59,24,42,17,79,63,22,34,30,44,8,15,44,31,36,10,10,29,35,18,24,43,270,26,47,19,2,15,71,20,34,31,37,63,113,28,38,54,8,32,194,20,26,12,45,22,49,94,34,45,19,40,20,49,30,8,13,26,31,33,20,21,30,65,22,16,24,1,88,43,0,89,105,17,34,24,7,29,47,56,17,60,43,39,23,20,3,58,62,33,42,39,13,61,38,8,15,37,68,11,58,5,15,17,17
S138,72,126,70,129,74,134,174,160,46,137,99,148,91,25,17,93,100,138,60,117,76,121,68,36,58,82,53,38,59,32,68,26,57,99,57,86,81,38,52,17,56,17,22,31,47,98,81,144,61,46,66,16,47,75,58,25,53,79,17,44,27,61,103,30,83,44,24,117,88,55,136,56,55,64,101,39,134,11,31,64,26,174,3,58,53,33,66,103,37,114,29,52,30,6,105,66,58,32,51,33,66,77,82,82,38,46,25,43,11,12,64,35,115,6,59,50,91,41,25,110,134,70,0,19,59,41,32,28,31,48,14,19,56,24,51,97,32,21,22,18,15,49,48,116,7,66,157,61,6,5,3,35,26,6,81,47,105,45,55,10,51,32,48,73,5,43,45,22,100,24,53,43,31,27,66,86,64,67,18,30,59,84,15,15,49,39,8,12,46,36,85,52,43,17,73,133,34,75,54,34,46,58,7,52,178,134,92,11,149,40,32,104,41,37,91,1,30,67,59,39,40,37,194,48,54,15,25,10,134,58,20,62,100,107,97,78,65,106,59,57,154,71,38,33,170,71,8,76,79,30,66,50,18,42,26,19,80,107,7,50,57,9,33,56,32,33,49,45,37,65,16,49,71,42,76,73,36,22,66,101,43,53,144,52,63,9,5,49,85,23,55,61,20,27,16,37,56,74,56,24,112,30,55,85,85
S139,48,50,147,91,55,192,49,85,49,178,125,63,79,72,53,129,60,63,50,70,48,125,89,31,93,42,15,55,36,28,32,39,37,84,27,62,46,36,10,27,39,38,21,30,13,11,24,25,42,38,28,32,32,25,38,41,50,53,27,27,30,19,28,11,52,79,33,29,106,80,53,0,102,32,150,67,82,54,1,32,19,122,2,50,35,22,20,146,41,72,38,54,95,3,24,38,29,71,48,72,132,2,28,47,14,21,48,49,14,30,69,59,21,30,69,98,57,31,74,74,52,50,21,22,23,55,39,26,11,17,1,12,10,25,78,16,64,21,53,7,27,14,14,40,13,35,96,21,14,43,4,38,21,8,39,16,45,27,23,1,52,27,15,52,16,50,64,18,41,59,63,23,16,21,20,30,27,90,21,62,40,21,33,19,32,21,14,22,28,34,94,91,76,14,17,44,23,23,31,13,30,19,47,33,112,75,55,34,35,66,49,31,42,24,72,4,3,101,71,15,30,20,145,11,22,15,11,7,99,81,4,19,85,84,14,26,46,97,53,27,107,87,54,17,24,77,15,80,61,28,17,13,6,103,19,36,103,33,36,63,30,19,17,124,42,29,37,29,35,13,2,86,18,42,11,10,23,33,48,121,4,26,15,11,29,24,4,85,46,45,52,13,34,74,14,23,65,28,48,22,33,33,27,18,27
S140,16,51,64,97,67,68,48,107,73,106,102,25,58,56,100,27,78,113,32,102,63,142,54,31,76,57,24,69,64,16,54,50,87,56,49,32,71,47,28,42,46,81,36,73,91,53,151,156,120,141,87,164,97,174,82,66,51,58,39,57,4,47,51,29,12,70,8,76,38,66,61,4,130,34,154,41,59,16,11,76,20,71,8,10,17,43,148,131,13,57,47,28,16,13,41,21,83,127,64,31,86,23,48,35,34,59,44,42,10,7,71,35,53,23,88,124,50,34,42,77,19,16,12,29,110,46,34,64,42,28,9,56,14,25,97,61,76,28,92,6,31,28,67,31,12,49,55,33,30,24,34,47,19,13,43,8,124,52,57,10,39,75,21,19,18,43,94,8,65,79,38,58,16,27,25,36,33,59,60,17,39,34,80,34,24,22,21,36,69,8,70,83,28,14,2,28,18,68,24,22,29,28,42,107,126,155,90,59,76,54,48,38,31,9,35,10,11,90,35,31,42,40,43,37,21,28,93,29,279,102,36,42,66,192,54,14,68,53,37,53,40,13,35,27,46,31,64,65,55,50,62,12,9,5,22,16,39,53,41,46,38,28,20,45,87,16,39,6,10,168,0,65,84,34,30,36,21,53,98,156,13,79,21,47,38,10,8,39,72,17,42,25,49,139,14,34,21,68,98,22,65,4,97,101,58
S141,71,101,51,180,76,199,134,223,25,149,151,114,70,81,89,66,84,165,46,167,131,118,162,13,141,55,19,41,33,31,101,31,76,94,76,83,31,61,50,47,56,54,26,28,18,15,52,81,51,57,20,27,37,49,23,119,56,21,44,96,18,28,118,32,16,109,57,243,30,26,124,43,102,54,73,39,47,62,56,45,12,70,22,18,67,16,137,125,64,161,72,56,70,32,75,93,52,127,105,38,43,10,90,47,17,95,39,91,0,15,68,44,50,17,32,77,50,16,55,25,53,54,18,54,64,28,51,33,13,49,44,33,102,18,53,63,49,35,44,22,36,15,37,44,53,127,29,98,11,64,16,23,38,10,77,28,50,34,30,9,38,39,10,97,8,55,24,13,44,36,96,37,32,39,35,35,33,34,86,37,41,47,8,6,36,18,36,66,25,18,107,82,18,6,20,18,34,65,2,32,59,50,43,15,63,132,86,27,69,27,35,33,114,16,52,4,17,157,52,81,37,30,47,49,75,29,9,17,220,79,41,64,86,177,168,27,62,100,39,33,64,30,83,61,71,102,29,104,98,9,74,95,35,75,27,5,85,51,9,40,18,46,16,51,52,34,31,17,39,57,22,81,21,57,43,63,16,18,117,69,25,24,78,7,43,13,4,15,63,12,21,32,44,208,61,32,41,80,41,3,12,14,9,71,63
S142,30,28,31,102,35,54,61,50,36,44,37,40,65,25,46,29,43,51,11,38,57,50,78,11,28,25,27,36,37,42,20,29,56,54,56,70,54,33,22,39,80,11,64,33,34,41,36,57,15,56,13,33,39,40,28,55,19,74,29,23,13,27,29,35,56,39,77,104,42,23,54,36,42,15,30,53,25,14,7,44,3,35,3,22,20,13,23,86,21,43,20,38,44,2,15,25,41,45,56,55,106,30,17,31,26,17,20,40,18,43,35,46,40,10,48,105,27,29,18,38,30,18,17,35,54,44,10,82,5,16,14,15,16,12,18,32,30,10,51,8,11,35,66,17,3,65,45,28,37,28,30,5,15,9,33,29,54,5,21,9,20,37,1,57,3,10,20,6,45,41,46,8,21,27,23,48,40,37,25,34,25,67,14,22,18,50,18,33,43,39,72,84,49,11,8,42,34,18,25,11,36,13,58,16,65,33,16,36,46,36,14,51,15,9,40,0,10,130,38,16,21,29,129,45,4,8,20,20,42,50,47,28,34,39,71,26,32,63,37,18,35,14,37,33,33,69,38,31,53,50,75,46,19,40,55,58,42,39,43,49,35,6,16,51,18,5,12,12,28,63,11,47,28,25,7,16,9,27,3,93,20,16,29,17,21,6,6,33,45,13,49,51,13,27,29,32,26,33,14,16,26,3,40,59,17
S143,27,75,66,70,52,113,89,134,31,114,54,39,64,64,88,70,55,68,55,72,76,108,95,34,82,42,13,126,76,86,123,105,100,42,52,53,83,21,98,49,23,30,44,135,71,23,46,88,5,22,27,68,83,16,28,69,15,48,65,25,27,90,91,14,64,93,24,149,128,122,144,20,104,48,78,32,27,15,23,63,5,91,20,90,63,15,104,185,13,115,26,54,54,29,100,47,137,66,20,47,114,59,60,18,7,63,90,81,79,33,124,107,18,38,159,141,96,53,145,192,85,62,33,7,205,96,75,79,13,3,6,17,29,36,33,28,79,10,54,41,9,19,166,95,14,136,119,28,70,41,3,132,26,5,123,39,59,41,49,17,26,52,9,82,9,21,77,10,80,60,121,51,50,25,35,40,35,57,49,34,54,51,70,9,52,45,10,11,72,74,155,123,90,43,11,90,25,37,58,51,58,71,32,76,177,114,63,35,112,53,29,94,121,17,19,29,6,142,25,34,28,90,260,8,23,28,16,46,136,135,80,21,103,140,77,11,116,115,69,42,132,62,42,19,148,41,38,38,83,28,55,18,11,39,30,54,93,33,1,46,14,13,42,105,30,28,33,5,23,25,15,128,25,41,59,42,7,34,91,106,13,25,140,64,45,11,12,61,99,29,41,90,13,95,22,41,28,79,89,27,68,16,48,111,6
S144,213,314,200,354,182,305,106,178,180,278,185,206,91,118,240,197,196,245,166,256,217,480,167,45,125,71,5,77,78,50,112,75,70,205,78,20,50,40,81,43,96,6,160,27,92,13,18,42,5,16,46,94,42,34,92,50,66,119,52,91,27,50,68,28,42,90,48,80,32,72,102,46,101,29,78,60,12,18,29,58,36,133,11,27,20,29,76,106,39,163,61,118,66,22,93,42,91,47,34,78,165,38,73,100,19,40,46,85,6,98,48,50,69,78,60,71,77,80,61,156,109,58,13,65,19,46,83,47,12,31,22,38,35,9,66,74,149,30,150,13,48,27,47,112,19,112,66,36,15,16,41,71,18,21,57,35,45,25,66,51,31,141,48,110,40,5,8,15,26,47,41,43,12,16,29,57,51,60,17,54,50,140,37,23,47,65,23,35,100,38,107,46,36,20,12,16,14,34,76,39,109,40,105,26,96,164,83,22,75,75,37,62,117,22,54,50,29,88,66,50,83,79,95,25,28,17,31,16,138,83,58,44,58,35,84,142,73,171,54,17,109,35,47,32,61,90,25,66,65,67,83,10,80,45,38,23,44,69,12,58,36,40,24,18,82,72,14,3,48,193,22,54,69,25,49,31,32,36,43,125,30,15,121,16,21,13,10,83,147,112,47,164,11,101,10,22,75,18,29,27,29,11,70,73,56
S145,39,115,79,136,68,132,52,80,76,79,87,68,58,26,85,66,60,73,116,101,187,140,190,12,49,33,19,34,29,72,105,37,97,44,80,27,51,82,64,55,66,28,15,22,43,16,7,31,18,20,29,29,29,31,25,20,11,105,48,80,2,15,98,18,34,50,30,112,31,31,129,3,67,75,114,49,58,72,6,64,11,164,2,87,58,15,66,96,60,124,38,53,31,78,46,31,72,91,104,29,211,30,52,48,59,33,11,44,0,55,60,110,39,37,59,68,84,19,139,131,132,69,6,65,27,45,47,43,18,22,17,11,26,47,32,38,36,21,55,35,20,5,40,31,42,121,70,27,49,27,83,31,23,6,49,74,88,5,43,34,46,40,12,170,23,9,77,30,90,107,53,29,61,24,12,44,22,62,74,78,43,79,15,29,117,44,132,9,60,16,90,180,32,8,20,83,38,20,31,67,34,35,54,14,225,125,94,30,16,65,29,9,41,22,119,10,25,83,52,34,24,14,229,17,22,3,26,4,213,85,33,45,91,95,89,7,83,139,40,16,80,55,114,20,109,133,21,62,76,71,34,71,14,62,28,28,22,42,15,30,51,36,21,113,33,35,67,28,55,89,9,89,53,28,19,21,18,71,68,127,24,10,91,24,74,46,39,47,123,68,32,57,35,76,45,11,32,73,64,72,48,4,14,97,22
S146,72,55,71,91,69,187,74,89,52,68,140,70,29,71,70,100,34,167,45,156,28,153,122,49,117,66,42,73,6,80,17,31,99,83,51,28,76,47,24,55,37,74,48,19,78,72,150,201,90,128,62,172,173,105,83,30,34,51,24,41,6,63,91,25,57,52,23,88,62,33,145,3,50,131,122,54,46,5,34,52,46,125,37,43,22,2,67,163,20,151,24,38,37,13,37,39,102,21,119,58,109,54,76,31,17,40,38,53,4,35,120,98,19,52,85,69,92,25,61,153,27,35,7,41,70,26,116,87,8,23,21,45,32,3,35,69,61,29,24,13,49,20,87,110,42,50,62,24,11,15,17,31,51,21,23,57,75,72,59,24,22,50,21,82,9,34,74,12,52,65,88,45,23,24,35,102,19,33,34,47,43,36,37,29,28,49,82,6,66,44,150,78,51,14,13,24,20,23,24,21,12,30,85,41,100,101,34,39,103,47,7,15,62,24,102,34,10,176,40,38,51,40,338,17,28,12,8,10,179,91,17,30,86,114,73,14,79,71,55,34,167,36,37,15,118,74,57,44,107,95,72,30,20,32,16,2,39,88,40,53,29,29,55,35,27,15,12,33,103,141,4,89,34,43,66,17,12,54,44,20,14,16,74,87,19,21,60,40,155,10,65,32,35,138,5,35,18,54,11,57,7,8,56,68,51
S147,57,57,34,57,63,123,79,78,30,119,92,79,77,22,161,49,72,110,49,77,70,151,71,24,83,56,38,48,53,42,109,25,62,95,52,80,91,19,54,73,47,7,29,49,48,48,93,34,73,34,40,52,55,87,59,26,26,81,25,77,44,21,101,20,61,91,33,27,44,28,67,42,20,107,191,49,75,15,24,73,10,107,7,11,53,66,89,180,33,33,10,61,39,22,24,17,58,75,69,106,151,33,97,104,29,90,36,119,0,42,114,62,30,3,127,61,101,87,47,44,102,90,36,25,23,34,36,26,37,12,25,16,21,48,28,18,31,38,72,10,26,17,39,37,8,51,98,28,38,32,3,27,14,9,79,26,108,59,63,4,37,66,43,53,23,27,59,33,116,51,47,14,16,5,76,47,19,52,111,72,16,39,21,6,17,52,74,3,162,46,95,147,60,16,19,81,54,9,2,27,31,77,32,28,76,37,78,27,75,64,19,31,43,65,85,4,40,183,37,63,58,56,86,16,40,32,26,19,106,104,29,88,102,92,131,10,54,76,31,35,140,37,56,2,45,39,44,83,75,43,77,33,10,78,21,38,99,37,8,13,25,8,26,66,88,27,24,32,49,72,5,82,49,13,34,5,6,7,90,84,16,43,85,49,11,3,23,107,25,20,34,17,36,78,15,28,13,74,69,28,77,21,40,63,17
S148,59,102,73,111,75,96,60,139,38,125,125,77,52,61,45,57,50,105,89,230,81,135,89,45,102,23,27,52,55,18,65,15,68,126,31,12,22,20,52,56,60,27,51,29,62,20,127,61,71,90,67,115,51,160,123,69,43,35,32,20,21,52,30,67,14,114,42,105,39,82,194,20,50,59,41,15,10,22,17,61,13,70,2,103,62,9,126,56,18,145,17,42,59,21,25,24,27,152,124,62,96,22,28,33,50,38,64,51,41,12,79,159,12,38,43,45,113,52,36,107,27,21,31,73,67,19,67,83,21,5,22,27,51,32,37,31,35,17,69,28,28,11,43,30,57,91,21,13,2,32,25,49,12,4,76,5,64,23,46,26,56,41,93,42,16,22,34,17,55,71,34,48,48,18,39,78,43,35,11,36,41,57,21,9,12,14,16,47,111,10,158,75,75,10,24,34,73,22,37,11,52,9,42,18,94,80,74,27,42,60,4,13,15,84,12,20,18,135,28,25,34,42,138,9,25,21,5,8,102,100,27,57,66,87,65,8,63,101,132,27,123,31,33,17,70,41,52,19,59,99,44,78,50,13,42,82,43,6,23,15,5,21,20,7,24,44,30,28,43,118,7,44,29,54,85,18,13,22,53,84,28,6,76,9,37,6,4,34,89,37,140,18,70,76,33,64,35,69,17,8,61,20,44,30,79
S149,125,134,168,263,143,255,155,66,176,204,168,173,63,64,101,80,138,100,99,233,140,191,256,38,91,28,39,58,28,71,31,57,56,104,122,50,66,57,61,90,32,26,35,70,51,44,119,36,12,45,23,42,89,14,30,27,37,44,49,39,11,47,60,39,51,55,13,75,41,47,77,22,89,62,53,45,41,25,6,120,13,104,2,48,54,3,38,96,35,45,24,35,39,6,75,35,47,79,134,109,119,43,59,33,14,30,14,39,7,108,91,36,66,45,75,51,69,53,112,149,41,73,12,19,66,46,51,18,7,13,25,39,9,35,51,22,15,32,37,30,11,19,82,48,24,40,100,37,72,14,55,11,20,1,24,38,97,54,52,27,125,40,8,195,39,47,73,26,45,55,28,18,62,20,57,79,40,31,50,36,8,41,64,35,7,12,32,48,81,32,92,122,35,22,21,77,64,9,20,13,47,40,42,18,98,241,43,33,80,68,10,40,49,11,50,5,39,96,31,26,34,43,86,30,78,13,18,14,200,24,80,8,24,51,138,23,60,146,45,25,136,49,53,33,79,93,57,86,95,106,81,11,18,81,49,25,71,89,9,54,14,36,22,45,39,11,119,25,27,30,7,97,31,58,87,17,28,12,34,79,4,59,142,37,72,38,6,82,57,71,62,22,39,32,14,93,45,44,65,50,96,30,88,56,69
S150,35,33,29,94,79,158,37,77,35,56,80,76,60,37,77,28,40,67,40,57,63,123,48,21,53,48,25,43,82,56,44,32,55,39,30,37,12,11,22,41,68,11,96,50,76,6,39,41,19,52,28,93,67,32,18,67,22,81,43,27,40,66,24,11,30,75,29,95,59,22,117,17,96,91,96,30,173,47,26,101,14,111,40,30,44,16,101,158,48,81,36,85,20,33,61,100,29,38,241,62,197,8,30,21,30,99,69,31,0,35,93,112,51,24,57,68,86,51,68,136,54,22,60,13,83,40,58,41,15,13,20,15,12,12,53,43,43,65,58,13,38,28,84,40,24,85,44,6,25,43,27,32,16,9,44,16,120,38,69,16,66,45,31,96,6,35,5,12,73,69,26,13,9,43,40,49,24,66,24,12,68,132,62,2,58,57,34,18,107,3,283,56,99,40,24,30,23,1,10,29,35,18,27,18,60,121,78,34,78,67,12,51,92,23,91,2,3,64,53,15,31,43,128,17,26,12,22,37,150,92,43,40,96,99,107,40,84,138,50,17,98,41,59,17,78,23,53,125,36,30,78,17,22,69,19,31,13,28,15,35,19,29,45,44,63,29,16,19,33,37,3,68,32,31,76,78,1,59,22,92,45,77,53,18,27,10,56,83,146,8,53,57,41,64,41,45,30,47,31,34,53,17,32,110,41
S151,42,38,40,32,28,37,39,52,27,32,61,65,19,24,36,68,35,100,36,28,35,62,65,10,38,29,14,78,32,40,70,55,90,94,36,65,24,66,51,22,78,29,76,27,33,17,72,95,17,38,30,71,35,66,64,99,39,102,53,43,6,85,120,4,56,91,5,138,195,93,41,16,92,112,63,133,39,21,18,69,28,87,18,90,39,40,37,218,93,93,58,14,90,9,30,22,104,89,196,101,119,25,45,32,24,38,29,37,2,50,52,157,144,15,21,88,128,39,30,133,19,26,8,51,46,24,77,54,63,26,21,28,39,37,42,23,40,33,111,11,15,44,43,27,28,110,47,17,25,12,17,45,20,8,103,29,120,52,41,1,31,16,14,86,8,18,84,13,33,74,36,6,59,10,69,27,31,101,23,66,79,95,59,9,10,21,55,4,157,53,75,168,35,22,83,79,42,27,46,15,11,42,44,62,141,172,56,22,76,57,38,45,58,40,78,11,18,88,99,31,50,45,253,30,92,9,17,38,240,114,55,64,111,164,138,9,79,96,69,26,57,3,41,49,96,107,32,31,143,30,44,21,8,73,17,52,55,78,8,56,17,52,21,65,49,9,71,19,19,22,66,135,38,81,64,23,19,27,87,54,17,46,94,59,34,2,12,16,59,19,49,12,21,76,18,93,101,73,60,8,45,9,41,54,55
S152,40,52,19,108,26,123,60,61,30,76,27,33,43,36,49,57,40,94,27,73,75,59,58,2,44,46,56,25,54,66,83,52,68,101,25,23,44,22,33,56,41,13,47,104,33,12,64,36,11,39,23,46,53,30,20,6,61,34,21,34,25,37,29,19,21,49,47,62,36,33,88,7,58,84,40,31,115,22,41,24,12,44,4,29,40,15,71,64,19,50,11,62,87,6,90,43,16,78,55,97,117,7,30,37,8,72,26,28,7,20,94,43,44,21,28,65,70,24,76,56,56,39,10,8,36,92,33,46,17,39,13,29,27,35,20,17,15,17,41,3,34,14,54,76,25,36,56,24,28,18,14,21,23,22,43,21,76,36,66,22,39,41,31,31,11,56,46,40,94,11,70,28,29,8,18,21,23,88,56,42,35,30,33,11,86,10,19,63,83,35,124,76,40,16,14,130,37,10,26,50,31,30,34,27,136,71,60,13,18,40,36,19,28,29,28,14,12,87,31,15,32,20,128,13,41,11,10,1,106,62,22,51,44,37,98,13,78,83,79,47,92,15,16,43,76,62,50,139,51,16,61,9,19,49,18,29,35,48,16,17,48,30,9,63,23,13,39,33,26,16,3,118,6,33,32,43,35,38,57,91,42,53,37,18,36,12,15,100,97,23,26,14,35,47,30,19,11,61,16,14,78,18,17,45,25
S153,23,65,68,131,105,75,72,188,42,122,136,75,62,99,67,68,29,166,74,129,109,160,147,57,143,57,30,64,89,36,75,33,63,60,79,49,36,86,49,70,97,10,13,12,79,58,93,119,28,79,55,25,117,74,98,49,82,77,152,78,16,55,50,41,17,111,28,113,134,42,144,27,115,78,78,49,92,40,19,87,9,110,6,101,34,70,132,124,16,89,97,25,73,15,41,26,128,134,117,120,108,10,102,43,30,29,60,133,1,39,82,162,81,26,68,64,85,20,77,186,159,56,7,13,59,32,127,72,69,1,22,41,63,48,13,66,86,16,97,23,14,24,94,135,5,66,54,152,52,14,3,33,62,4,98,35,176,91,36,31,112,12,40,61,2,5,44,31,51,93,33,41,60,23,23,106,34,49,52,98,43,63,26,7,37,75,97,28,79,11,169,130,49,35,15,46,68,109,46,49,94,72,17,32,105,108,74,9,67,95,41,49,43,2,106,21,32,118,95,22,65,9,317,51,62,40,5,15,142,105,30,73,37,153,144,64,46,229,47,70,88,31,42,69,126,68,49,50,110,41,41,35,24,94,74,17,68,92,56,9,39,73,22,26,25,17,37,41,78,70,21,67,44,88,24,45,16,41,26,127,9,68,126,18,86,18,5,132,173,33,45,3,76,148,17,34,40,76,57,13,62,23,26,74,64
S154,45,91,63,106,59,193,96,80,88,80,76,86,43,28,46,71,60,71,52,149,114,134,85,34,93,60,33,58,38,36,97,50,85,89,29,29,58,68,94,11,33,116,29,14,12,21,11,95,24,67,56,147,60,70,35,51,29,73,54,122,47,85,53,87,40,71,47,117,106,38,100,11,132,117,116,93,42,91,12,60,16,87,25,113,51,32,96,161,146,96,64,64,66,27,39,7,69,121,57,11,156,22,36,45,42,89,69,39,2,44,132,49,35,30,64,133,42,61,61,105,61,46,49,32,36,69,53,79,39,33,28,27,33,10,20,73,70,16,88,15,27,28,18,120,35,134,97,43,15,14,21,43,48,15,18,20,73,87,64,48,54,47,37,125,62,33,95,14,71,17,164,23,58,9,45,41,75,23,45,49,50,32,41,34,18,39,50,26,50,55,163,151,86,43,39,48,36,49,117,56,10,65,90,31,109,116,73,56,97,22,27,37,49,3,70,9,21,220,9,86,55,28,130,22,37,50,63,6,78,74,32,92,98,88,156,6,80,68,56,45,167,26,97,0,137,93,24,87,34,116,37,22,28,114,30,68,128,41,24,68,33,39,34,76,79,4,53,18,79,128,41,83,45,25,51,63,41,67,76,148,10,43,198,130,50,13,5,97,59,16,80,56,31,109,5,119,12,82,65,11,10,16,57,61,63
S155,48,117,171,150,56,193,126,110,51,139,194,186,83,217,115,113,117,165,141,133,63,128,184,131,193,96,42,75,74,20,81,81,111,92,99,21,32,73,31,59,87,25,32,12,36,49,56,38,39,47,41,44,41,62,103,28,44,74,40,44,8,63,33,9,72,62,59,107,106,107,188,24,85,110,34,42,52,37,3,107,4,98,12,92,78,12,50,169,22,49,100,65,23,16,54,27,97,129,77,109,178,21,31,44,22,18,13,45,9,17,42,128,66,41,44,101,63,118,117,101,135,42,24,8,25,44,58,92,13,49,29,58,50,24,40,18,49,3,56,19,14,39,70,49,8,76,39,35,32,23,17,20,66,35,47,29,66,62,87,34,56,25,97,84,7,37,33,12,43,14,70,23,15,40,47,48,99,48,41,71,23,107,10,10,10,14,3,10,28,45,299,176,86,36,44,54,17,8,16,30,49,23,71,30,110,52,167,20,18,39,31,10,37,31,54,12,30,72,39,37,69,33,129,24,33,30,21,31,139,46,32,56,24,115,107,20,99,134,59,33,125,3,47,20,65,54,45,134,40,75,87,15,18,68,30,19,20,77,50,12,24,24,12,142,44,35,42,12,48,57,10,117,23,47,133,17,6,41,86,74,27,81,42,23,67,5,26,66,82,38,34,87,74,69,9,66,67,88,85,32,40,28,57,49,69
S156,14,65,82,212,50,91,58,145,29,55,41,123,43,46,61,47,36,59,73,93,106,106,58,43,80,42,28,21,24,34,53,61,51,63,28,20,94,155,27,38,72,20,40,42,21,14,20,11,6,56,20,20,30,24,53,107,15,42,28,30,4,68,94,39,39,55,12,170,142,68,94,20,132,105,140,23,73,34,12,53,15,60,39,73,58,17,64,168,16,106,54,59,19,2,22,23,97,89,108,122,84,10,51,21,16,88,70,43,10,30,32,84,31,28,60,59,74,57,80,120,55,35,51,26,17,22,41,55,19,27,9,39,10,7,55,13,31,20,83,29,9,44,33,31,8,184,100,31,22,29,29,17,14,39,9,9,27,45,35,3,103,41,15,25,11,78,0,12,91,167,53,19,22,12,70,39,35,50,54,31,76,24,80,24,21,60,6,16,52,28,179,114,13,14,27,58,29,33,14,17,16,20,37,43,122,98,77,15,31,33,25,29,39,45,15,8,27,90,26,83,82,52,195,4,47,7,0,16,197,57,25,21,64,95,62,37,60,135,27,58,97,54,19,9,164,48,64,76,95,42,40,31,28,106,46,27,38,101,20,14,23,31,32,108,56,21,27,13,31,29,12,81,32,15,30,44,8,61,85,128,19,61,38,63,32,32,16,42,110,24,75,75,63,38,20,31,35,11,67,25,107,19,43,65,81
S157,87,152,108,119,78,218,76,108,27,129,171,82,128,67,91,152,64,198,51,113,99,170,106,44,115,37,14,24,51,60,85,33,48,52,118,51,37,35,17,138,83,45,35,53,67,39,83,38,29,91,46,70,74,30,48,47,45,90,34,59,20,69,47,28,22,89,12,209,50,138,126,14,98,136,96,47,55,81,37,98,22,158,19,181,59,34,97,140,50,74,90,54,13,59,55,58,111,51,155,141,110,52,62,81,34,48,22,39,23,57,151,75,56,97,93,74,68,72,87,68,94,42,41,26,38,101,48,40,23,44,26,51,42,22,26,48,73,4,31,13,38,25,60,7,21,67,138,27,38,3,12,6,36,21,38,21,136,91,39,33,49,283,63,63,20,36,84,29,133,106,76,11,27,15,42,64,90,83,71,72,12,10,71,13,27,83,31,51,187,27,123,300,33,21,8,74,40,53,25,34,41,10,32,31,37,228,88,25,42,141,36,47,29,58,67,12,37,169,74,47,120,29,250,50,96,22,21,119,260,136,129,31,125,186,147,71,54,195,105,43,154,12,37,12,163,78,46,42,183,73,37,66,16,44,43,27,80,53,69,43,21,54,29,190,33,5,121,56,27,164,17,29,14,57,44,63,25,53,54,59,14,42,78,57,56,16,2,51,148,24,101,45,17,74,28,60,22,36,38,12,73,26,20,151,20
S158,17,41,55,54,76,91,64,82,33,42,78,39,71,37,25,68,54,54,14,62,38,73,68,15,32,9,12,37,34,26,44,23,49,84,33,8,23,32,37,32,72,4,18,15,15,81,106,111,16,109,105,111,201,122,77,35,21,50,25,67,3,43,68,19,52,40,26,117,71,81,105,11,82,35,63,9,22,68,7,63,9,165,22,32,13,7,39,51,13,52,32,31,22,40,48,29,18,48,48,58,92,59,58,19,31,29,80,29,6,11,33,32,14,18,63,44,37,55,33,38,26,18,9,28,46,47,21,34,9,10,44,28,13,17,29,30,25,3,77,14,54,29,29,42,17,96,75,13,21,38,18,2,10,1,11,39,91,43,5,47,49,32,1,62,14,17,17,2,124,37,60,26,16,24,15,36,39,15,9,51,43,41,60,32,12,6,23,16,63,44,58,158,27,11,21,28,44,24,17,22,7,20,24,21,75,140,74,16,44,37,21,41,42,2,106,0,14,110,35,36,81,11,77,20,17,29,53,27,77,27,44,49,27,36,61,19,34,71,25,32,73,23,71,2,42,27,5,70,57,70,25,21,13,41,2,28,29,36,26,43,20,15,6,29,35,15,49,16,58,16,1,64,25,41,12,33,13,23,56,79,20,85,48,38,57,2,11,45,63,24,53,43,23,36,19,19,44,52,23,12,14,17,45,27,37
S159,81,195,42,158,132,316,148,178,51,103,170,122,144,31,67,45,173,150,139,124,131,333,145,43,89,60,46,66,72,133,53,49,82,76,57,27,125,51,128,71,84,15,77,24,66,26,65,79,20,73,56,48,24,44,27,89,54,19,103,113,16,69,43,79,53,83,31,140,96,60,67,7,108,64,88,90,41,10,7,63,3,176,12,45,81,5,145,274,61,151,75,54,49,26,27,68,60,105,159,89,133,73,118,39,43,90,45,47,18,18,93,136,65,35,46,61,116,100,65,75,43,57,14,59,73,102,104,118,13,35,26,40,47,94,55,64,116,54,108,36,64,36,120,33,6,84,84,72,78,54,23,16,28,9,66,36,39,15,122,9,13,55,25,104,25,45,74,28,67,66,87,63,52,13,41,74,33,66,82,99,68,61,61,9,24,75,30,50,71,51,81,42,109,23,10,37,43,12,27,37,33,26,119,106,107,185,92,23,125,43,18,40,25,53,159,5,32,90,70,30,33,53,278,29,93,17,16,69,151,61,83,58,117,34,72,44,58,223,58,39,152,93,69,8,24,44,46,130,110,38,35,35,30,148,30,23,36,68,57,5,9,55,24,94,106,28,39,50,110,21,14,71,113,89,38,16,62,28,61,82,41,88,79,28,9,51,56,53,152,22,32,30,43,95,47,49,72,126,120,10,112,29,42,93,23
S160,157,226,151,362,228,429,320,263,164,429,152,140,420,207,375,207,204,233,176,203,189,631,571,142,293,90,56,65,106,73,33,22,19,29,16,41,33,38,44,10,41,12,98,12,14,11,36,17,22,31,28,75,67,40,38,63,37,103,17,69,32,68,73,14,166,93,16,222,140,142,111,11,89,143,79,69,40,27,12,39,15,121,4,64,43,41,59,339,15,130,38,73,24,7,69,30,78,106,53,52,72,33,30,36,41,109,68,92,10,37,81,107,103,35,30,116,131,43,67,100,97,42,2,11,77,95,114,46,8,12,25,52,34,57,38,41,107,59,44,10,32,31,29,61,23,63,51,34,10,36,20,38,33,3,62,33,49,105,36,3,79,71,14,91,33,54,50,30,101,64,48,18,29,21,74,86,117,62,36,103,20,62,81,20,43,64,60,13,181,21,258,151,37,16,29,26,82,35,18,15,13,23,84,32,166,162,186,2,34,46,45,52,14,26,129,3,5,136,30,41,128,41,187,12,15,5,15,8,112,115,13,83,57,174,146,71,53,143,32,29,180,29,157,18,24,75,48,91,164,46,140,12,8,99,33,23,35,49,49,45,12,20,51,106,23,10,93,30,43,86,14,108,20,58,91,42,3,62,94,144,68,51,140,31,64,12,4,208,101,54,49,60,38,123,18,57,29,95,17,81,66,14,79,51,45
S161,125,236,168,252,117,439,322,333,193,299,231,120,330,196,240,239,69,321,109,223,261,444,244,90,278,56,30,26,47,60,229,55,50,170,130,27,18,35,14,18,151,7,92,215,15,76,111,98,24,155,147,101,59,75,114,69,21,58,51,40,56,93,80,22,101,86,20,241,81,117,125,49,62,100,91,67,61,55,9,76,5,147,13,112,31,17,95,75,22,78,10,77,17,49,71,33,91,116,85,142,83,16,21,51,28,65,87,62,37,67,115,78,53,74,127,71,32,52,62,76,106,37,21,50,30,30,109,82,5,14,30,40,34,19,63,29,53,9,37,33,26,14,34,69,36,175,38,93,39,40,15,25,26,25,59,24,39,36,78,8,53,38,49,47,35,26,44,76,110,226,39,26,65,26,14,28,70,48,75,77,39,51,41,21,44,27,3,6,77,8,58,180,43,21,3,77,48,52,21,46,32,58,51,9,245,223,57,9,67,103,71,57,31,28,52,24,35,78,51,18,40,42,165,27,41,43,14,52,193,49,12,100,56,69,137,30,55,166,25,41,141,32,129,10,26,67,34,113,138,87,135,22,22,10,49,67,56,82,27,52,11,61,9,88,39,47,68,8,74,92,10,151,58,24,30,20,76,51,68,129,57,31,72,27,76,38,2,60,92,9,83,11,49,325,39,59,59,95,73,18,121,23,42,47,47
S162,76,214,319,258,169,345,270,182,118,284,382,140,342,103,184,108,256,387,206,255,146,200,205,87,148,55,60,104,63,93,23,66,11,43,26,20,16,40,50,6,24,37,2,160,172,126,167,248,34,190,148,87,180,168,169,158,64,51,28,36,9,55,63,15,18,115,84,422,40,148,127,15,95,50,103,48,239,28,19,133,30,151,18,32,26,21,85,322,49,77,22,90,67,36,36,23,55,48,142,73,192,25,239,55,27,48,72,108,0,69,76,122,82,78,32,59,177,58,120,182,165,61,24,12,99,66,66,29,19,28,59,22,43,50,22,72,63,3,67,73,37,41,50,42,45,174,78,60,18,39,14,46,11,11,16,31,133,117,57,68,102,74,34,76,40,27,21,32,48,59,92,28,54,21,7,45,27,30,77,143,30,32,49,26,61,50,60,65,78,79,202,153,43,28,40,62,121,57,32,8,44,29,97,19,81,209,94,15,46,103,22,71,121,42,52,8,26,60,111,12,64,8,103,43,8,85,7,49,191,131,27,23,85,120,127,79,122,107,30,95,164,36,77,7,92,29,44,51,93,28,32,33,18,54,41,6,53,114,16,137,33,13,36,16,62,37,119,18,47,91,78,52,12,35,18,18,35,114,105,74,131,55,52,20,58,22,22,102,122,27,108,57,79,214,86,28,42,137,39,11,67,27,59,89,33
S163,76,115,74,173,84,220,129,99,44,96,197,142,109,45,89,104,79,119,51,161,95,94,103,51,99,39,25,56,58,59,11,15,20,33,7,24,259,136,212,163,20,17,3,11,71,22,30,19,7,11,27,12,15,17,28,89,22,18,38,34,8,68,51,28,33,64,71,109,43,34,49,6,48,86,31,43,18,52,27,27,4,74,15,47,47,45,84,209,68,91,54,53,24,15,34,38,10,54,101,131,52,19,42,41,37,44,28,24,20,24,52,51,39,7,57,132,65,116,39,69,72,15,18,31,43,73,49,37,13,11,13,52,31,20,23,59,33,4,141,41,14,22,81,61,14,100,83,20,22,8,30,26,5,21,38,47,82,18,52,14,39,59,74,38,24,20,36,7,21,39,115,37,52,46,54,60,84,48,12,62,70,49,25,1,9,44,50,25,59,28,111,185,32,18,10,66,33,43,18,34,19,26,46,20,113,88,82,23,38,43,69,20,40,24,39,6,14,171,81,67,87,21,240,10,7,4,17,36,236,67,4,54,51,108,91,22,49,185,58,31,123,39,66,18,101,70,33,119,47,90,28,20,20,55,31,22,26,56,11,65,12,14,27,29,22,6,132,10,63,35,27,45,6,52,77,35,40,14,36,218,21,22,61,29,13,2,3,74,61,27,88,53,41,56,28,20,53,86,28,6,62,2,30,61,31
S164,96,422,254,347,379,315,196,408,125,335,297,261,273,152,217,71,234,149,88,286,206,348,121,125,180,72,22,52,92,20,16,15,12,38,19,14,19,27,256,10,165,10,31,202,11,5,67,55,70,68,29,38,80,53,62,130,58,69,64,60,38,37,49,34,32,29,28,62,41,112,92,18,135,63,159,89,43,12,34,128,35,51,8,53,14,16,45,307,62,83,55,51,41,8,59,61,75,23,103,147,105,16,74,62,56,52,66,39,2,38,114,93,57,31,78,119,136,96,57,133,100,52,4,28,95,42,82,79,17,42,33,22,98,14,24,109,39,7,61,46,46,49,73,32,23,31,169,48,16,26,4,91,23,6,101,23,147,64,62,4,26,84,19,82,22,15,28,16,124,9,60,59,30,18,35,33,101,64,64,57,82,59,46,20,41,41,9,11,97,64,89,98,48,12,32,49,16,9,39,32,42,107,43,20,55,177,50,15,12,29,18,28,35,19,58,0,3,65,27,30,32,14,295,27,22,23,8,77,141,41,37,57,52,126,87,17,175,114,58,27,298,6,44,63,41,31,25,51,115,31,83,19,7,110,112,7,72,118,32,29,64,7,96,29,21,64,23,3,8,26,4,109,31,43,16,33,0,40,79,161,50,32,24,79,82,4,3,67,84,28,51,37,45,67,30,26,24,83,34,39,56,39,28,58,59
S165,89,79,114,213,85,339,109,180,138,170,142,169,96,83,75,78,43,100,135,156,132,206,124,72,106,71,97,72,103,85,27,26,28,44,23,13,50,30,140,41,139,155,120,19,204,33,76,28,24,54,76,87,67,55,62,80,30,86,51,25,61,33,47,81,30,59,31,114,124,84,150,83,135,59,34,64,64,64,47,51,5,186,6,146,115,32,59,161,49,128,42,79,21,17,73,71,50,40,185,98,162,48,127,81,31,61,19,98,78,32,90,80,76,37,49,256,43,122,106,142,99,117,60,20,63,33,97,38,123,17,79,22,24,84,22,31,27,64,98,27,8,42,51,96,37,68,87,34,41,95,10,37,44,6,70,49,69,122,54,8,31,138,82,198,10,24,16,42,227,80,118,59,48,19,29,31,47,97,84,35,51,23,61,11,77,16,30,13,94,44,87,143,51,37,22,148,45,15,87,48,38,75,36,33,139,156,68,75,55,58,10,14,38,59,23,9,95,145,79,20,68,60,271,75,49,40,3,29,222,61,13,115,78,89,178,23,97,199,70,86,135,70,39,27,74,149,36,119,68,63,81,93,0,119,64,4,43,113,14,67,20,8,8,77,20,60,33,1,61,79,22,132,93,50,46,34,22,66,54,102,14,24,101,67,82,25,5,60,114,66,114,19,54,169,116,43,64,47,18,45,71,18,124,13,39
S166,80,152,102,195,210,210,60,169,31,156,206,175,160,82,123,96,84,100,34,156,194,221,178,37,149,70,39,51,61,85,90,78,80,105,115,29,19,26,4,26,37,12,11,13,8,7,71,15,19,27,32,19,11,14,16,12,12,78,31,30,27,116,119,58,70,86,41,130,59,59,212,3,177,55,54,79,140,40,13,115,2,100,6,16,88,78,119,80,53,96,10,96,81,28,116,33,149,41,69,69,183,51,56,51,29,89,46,60,14,42,151,103,36,64,54,63,68,111,120,162,217,8,52,26,53,43,147,159,29,23,21,42,85,115,13,20,90,51,97,32,73,93,56,37,56,48,60,33,45,70,16,15,42,27,5,29,151,18,38,34,81,55,44,106,23,95,74,33,44,41,87,34,62,26,38,95,29,75,84,64,95,108,62,46,46,53,30,38,46,32,227,59,107,12,31,68,39,59,36,27,79,34,34,27,146,240,45,22,84,56,120,68,64,10,64,67,8,158,98,118,32,26,151,52,50,7,30,56,129,162,26,27,30,192,39,52,48,47,67,23,213,31,103,37,77,41,26,27,80,77,69,40,18,84,61,33,13,62,48,16,28,75,77,48,100,26,76,5,51,89,10,121,67,61,44,90,59,70,76,158,56,37,85,69,59,35,15,83,24,18,56,22,47,88,49,21,40,41,104,28,118,56,101,50,33
S167,59,147,146,149,208,336,145,248,67,367,314,277,276,203,162,253,222,172,103,114,195,234,310,128,273,101,45,57,79,87,221,100,146,146,78,17,112,33,27,212,154,106,94,43,11,52,100,88,179,260,80,62,95,123,62,53,131,85,16,47,11,46,109,25,51,59,15,242,8,62,141,13,121,109,149,80,58,31,32,79,47,101,3,70,39,46,92,118,13,77,47,135,37,7,37,41,46,83,42,119,120,14,18,106,14,51,65,72,15,89,62,36,33,33,38,122,67,90,59,195,127,53,15,39,143,65,77,21,11,38,46,34,15,45,43,36,44,32,46,4,52,44,91,73,1,130,48,41,31,83,64,9,13,13,59,88,75,45,92,13,54,106,9,175,5,20,57,31,88,112,57,34,27,36,30,62,41,65,18,85,41,104,14,40,38,56,60,6,93,8,142,115,74,16,7,38,42,54,8,41,62,71,28,41,102,52,174,5,81,37,36,70,86,22,67,18,24,274,84,37,107,90,297,13,31,14,10,55,213,88,34,38,110,119,73,31,69,76,31,119,94,45,82,1,74,55,46,174,79,71,48,14,17,94,61,41,52,144,37,74,57,58,12,100,42,26,45,40,46,120,19,117,12,49,32,69,20,53,76,136,22,82,177,53,28,10,8,61,102,85,63,61,48,67,22,43,11,34,36,8,152,40,41,101,65
S168,90,165,47,188,84,238,130,83,127,91,107,128,119,71,60,118,84,114,105,185,128,203,215,40,73,38,35,68,45,45,17,15,27,11,6,28,30,18,192,14,46,1,79,92,4,75,42,55,19,30,44,53,56,31,80,61,18,62,11,38,6,55,39,23,38,49,15,103,23,76,65,4,78,35,104,29,26,20,20,53,22,163,21,25,60,46,63,49,80,51,41,28,12,17,86,31,54,50,39,44,42,23,42,49,5,17,18,34,5,24,68,81,36,47,86,59,39,33,41,63,62,57,14,36,52,62,24,37,7,24,5,37,24,47,37,25,25,15,93,27,9,2,80,36,0,70,49,18,17,38,21,52,14,4,23,33,56,20,11,16,83,16,10,31,9,34,40,35,44,20,62,37,52,4,32,47,18,86,12,12,6,44,12,10,37,31,12,7,13,16,131,67,37,6,8,61,71,30,36,19,51,41,30,36,62,44,54,14,57,43,27,36,25,21,127,19,3,58,24,30,13,46,108,13,8,14,9,10,72,75,34,27,59,19,71,26,51,35,57,8,74,22,43,2,53,52,50,29,58,33,25,32,2,46,30,47,17,32,42,45,14,11,10,36,38,11,19,8,56,116,7,48,35,22,31,49,16,34,15,71,11,57,29,43,31,2,5,53,45,51,25,45,19,137,36,23,15,20,41,7,26,30,27,53,17
S169,31,92,156,176,130,269,106,168,116,252,174,244,187,49,85,155,75,211,49,168,130,202,175,62,128,48,36,83,99,79,17,19,2,42,38,37,44,23,16,91,31,5,17,13,97,116,91,110,29,63,74,99,127,62,17,83,29,54,18,53,54,42,38,30,44,106,41,198,63,133,191,19,45,35,107,27,92,13,46,78,7,55,25,34,27,16,119,449,18,90,70,42,42,26,64,65,101,64,100,82,197,34,44,67,26,41,103,77,5,51,128,50,35,60,26,67,119,55,51,92,49,102,27,62,49,82,119,31,52,15,70,27,17,37,46,131,60,50,63,31,82,19,55,92,80,64,77,51,27,28,38,77,42,14,66,43,72,46,38,51,112,33,22,52,13,75,134,26,49,279,118,30,48,66,23,40,127,108,94,60,112,99,40,25,47,15,60,45,106,14,149,87,75,30,12,25,87,103,54,137,66,31,89,15,123,159,44,49,48,141,29,110,60,26,66,17,27,83,71,57,54,47,314,14,49,41,22,43,77,114,86,111,60,128,71,25,72,115,79,40,174,12,35,16,139,123,38,72,78,42,131,17,15,45,54,70,27,24,26,69,33,78,17,87,47,15,76,12,31,44,54,218,34,54,80,12,12,26,67,127,12,48,104,60,32,17,42,43,96,65,72,73,39,72,16,73,36,83,76,15,133,12,109,36,50
S170,155,223,201,201,118,320,89,260,172,217,411,150,186,104,117,198,104,277,103,287,170,261,293,55,95,54,38,86,44,47,43,19,39,38,22,60,186,37,36,63,474,9,34,143,28,76,72,59,19,98,31,69,55,52,40,68,30,155,52,87,9,76,80,59,61,113,86,234,43,88,252,30,101,207,81,36,82,43,32,53,33,228,61,133,47,11,40,272,132,181,32,67,122,40,32,104,132,46,132,144,58,31,128,41,82,54,75,85,31,101,132,130,34,24,168,98,103,135,182,95,102,148,46,62,163,34,212,81,28,27,81,36,71,27,40,77,88,45,87,29,43,52,51,76,37,117,101,34,83,28,33,33,88,12,77,101,120,75,58,4,43,81,46,137,78,58,99,34,180,73,50,38,65,54,246,75,69,165,18,71,47,33,120,32,83,21,35,36,123,16,68,69,62,42,58,93,66,46,29,45,73,77,79,65,55,189,60,79,80,113,35,36,104,21,36,6,34,139,28,20,70,3,277,29,51,21,38,17,161,167,9,59,120,173,141,84,110,177,80,67,254,23,118,7,142,53,96,96,93,153,110,15,41,23,70,32,23,63,87,69,26,52,37,80,183,39,64,46,69,94,29,94,76,162,119,75,19,36,73,129,76,44,35,71,92,25,45,33,92,71,134,165,36,184,28,78,17,103,89,8,43,27,79,102,27
S171,36,143,48,302,202,318,116,197,142,214,234,290,212,131,117,104,53,183,144,154,162,230,203,28,261,103,46,20,52,143,36,28,14,37,30,10,371,22,16,38,19,4,10,16,11,52,72,53,35,182,72,283,167,77,155,113,45,20,140,38,12,100,54,19,54,114,40,212,66,50,252,25,148,78,62,19,20,14,11,114,14,145,19,111,54,40,96,161,74,118,71,188,117,28,81,7,111,47,120,163,108,2,98,66,15,190,32,46,7,56,149,118,127,64,120,152,128,78,38,133,165,147,12,62,128,55,29,56,19,69,65,40,32,56,31,79,85,43,50,38,42,25,37,64,32,72,117,25,42,41,28,86,77,4,123,26,111,40,39,50,45,56,107,151,34,40,55,98,43,70,122,66,19,23,27,47,38,87,43,101,41,94,42,49,28,16,64,21,12,50,125,81,58,15,16,71,78,18,2,115,71,25,134,115,110,286,140,125,109,45,31,101,98,25,80,15,52,150,48,41,55,29,497,26,112,26,24,33,255,87,14,36,132,159,208,62,180,99,103,30,334,75,54,18,155,28,39,50,167,95,110,44,38,75,43,19,76,63,10,34,91,107,4,26,14,43,15,36,31,82,18,74,35,47,37,103,16,42,83,197,14,110,58,11,58,4,37,48,83,23,71,73,43,66,96,32,82,99,105,22,74,53,85,63,93
S172,57,131,85,272,52,223,202,131,92,103,175,210,121,136,134,181,80,80,134,136,147,309,123,104,259,24,49,73,32,11,137,98,94,89,206,46,23,453,17,33,134,33,9,13,123,26,56,87,37,49,80,56,67,48,75,135,50,43,52,1,25,62,78,94,69,126,27,128,89,42,198,12,107,111,108,37,50,43,5,48,15,57,5,68,25,41,127,223,40,128,51,55,8,46,26,46,41,136,108,41,70,13,103,37,141,74,61,31,2,36,55,120,90,69,59,49,99,58,79,103,74,38,57,95,59,89,99,56,5,67,31,43,38,38,38,56,84,9,31,24,23,39,77,74,86,141,43,30,13,31,14,20,16,1,25,13,76,138,115,4,115,43,24,43,20,35,103,25,71,83,70,38,14,30,34,65,37,25,43,86,2,45,21,23,16,35,28,0,19,34,124,60,183,58,37,87,29,7,71,35,37,30,124,36,76,131,103,54,40,46,2,36,17,43,79,18,21,138,106,68,38,12,151,25,29,22,81,85,99,123,77,58,34,116,141,46,119,172,132,46,177,22,45,1,90,67,19,65,128,169,85,59,16,17,92,74,36,72,5,51,36,9,95,159,40,28,44,46,39,62,10,164,22,84,59,28,9,70,19,157,71,15,146,39,62,65,3,29,62,76,75,66,14,216,28,107,15,51,76,81,57,55,127,55,33
S173,84,113,73,114,107,182,52,187,38,148,115,62,64,45,90,78,93,167,60,111,168,73,83,57,57,56,20,41,87,54,90,110,46,135,39,18,22,159,18,125,15,3,9,24,7,19,19,38,20,47,64,28,40,23,46,44,9,145,23,88,5,102,80,22,36,79,7,81,33,59,93,33,58,51,39,17,32,29,21,71,6,29,14,59,35,23,74,83,64,50,48,22,11,19,40,38,80,60,56,37,99,23,21,34,39,44,40,82,2,31,32,58,46,24,57,91,47,36,41,89,34,62,32,44,37,42,45,21,2,13,31,24,75,6,34,50,36,21,76,35,5,11,80,26,20,45,51,37,56,22,15,13,61,1,24,46,73,54,61,28,18,19,40,56,35,33,53,19,67,25,21,9,10,9,22,69,52,45,30,27,53,50,39,14,21,15,30,24,32,18,62,152,30,50,8,44,25,19,16,39,35,47,39,21,109,173,79,15,95,59,21,24,61,7,46,6,4,43,28,11,53,19,231,16,36,18,13,37,97,21,46,45,33,44,38,8,57,101,43,52,85,9,77,7,85,40,25,31,78,134,104,81,16,32,23,17,29,73,19,39,16,27,22,78,22,12,48,15,13,31,14,48,42,20,112,35,7,25,38,52,19,22,67,27,9,40,17,89,105,8,36,56,21,58,47,47,22,22,66,25,51,20,44,82,18
S174,71,179,107,234,107,246,171,152,58,115,214,73,77,60,119,84,65,103,31,87,170,189,126,22,114,66,48,107,67,134,163,119,128,80,100,44,38,12,40,20,33,11,54,24,84,36,33,64,34,54,5,42,16,28,37,138,128,79,51,45,68,49,63,25,64,192,60,148,93,94,102,14,43,37,146,123,21,60,46,87,21,173,17,90,60,41,33,246,48,117,73,56,45,30,88,57,119,52,66,82,173,41,15,85,50,56,123,50,24,71,48,103,128,34,214,113,99,55,105,179,17,99,91,36,46,39,169,116,47,34,46,34,34,19,57,28,46,7,62,21,35,46,45,95,11,92,38,24,26,89,103,52,7,21,94,58,56,35,58,29,55,97,19,87,7,89,64,62,90,38,72,37,53,13,29,62,125,48,103,220,35,78,22,29,18,29,21,9,102,11,157,107,123,13,16,123,81,76,5,16,41,58,29,72,132,100,63,35,164,97,59,24,90,15,22,24,28,323,68,58,161,28,362,60,56,24,6,34,107,127,22,100,46,93,212,29,106,100,43,36,134,41,72,32,76,72,19,127,146,97,49,58,64,10,79,114,48,104,32,57,39,40,30,63,30,25,106,15,13,70,9,147,65,69,36,82,7,107,41,77,93,68,158,38,70,17,6,63,61,45,69,37,29,95,60,22,41,62,135,46,89,31,49,243,16
S175,90,126,58,151,138,231,118,162,58,217,169,176,151,90,38,75,89,161,99,259,53,133,85,34,89,38,18,69,74,67,31,11,22,11,15,14,29,35,26,49,159,62,52,11,7,16,15,28,10,23,46,30,32,40,36,20,37,58,30,60,17,74,43,40,67,103,26,97,53,23,97,29,75,107,80,17,52,25,18,45,35,153,17,19,36,32,37,158,33,145,79,68,45,41,27,65,104,66,89,40,167,45,76,42,15,35,18,25,12,16,51,111,36,40,82,20,61,175,26,81,49,47,57,31,118,37,43,37,88,68,32,29,34,36,21,53,49,8,131,75,17,33,71,64,12,210,74,48,10,11,48,20,19,14,87,19,206,38,52,11,80,90,37,54,14,19,34,43,68,49,70,5,39,46,51,46,47,36,33,105,35,53,65,79,18,51,17,49,69,19,158,81,81,49,76,100,11,2,24,35,33,29,43,33,90,65,33,27,59,44,25,28,27,23,52,19,18,73,84,29,32,8,288,23,67,19,32,58,224,35,146,30,104,92,114,10,74,81,53,29,191,50,54,8,57,89,48,65,62,65,129,33,37,86,74,33,27,108,8,12,28,31,39,26,67,18,55,20,135,89,1,163,65,9,42,28,21,52,97,52,23,45,70,47,54,15,32,65,82,43,29,73,50,72,6,51,44,39,31,25,57,14,86,60,30
S176,26,121,165,193,69,209,137,77,63,103,142,98,70,92,134,78,162,163,67,133,81,359,191,43,85,33,23,59,24,48,64,56,89,89,41,12,71,5,6,8,5,33,44,17,63,44,74,79,35,97,123,85,115,66,41,36,21,44,49,52,6,33,42,7,13,79,27,55,37,24,143,10,34,26,87,59,35,30,4,35,0,66,26,91,10,11,35,146,4,50,4,15,21,21,66,12,18,47,64,19,66,8,43,29,15,29,21,16,1,35,92,79,21,20,34,94,32,36,41,52,79,20,30,11,13,15,104,49,15,12,53,14,16,9,23,33,24,9,30,5,13,13,25,21,3,51,81,10,10,17,22,15,19,8,34,12,48,14,40,13,19,47,31,80,8,14,36,25,58,20,41,7,26,43,22,46,9,73,8,19,37,63,6,20,19,26,15,3,26,11,59,110,24,7,8,28,21,29,3,12,30,38,20,27,60,63,21,14,35,42,15,1,27,3,21,4,10,74,33,9,22,48,128,23,14,5,13,1,144,83,18,44,21,67,99,9,73,48,42,16,71,3,13,16,32,21,12,91,40,25,30,4,15,62,22,29,24,24,9,13,7,22,24,27,21,25,48,10,45,38,8,52,25,40,26,18,13,26,36,9,6,26,49,9,6,29,27,32,34,28,24,31,20,44,19,22,10,19,30,20,24,5,26,31,11
S177,83,134,108,81,192,192,118,188,105,156,125,166,117,49,91,112,167,62,57,130,103,82,96,29,94,81,23,70,76,91,124,81,110,145,193,25,29,27,22,31,174,8,85,91,11,64,54,39,36,65,30,106,89,55,54,59,21,63,64,46,20,24,53,8,22,54,73,65,60,30,186,17,101,96,107,42,59,39,10,70,40,241,0,64,64,72,62,151,63,109,108,20,51,15,10,28,70,170,118,104,67,32,50,56,50,151,42,89,21,42,88,104,36,22,109,72,160,66,58,111,76,115,18,19,67,163,88,48,39,38,47,64,87,8,11,91,94,49,118,14,26,42,94,46,57,113,149,15,115,40,14,73,10,38,66,30,131,152,58,2,39,42,39,29,4,29,42,40,114,52,56,38,50,71,53,111,76,79,56,38,83,89,99,15,32,55,75,14,131,29,112,161,100,25,18,103,66,0,14,50,23,11,110,19,51,92,141,39,39,79,25,61,71,35,45,4,21,72,50,26,55,30,151,17,102,23,28,22,212,98,38,38,68,176,103,49,90,175,35,111,126,27,87,44,54,59,58,56,117,74,73,9,86,34,56,40,34,70,14,31,21,49,44,38,104,17,19,2,120,147,30,111,19,46,32,54,24,50,40,127,21,78,90,103,21,10,9,110,53,41,52,17,62,100,23,95,8,32,70,28,48,5,51,97,60
S178,44,60,95,167,42,216,73,117,86,91,173,194,93,44,63,134,27,105,77,85,148,202,104,19,58,31,9,61,41,68,85,89,170,126,96,10,15,63,23,33,36,66,8,20,61,20,58,41,11,27,66,65,71,50,70,61,28,51,57,95,11,51,44,35,22,57,18,138,77,76,118,11,84,55,32,44,8,21,11,45,12,108,16,68,33,22,56,96,27,63,57,38,16,34,84,24,58,57,75,66,64,6,28,37,30,32,70,40,23,6,119,47,51,36,56,57,31,64,41,61,39,39,8,19,70,26,59,86,14,16,29,17,15,24,23,34,18,14,91,14,20,13,63,42,18,128,108,11,11,20,32,18,32,0,32,41,29,31,18,5,23,38,24,34,38,22,46,44,120,39,37,26,26,26,18,37,72,33,13,28,37,20,52,5,22,29,12,20,84,34,119,128,39,3,11,24,19,7,28,60,12,3,33,17,88,47,47,16,32,89,16,63,19,8,23,2,6,50,57,13,21,10,70,26,22,8,11,25,161,52,19,27,66,57,140,9,32,139,29,51,102,10,28,32,68,57,22,96,49,60,60,15,7,16,40,17,28,92,9,33,20,26,12,57,14,27,44,14,28,90,11,118,55,32,36,17,21,31,74,61,5,20,75,37,46,21,8,66,55,18,37,3,6,65,5,32,7,66,22,20,28,39,73,36,6
S179,137,84,94,120,113,266,93,147,42,158,312,84,54,90,64,180,114,119,60,199,103,156,132,36,58,40,17,24,51,83,21,3,21,17,6,3,29,34,20,71,6,15,11,9,88,52,42,54,32,16,23,52,20,25,39,15,35,33,9,37,46,48,24,9,31,43,45,69,28,54,89,13,84,165,121,19,15,47,16,26,4,82,14,29,30,63,90,99,48,28,9,25,48,11,84,52,30,49,65,81,92,15,16,34,17,32,23,28,28,19,53,56,36,3,44,82,75,52,20,96,96,32,16,25,33,51,63,52,13,18,36,25,14,18,12,9,70,18,55,5,13,30,73,28,40,17,91,20,42,20,34,38,15,14,58,14,24,43,33,11,27,24,8,34,14,14,78,26,24,22,28,18,13,29,41,47,19,60,78,76,49,16,12,19,20,14,8,2,36,52,161,55,60,20,6,57,7,40,39,26,33,29,35,9,117,104,14,13,132,18,22,48,26,22,68,19,0,104,23,24,21,35,106,27,9,25,8,27,68,42,23,38,47,75,80,23,47,100,46,50,116,42,44,9,59,25,18,44,72,19,39,43,10,26,68,7,18,35,6,24,5,15,32,28,24,9,24,25,61,47,18,36,2,5,41,18,23,16,37,63,43,17,95,38,54,15,1,48,61,20,45,30,65,45,24,54,29,19,32,23,49,12,25,59,46
S180,58,74,103,42,38,217,64,74,69,98,67,54,70,31,63,93,46,104,40,74,64,103,165,31,102,62,30,85,74,22,27,16,15,31,12,14,44,10,18,19,24,7,7,61,4,48,50,32,27,84,35,95,30,35,94,8,40,66,38,62,60,45,61,21,52,74,48,140,85,50,76,14,76,206,57,75,25,55,14,66,10,112,9,29,55,48,99,98,40,101,43,45,58,6,20,32,57,75,90,91,88,17,27,49,61,88,84,70,4,25,71,38,63,33,29,31,125,55,27,89,20,29,5,17,10,22,86,73,23,43,28,34,22,15,41,27,41,28,91,7,16,35,51,120,7,38,56,23,60,28,29,56,36,7,41,17,58,20,37,2,23,18,27,124,16,33,26,24,115,51,126,51,20,16,23,18,50,57,22,70,34,36,18,37,78,33,32,1,89,65,49,139,68,25,26,83,9,28,9,62,15,61,35,15,77,110,90,5,43,71,7,51,37,29,79,13,20,57,34,20,39,14,158,7,30,33,13,7,98,76,33,35,150,94,148,50,64,59,82,35,77,49,31,12,36,43,47,111,30,57,98,29,20,57,46,15,40,23,32,37,21,25,3,70,27,1,22,47,41,47,10,83,26,33,53,25,28,38,131,56,40,27,81,27,21,2,4,29,36,16,26,19,44,82,41,51,7,72,77,37,85,28,18,53,23
S181,122,212,194,240,147,370,238,263,162,159,351,224,126,64,222,159,115,186,247,377,322,228,331,90,69,78,52,119,65,74,273,41,96,221,231,8,28,34,38,48,17,31,23,24,19,34,99,105,114,38,67,88,56,118,80,105,40,49,38,176,63,36,136,54,102,63,88,139,135,50,134,20,158,65,102,59,75,10,17,144,16,143,5,54,73,30,88,190,71,114,24,66,54,12,68,62,154,117,123,177,352,59,121,92,22,126,19,100,1,72,108,108,54,74,147,65,100,60,117,152,179,61,47,127,106,28,142,96,31,48,59,12,23,58,51,76,115,79,174,23,33,27,47,103,25,149,110,59,35,14,33,5,103,18,84,52,192,45,47,17,71,85,38,69,19,37,35,50,111,88,76,82,72,51,107,80,63,39,81,102,56,198,34,21,33,36,13,42,105,20,262,156,80,20,35,29,62,19,35,65,78,37,73,56,135,236,74,48,45,127,23,129,64,45,53,10,42,245,36,34,31,95,296,40,75,53,3,52,538,76,50,116,104,130,138,62,195,272,61,34,142,3,87,29,56,174,7,49,247,59,98,39,20,86,37,32,74,325,30,98,63,62,20,133,17,74,65,2,67,63,25,49,56,30,153,40,4,37,72,201,64,45,75,70,110,11,21,96,139,24,67,74,53,104,16,103,89,148,94,37,28,37,74,107,13
S182,32,96,126,217,89,176,69,111,82,96,122,88,81,18,123,158,122,105,74,173,129,237,103,22,109,77,29,35,69,35,175,48,41,105,80,15,199,31,230,19,33,7,78,78,20,7,114,111,69,59,108,128,97,38,44,63,35,100,28,43,12,39,46,37,15,53,29,149,53,78,152,27,132,42,72,61,34,22,20,41,6,80,15,41,35,11,18,134,51,136,47,121,151,6,36,40,119,72,66,73,106,23,76,67,23,99,36,64,18,56,58,64,65,39,84,130,69,70,37,130,70,52,33,82,68,104,93,57,43,17,61,25,72,15,70,26,51,18,114,4,32,69,65,63,39,147,83,30,18,79,45,57,21,32,47,60,58,32,49,29,48,48,26,120,12,16,105,37,74,70,70,34,6,55,78,16,57,46,24,45,59,37,110,20,18,41,46,23,54,23,214,109,57,11,26,88,18,21,98,73,63,51,89,27,61,121,57,53,45,43,26,18,41,27,69,21,0,109,59,44,28,43,328,42,10,12,31,18,107,124,52,41,91,44,68,18,92,137,28,76,115,20,37,32,91,53,89,62,96,176,95,46,27,46,32,39,84,51,4,93,51,11,35,39,57,23,47,16,31,37,6,110,72,49,53,56,28,43,61,107,17,16,66,28,53,20,18,83,91,12,13,34,52,84,28,37,55,49,34,12,17,16,45,65,49
S183,75,231,146,244,93,311,185,328,153,399,174,157,328,193,300,178,84,212,182,158,298,305,293,87,203,11,16,71,65,56,55,46,25,17,15,28,37,24,19,11,13,4,78,14,47,39,80,51,4,25,50,86,58,48,42,70,39,130,124,185,20,52,86,63,57,100,33,218,77,157,147,13,113,63,101,42,46,21,22,65,32,70,3,25,35,24,78,113,36,114,50,37,63,40,18,63,100,117,72,73,224,13,96,43,28,86,72,47,5,27,82,60,52,18,27,123,138,122,55,86,48,26,16,48,80,84,31,44,50,4,25,71,60,60,45,38,91,43,76,15,25,77,89,134,33,114,136,19,24,55,17,22,13,4,44,68,67,54,53,4,49,34,70,85,19,71,32,64,75,42,16,21,82,20,36,25,68,11,30,43,35,79,67,21,39,31,34,12,49,42,163,62,61,18,4,144,66,20,22,80,101,13,56,10,120,167,58,24,90,21,9,73,93,22,62,5,7,255,34,78,34,47,276,55,11,37,26,11,198,96,39,30,82,76,131,38,25,41,26,86,238,25,53,47,78,37,53,76,133,57,73,37,17,84,54,25,54,94,48,133,26,58,27,54,20,10,111,6,71,163,8,25,26,53,29,66,7,52,111,74,12,23,63,82,36,19,24,35,84,48,105,33,69,119,27,23,39,35,64,15,51,4,67,77,34
S184,287,1216,328,423,416,683,430,797,290,604,1168,620,443,440,395,329,733,617,175,694,426,626,423,304,777,91,67,97,148,8,150,128,57,193,149,24,17,55,37,37,193,30,23,17,32,16,160,55,78,196,200,86,140,133,92,151,97,124,31,106,155,170,53,29,37,82,47,54,26,56,273,16,115,116,75,129,50,27,74,107,12,90,27,205,45,8,226,218,65,59,120,141,60,162,33,72,44,184,49,180,276,17,181,58,16,13,78,63,4,164,183,56,120,71,47,186,191,116,166,398,172,77,1,26,23,63,55,75,37,23,31,56,39,73,94,65,50,42,148,37,10,19,159,115,22,151,47,155,89,22,7,60,54,12,98,99,167,53,107,63,74,140,18,179,17,57,105,33,204,41,30,99,28,42,54,62,46,77,175,74,117,82,67,69,112,50,56,48,64,23,366,180,51,41,38,132,23,123,81,37,153,31,77,26,171,143,65,127,72,138,75,55,70,77,83,41,27,197,50,47,63,46,403,45,256,72,7,56,57,92,111,215,46,187,120,72,82,139,81,41,364,59,182,45,135,96,81,176,86,148,193,64,40,31,68,84,34,179,107,89,105,27,49,150,48,17,91,23,52,69,55,244,52,40,19,12,17,43,96,169,48,34,56,63,114,8,51,205,124,124,96,126,21,164,44,22,94,111,90,35,39,58,61,70,30
S185,447,389,386,783,440,809,464,715,481,614,477,628,621,170,554,213,525,765,669,662,495,506,510,237,288,29,38,93,130,138,253,66,256,328,135,25,31,31,30,72,263,71,9,201,121,135,203,164,144,164,118,74,45,38,58,107,58,58,136,94,11,100,62,78,133,51,42,145,85,67,208,25,62,182,198,133,57,90,24,97,20,461,18,106,42,45,96,173,79,227,86,97,55,67,129,113,114,104,157,219,478,86,167,77,25,83,75,103,3,76,101,69,184,19,102,172,139,63,36,212,104,166,48,41,71,111,66,103,25,81,36,43,63,37,68,136,135,78,157,55,9,24,140,177,57,227,122,107,27,101,31,71,41,9,112,76,84,85,91,42,98,101,21,181,75,78,16,14,80,32,67,32,92,30,66,52,84,105,53,131,35,38,31,9,57,109,43,25,120,58,178,212,121,10,11,260,39,59,13,45,52,77,80,68,191,184,90,29,64,89,16,20,86,47,73,30,48,312,139,128,112,94,198,35,122,46,16,38,197,114,7,122,140,187,307,48,320,222,44,118,264,93,88,30,160,125,60,257,175,57,129,100,43,43,38,152,103,54,17,27,38,44,31,199,58,44,24,93,66,32,38,322,116,116,183,41,23,31,96,257,25,32,198,29,132,14,38,119,112,27,66,117,25,57,15,59,43,95,93,54,46,43,32,115,81
S186,147,143,247,292,97,278,164,192,69,116,100,186,118,133,162,94,90,162,124,374,198,371,140,57,241,45,42,90,39,45,35,20,34,43,18,40,34,345,83,28,85,8,57,14,21,125,180,101,40,189,122,99,24,190,170,56,31,47,52,58,81,107,21,30,38,139,6,262,65,73,175,26,67,61,19,65,84,30,8,57,30,130,10,30,19,94,30,361,51,84,20,60,40,17,40,75,106,24,45,76,102,14,81,25,64,59,18,135,37,55,53,32,38,14,50,91,105,44,36,87,67,32,23,24,103,13,21,47,4,30,38,62,7,48,104,43,78,89,95,8,3,65,21,143,19,87,67,48,63,44,12,15,31,4,51,54,82,24,23,13,59,61,13,56,5,13,57,24,83,45,135,32,26,41,48,96,90,12,48,82,35,90,37,23,35,53,29,10,116,21,61,180,35,22,33,37,73,53,37,65,5,26,14,10,142,148,49,35,10,101,15,69,23,17,32,12,19,50,63,13,70,27,321,28,19,51,3,12,159,64,34,77,53,114,171,11,80,213,39,31,116,32,76,12,57,122,33,45,40,59,89,13,32,113,11,34,58,35,92,17,34,56,35,11,33,4,31,3,40,43,12,95,22,26,41,56,21,22,81,108,42,33,65,22,38,9,25,104,119,36,41,22,58,72,4,94,29,80,36,16,73,23,38,92,39
S187,87,184,196,269,237,397,110,390,161,287,289,127,111,63,163,220,324,207,255,505,183,178,207,51,231,92,65,81,64,10,32,21,29,17,16,37,226,22,23,16,28,24,36,20,15,42,34,52,86,103,37,46,121,54,76,46,28,89,28,96,19,69,89,26,59,75,17,135,75,77,165,30,136,41,134,79,58,8,23,55,3,69,7,49,30,48,29,93,91,45,38,41,42,34,106,13,83,69,69,108,259,21,40,35,32,61,9,22,2,12,77,87,48,35,44,111,16,96,60,97,100,49,42,45,26,25,163,60,9,7,28,17,54,52,53,21,23,22,54,28,40,19,62,72,17,37,69,45,66,15,59,20,9,8,80,54,91,4,33,5,74,14,10,141,20,8,53,29,69,50,46,13,34,72,101,13,80,72,43,29,99,46,35,18,101,39,46,40,54,46,213,79,93,43,42,64,64,139,32,14,34,72,62,53,73,138,132,23,26,74,50,12,11,27,91,3,11,84,130,65,60,28,190,8,23,35,30,43,112,104,27,73,219,131,52,22,49,72,27,11,77,34,131,8,71,38,51,171,56,89,42,13,8,37,40,28,27,64,43,138,32,4,23,42,90,26,49,17,26,78,61,154,77,59,48,19,27,79,33,83,27,17,110,6,100,15,4,38,150,35,36,14,134,122,8,86,18,79,41,34,32,25,31,67,26
S188,39,158,106,163,119,184,204,95,37,86,151,61,83,135,71,117,136,69,100,65,117,149,104,5,102,63,11,33,84,71,6,12,34,15,6,99,13,47,9,165,13,16,10,37,41,7,77,36,28,50,70,147,120,103,78,40,58,90,56,54,10,28,29,21,50,89,56,100,22,20,174,24,114,77,27,16,27,32,19,25,35,92,2,27,25,14,22,102,12,50,14,64,43,20,29,9,58,109,26,71,56,12,108,28,9,22,15,85,26,30,37,38,46,16,23,41,63,26,26,10,35,35,19,28,82,55,30,61,3,7,21,8,30,42,15,38,56,41,60,14,61,30,22,56,5,46,51,58,22,46,51,17,16,21,88,9,55,14,37,6,37,95,19,54,13,26,50,17,73,57,155,24,15,22,12,20,87,53,28,53,56,33,23,20,40,80,32,12,51,9,74,77,70,4,21,14,61,8,26,8,44,14,65,14,37,63,52,54,14,21,16,23,21,35,24,7,17,59,44,10,39,21,113,35,46,13,9,25,52,55,36,49,71,86,152,61,31,96,9,8,69,54,41,4,72,32,29,42,63,108,28,47,21,95,30,51,23,17,34,79,28,44,13,29,15,7,16,13,40,35,70,31,34,36,9,29,16,17,69,44,10,55,44,47,74,5,14,50,84,23,42,47,24,155,15,38,21,65,34,8,44,18,28,57,40
S189,35,95,140,110,60,216,79,143,86,96,137,118,83,175,112,50,105,133,29,98,80,110,118,59,124,29,29,35,39,58,20,5,22,9,4,15,54,145,11,21,141,5,71,11,13,16,78,59,10,34,8,55,50,24,58,101,34,82,39,88,49,17,74,10,43,51,16,167,31,38,146,37,78,55,73,26,45,54,2,50,16,119,24,46,57,17,30,185,33,95,38,40,31,31,35,20,149,37,127,35,78,12,80,45,40,44,12,55,18,16,49,78,58,9,59,107,74,62,56,59,45,45,0,21,14,86,143,65,14,53,54,12,50,9,89,19,62,32,71,9,7,4,66,18,48,105,79,14,36,8,19,45,36,5,26,37,105,60,99,7,11,31,36,46,21,13,32,39,84,32,38,18,13,25,6,65,76,70,8,41,85,69,10,41,20,13,34,17,59,52,186,127,37,18,9,47,58,38,20,28,35,16,32,102,143,178,79,17,81,22,19,37,22,45,53,4,11,79,21,25,63,53,231,11,48,62,10,3,139,92,24,101,74,100,72,18,44,44,32,64,154,37,45,49,114,76,49,58,91,46,41,13,36,38,20,25,8,58,48,84,47,23,18,61,29,14,29,17,42,38,7,82,42,30,68,37,6,38,65,106,10,9,61,29,87,2,35,41,92,41,36,45,24,77,12,48,26,59,126,9,69,57,77,32,35
S190,269,165,119,188,176,633,262,198,124,409,373,178,187,169,298,279,219,304,189,267,244,365,292,147,195,50,164,106,41,48,23,11,21,26,34,47,37,31,69,48,85,32,9,23,9,16,24,21,48,56,52,41,27,43,9,103,61,85,16,104,50,118,97,28,16,66,24,220,103,65,82,21,85,63,161,150,49,40,29,138,27,78,14,61,82,51,113,259,38,70,52,95,40,50,65,12,128,64,76,151,164,18,46,68,10,27,34,97,12,26,36,166,22,40,95,72,36,37,20,57,87,50,17,32,156,13,53,33,32,43,14,99,44,7,102,21,52,19,95,32,33,35,64,58,39,127,61,33,29,27,19,52,19,29,75,26,70,41,154,13,65,75,29,132,19,38,46,26,117,119,73,86,28,28,20,60,46,76,12,68,130,44,77,38,22,60,37,19,64,87,61,146,60,19,39,34,34,11,30,91,46,88,18,89,101,94,90,54,44,84,8,18,95,17,106,19,20,115,15,80,50,50,226,32,88,21,9,16,152,232,53,56,56,122,112,25,75,43,38,23,85,44,49,19,125,92,101,111,135,62,122,27,17,90,31,95,40,66,21,39,27,23,10,127,48,12,23,22,80,137,21,66,33,52,28,58,46,50,65,43,7,24,137,41,150,3,6,159,140,37,75,24,43,87,39,100,12,59,49,19,56,18,57,112,67
S191,90,109,100,96,79,275,119,115,83,131,195,136,70,62,64,95,57,140,74,93,107,154,145,52,74,30,18,76,69,78,14,13,19,12,3,20,14,70,163,28,166,7,100,2,43,162,70,180,14,173,37,144,239,113,92,32,20,179,25,44,47,29,47,69,62,98,52,194,54,53,133,6,128,131,81,73,20,93,7,95,11,185,10,90,30,22,103,287,115,112,55,69,43,54,38,31,85,104,51,213,353,17,72,14,11,152,84,67,2,51,87,94,44,17,200,95,151,58,66,105,150,85,15,11,54,36,53,49,15,67,32,32,70,8,81,38,78,21,77,21,3,15,105,150,47,104,134,61,5,44,9,97,28,3,140,17,94,30,109,24,79,92,23,95,25,36,36,44,235,64,55,23,6,18,44,60,56,47,10,85,70,132,26,15,74,34,44,6,64,20,148,140,56,12,23,30,12,65,38,44,34,54,67,48,231,136,99,46,27,68,23,67,31,29,97,3,21,218,53,93,63,21,170,33,89,16,8,6,164,77,56,79,105,102,125,39,56,32,32,55,121,45,31,15,83,30,53,150,50,123,78,30,10,71,38,11,54,203,26,81,124,25,47,38,39,29,57,82,132,47,28,55,36,22,46,46,16,60,111,127,59,25,198,38,23,17,15,42,76,31,29,36,88,99,51,50,41,74,87,43,47,33,79,109,48
S192,98,233,210,285,209,590,206,274,103,285,536,296,468,99,283,121,252,433,231,286,187,410,352,50,201,76,52,33,65,96,17,43,34,17,9,49,30,41,27,19,102,34,74,24,48,71,280,105,98,103,41,107,136,148,37,36,65,57,26,54,28,68,25,14,100,33,51,134,112,61,135,13,148,191,63,54,52,47,48,22,10,40,10,62,28,34,48,142,46,100,37,122,33,13,54,29,30,103,143,105,77,40,59,62,59,39,10,87,12,51,115,144,18,28,48,120,124,68,77,145,90,27,23,43,19,103,44,73,55,16,23,17,44,32,18,45,84,49,73,7,21,24,72,33,10,78,82,42,3,16,34,60,14,5,90,68,68,96,82,36,33,58,19,32,95,39,32,5,55,17,128,75,10,32,28,36,24,64,13,93,74,47,18,5,25,41,81,6,150,28,123,129,97,16,33,62,35,12,13,46,68,16,47,48,37,86,32,41,49,78,15,57,24,0,31,50,35,57,70,20,48,38,304,30,38,11,13,42,199,60,54,52,50,139,117,68,61,71,33,43,62,46,44,19,58,55,46,38,121,119,78,19,74,17,45,16,42,76,21,76,84,42,8,83,39,7,21,31,59,81,7,115,51,37,40,72,17,23,78,135,45,59,138,21,59,22,48,66,96,35,55,88,36,51,32,19,28,88,35,83,39,19,65,68,25
S193,187,230,121,310,198,246,122,405,104,181,134,114,235,59,232,181,226,236,153,162,245,202,229,84,162,59,96,36,41,63,23,32,37,33,42,112,45,74,233,26,160,2,165,11,3,32,49,84,45,82,29,63,72,64,86,65,28,98,95,103,18,83,110,38,102,104,26,129,105,44,117,20,317,45,126,54,81,32,3,116,26,104,7,40,89,24,118,205,57,121,95,167,29,34,89,44,147,28,72,40,151,20,74,105,58,177,49,40,30,32,128,80,81,21,87,16,111,30,70,173,121,57,5,39,55,38,266,74,23,28,12,69,72,52,67,56,56,37,101,23,40,48,77,57,90,152,159,32,27,22,33,76,66,4,32,110,214,12,125,11,67,128,64,241,21,86,37,112,169,27,42,40,31,40,72,58,40,65,85,108,68,1,89,36,32,45,48,20,127,70,63,147,44,14,87,160,48,31,29,57,192,22,71,63,200,225,130,68,95,82,6,56,21,53,29,22,16,125,54,58,49,24,212,53,148,30,29,36,128,178,29,139,56,36,162,15,49,78,104,69,195,60,34,31,45,114,113,105,150,117,53,19,42,88,36,50,135,35,53,46,54,84,14,217,26,12,66,41,65,69,13,112,81,51,52,26,18,53,191,112,46,128,108,19,133,29,2,86,141,109,101,18,154,153,43,54,33,136,49,36,79,18,52,81,54
S194,151,112,149,286,208,275,292,129,143,119,210,345,263,135,264,100,256,159,153,370,222,321,307,66,95,66,13,36,29,23,25,13,19,31,17,23,51,44,190,176,8,45,18,9,10,50,103,39,16,80,94,60,57,40,52,47,48,33,41,21,46,25,10,29,96,49,17,157,36,12,133,18,49,35,112,24,43,18,0,81,14,103,7,64,19,70,49,103,47,87,38,57,34,9,52,53,40,32,54,101,94,31,25,34,18,24,47,79,0,60,77,42,19,9,97,86,50,83,93,45,92,73,6,98,81,20,48,58,21,14,6,15,41,29,40,66,34,8,26,27,53,20,77,11,26,59,103,76,57,22,24,28,19,14,46,29,38,63,63,3,46,37,8,47,9,21,26,16,70,49,102,18,7,11,22,31,74,60,34,49,93,72,38,25,61,53,52,9,17,46,104,34,36,35,9,33,16,7,1,36,12,81,34,4,79,220,69,20,19,25,22,38,35,43,30,12,54,103,107,13,31,42,173,28,32,23,34,16,84,116,26,66,38,68,87,16,119,56,38,46,201,12,46,5,92,36,10,66,73,82,82,54,3,40,57,19,68,38,10,58,51,26,11,41,5,14,37,15,32,44,38,49,41,31,53,4,55,14,50,136,10,24,64,4,55,8,21,49,76,35,39,93,63,154,21,22,69,17,68,9,37,10,33,49,51
S195,156,224,169,216,142,274,134,167,166,151,262,147,213,57,132,105,198,286,157,202,126,224,304,69,111,82,134,88,71,90,19,39,9,33,15,140,14,99,19,29,34,14,13,140,207,60,117,127,56,58,45,159,67,78,150,71,19,76,30,30,4,46,44,38,51,51,9,91,198,55,72,6,70,60,111,23,76,31,12,35,4,158,9,27,29,27,76,148,32,60,78,111,51,16,36,51,74,37,131,72,88,23,81,65,5,49,39,54,7,38,96,91,12,30,42,37,99,53,97,77,42,41,20,37,102,6,76,20,46,20,37,19,24,42,25,121,93,18,61,2,38,30,57,77,30,81,83,54,67,53,34,92,47,22,74,25,78,28,45,16,59,72,7,92,86,10,37,32,27,94,102,74,48,48,109,77,75,35,30,112,33,84,75,33,36,44,58,34,71,12,158,124,116,49,39,81,16,49,125,12,52,57,108,25,261,124,134,35,38,61,54,22,62,39,34,1,30,99,13,40,103,30,138,0,15,27,15,19,126,110,28,98,78,60,98,14,69,88,87,63,115,38,90,53,132,53,21,143,67,30,66,19,29,80,16,24,46,94,57,9,17,8,17,77,37,16,84,57,70,99,7,68,21,79,22,59,34,41,113,49,11,9,52,17,20,7,14,74,43,43,75,23,16,65,37,31,56,62,22,26,63,8,96,69,50
S196,140,202,70,273,113,396,90,178,129,267,298,243,91,111,128,101,92,90,131,259,149,221,202,57,184,107,19,42,154,30,23,21,59,18,15,16,28,19,29,50,93,44,20,85,70,90,219,157,83,170,144,83,88,169,128,97,143,127,45,74,40,80,46,23,129,97,38,189,140,29,165,28,69,106,67,39,71,57,31,50,44,72,3,65,34,105,170,180,121,107,32,164,80,17,33,45,91,48,180,107,230,23,59,34,32,58,57,40,1,57,70,72,89,82,133,92,162,68,33,153,59,60,12,40,57,29,80,87,12,16,27,62,65,34,93,23,90,45,226,43,71,10,72,24,17,136,140,29,53,53,7,78,62,18,30,23,122,94,116,8,35,70,41,130,36,58,52,22,166,92,57,55,17,18,72,39,50,30,43,109,65,38,99,23,121,74,115,0,189,44,191,135,31,17,68,67,37,12,41,54,65,33,36,27,107,256,93,32,49,151,8,55,115,26,102,35,5,259,42,44,39,10,181,66,102,43,12,7,94,75,51,30,97,162,134,104,140,77,31,30,74,39,19,19,74,67,61,184,149,104,84,54,8,92,29,93,12,47,60,54,75,52,23,59,9,18,57,23,113,33,17,133,69,74,71,71,15,111,64,88,9,13,80,54,46,21,9,181,145,23,65,125,61,85,29,22,55,58,31,16,83,4,112,102,49
S197,133,202,171,128,194,279,118,267,127,158,182,335,191,243,185,145,182,230,93,304,188,260,172,25,191,57,61,40,36,44,68,101,208,242,73,51,210,42,22,29,5,12,10,67,76,85,178,169,99,111,89,98,241,97,166,102,9,59,91,59,29,128,47,42,77,59,60,129,82,76,257,18,187,90,67,32,193,80,7,94,63,129,2,33,61,26,150,191,85,152,78,27,16,36,71,24,28,55,161,146,138,32,37,82,68,42,24,142,10,21,117,107,186,77,138,101,77,23,125,180,66,69,36,11,79,54,108,66,30,9,30,48,22,38,28,39,37,57,44,24,78,33,62,30,5,111,123,44,20,9,17,64,21,10,30,25,53,52,32,7,32,131,26,208,7,18,49,43,71,33,124,51,7,40,17,18,90,84,64,59,27,161,32,10,31,12,2,20,79,14,120,110,38,36,10,52,40,22,72,15,54,31,47,63,145,34,76,17,31,19,26,63,52,10,80,15,36,116,123,33,76,23,308,30,98,5,19,14,224,38,23,52,94,106,215,8,115,51,57,58,162,26,110,6,178,96,24,208,76,108,49,16,51,47,33,52,69,41,53,87,36,52,31,176,59,29,41,19,48,59,57,84,86,22,34,70,10,46,43,106,23,40,169,104,96,10,57,115,100,26,109,36,35,117,35,13,50,77,34,15,63,49,41,77,102
S198,110,211,81,390,268,417,152,146,98,203,443,222,229,165,183,114,264,236,230,256,244,114,345,45,123,84,30,84,208,152,28,22,27,48,22,43,37,33,41,19,11,123,208,18,11,38,66,139,38,141,60,68,67,75,84,233,27,128,32,86,22,14,79,25,102,179,53,150,114,115,154,19,157,186,140,48,68,38,7,75,31,74,21,97,31,32,97,259,47,181,70,331,76,19,48,64,73,61,136,202,117,11,77,89,13,53,32,93,12,103,125,54,87,28,107,110,85,51,172,111,92,134,22,40,71,41,176,45,25,108,33,122,47,21,31,38,143,29,171,13,57,19,82,42,10,67,90,15,24,81,42,52,33,40,115,87,64,43,50,15,50,51,34,158,12,50,32,23,87,42,131,55,3,7,30,85,124,84,25,47,31,27,25,23,60,87,50,15,101,42,155,257,151,66,15,119,77,81,73,9,76,9,69,65,148,83,117,25,43,87,37,11,51,43,57,26,35,162,130,76,87,101,337,31,21,22,31,13,179,331,20,72,118,83,115,46,139,110,77,6,256,80,32,7,179,86,82,82,138,130,113,34,89,65,93,39,89,46,7,102,15,88,18,138,58,36,45,19,81,107,23,70,69,98,112,27,2,71,74,91,14,24,39,26,38,13,43,97,231,48,60,61,98,93,38,43,30,47,129,29,38,31,112,83,55
S199,51,240,74,280,64,571,251,321,207,258,374,263,181,190,199,106,225,290,251,233,156,316,231,143,205,65,11,43,91,76,23,19,17,41,22,148,25,67,32,29,22,55,7,98,15,94,317,183,89,169,199,247,336,265,203,45,33,91,143,50,26,16,125,42,49,113,52,221,138,45,96,53,209,59,184,43,63,19,12,24,20,140,36,50,84,32,86,148,12,81,108,44,112,4,66,76,82,134,117,59,109,35,65,30,17,41,45,166,5,64,174,66,34,32,85,182,101,83,76,37,81,149,5,59,109,32,55,98,23,46,183,66,85,89,40,44,174,11,42,60,74,32,26,184,33,95,210,7,100,93,23,37,63,11,134,23,124,54,55,76,90,58,41,111,15,30,50,31,43,185,42,23,56,7,49,50,34,144,20,164,134,111,22,10,34,29,39,72,50,40,363,97,39,13,3,118,68,50,44,24,45,51,31,47,88,115,86,14,77,76,65,58,123,18,163,5,15,63,33,41,50,27,142,25,31,7,32,51,184,101,77,104,41,189,113,61,79,160,42,123,137,24,51,25,192,58,41,77,74,104,62,27,7,45,56,49,29,21,25,27,109,34,18,128,29,41,30,32,44,66,13,133,18,108,34,51,16,88,122,61,22,67,58,34,136,6,34,13,92,28,52,94,108,91,14,54,3,107,38,6,43,3,35,90,11
S200,38,115,121,141,112,216,121,183,147,129,198,168,137,47,89,236,165,89,119,158,158,190,113,76,160,35,45,51,70,49,73,169,100,146,52,25,23,18,19,10,162,6,13,84,32,43,35,28,24,55,35,14,14,45,13,64,67,68,38,47,22,29,56,53,79,124,52,154,84,39,243,28,124,84,145,32,65,13,18,74,31,166,0,45,31,41,73,152,73,89,90,107,51,17,81,47,47,23,127,48,144,28,97,46,89,87,57,46,2,25,62,41,18,30,31,141,73,44,98,91,109,43,19,87,64,44,33,55,12,22,7,32,48,15,37,36,40,29,67,34,33,14,50,55,12,42,69,60,26,49,51,7,5,1,50,54,62,27,44,23,31,90,27,102,30,43,22,7,95,9,68,14,32,8,15,59,74,87,34,30,56,25,53,21,42,17,41,15,102,38,234,73,84,41,29,36,36,17,17,21,31,115,72,26,180,111,19,59,28,51,34,16,35,40,30,9,46,159,65,49,35,11,263,20,36,25,2,25,256,132,23,115,146,97,107,81,67,25,31,37,101,13,13,22,48,40,43,63,94,52,36,35,18,29,17,30,37,43,15,37,15,15,37,76,33,26,67,15,39,51,25,97,13,74,71,36,28,30,106,42,28,39,79,42,83,34,36,32,129,23,80,58,126,75,37,41,1,17,32,39,60,13,46,51,15
S201,63,192,116,184,123,242,160,168,158,275,394,150,111,107,155,152,89,198,135,193,194,152,226,61,146,88,36,61,77,34,41,26,25,13,18,14,90,47,11,30,106,124,97,18,8,48,157,86,32,131,26,122,127,105,72,39,101,164,63,33,31,140,98,16,76,138,29,265,77,157,182,11,77,37,100,78,54,43,37,76,0,107,25,186,52,15,71,233,102,33,67,170,68,42,43,34,50,91,81,52,86,36,33,50,92,69,108,71,2,40,52,69,95,44,78,66,67,54,42,165,118,69,38,42,58,82,122,112,62,24,50,29,51,15,69,26,68,19,59,32,8,34,56,81,50,89,76,43,14,26,44,16,17,0,62,40,109,68,129,9,81,103,25,98,28,22,10,11,74,35,172,24,25,45,81,52,35,23,20,25,92,83,45,6,66,70,60,14,105,15,115,114,40,48,28,18,49,48,35,16,59,37,50,30,109,187,97,44,105,43,15,84,15,42,82,6,16,178,87,68,50,95,163,28,28,50,17,63,153,87,80,71,29,205,194,20,47,112,39,120,65,48,102,39,81,78,54,116,113,77,44,85,43,56,79,7,66,29,27,73,17,33,50,39,34,14,31,27,110,81,33,84,19,39,70,68,16,38,16,57,16,43,117,35,51,18,33,41,41,44,110,119,85,129,33,14,51,37,51,43,48,29,66,135,38
S202,38,89,70,62,73,129,88,48,73,50,60,28,91,41,50,45,58,76,40,81,63,66,56,21,64,16,34,39,63,24,116,67,62,128,21,12,18,17,21,5,18,66,55,2,14,22,113,51,32,100,34,110,87,46,24,15,34,55,33,120,25,88,42,36,51,102,8,136,32,57,155,5,106,107,95,64,30,20,0,91,40,111,4,86,101,20,111,108,48,77,31,35,26,26,77,44,55,110,98,96,140,23,46,56,11,31,86,23,4,51,99,174,40,15,85,87,82,58,51,63,41,10,15,49,56,42,56,44,21,34,16,23,42,6,33,68,47,35,48,14,54,41,54,93,3,85,56,33,11,37,21,28,33,3,21,18,62,30,50,23,23,62,1,69,25,21,22,42,71,41,40,29,38,7,18,50,37,23,17,41,63,52,21,8,11,84,3,1,77,15,117,159,16,9,11,42,45,26,2,37,27,49,75,19,74,122,11,28,48,54,23,24,83,33,75,10,10,65,61,45,36,38,235,8,17,46,6,43,252,44,66,41,64,47,172,26,92,139,31,98,147,26,43,29,80,70,27,48,167,45,33,21,20,3,11,53,35,68,11,43,12,19,11,60,36,31,18,8,28,27,37,45,24,58,16,7,14,40,27,97,22,50,72,46,37,16,6,36,97,23,44,40,33,118,52,26,21,24,47,11,34,11,22,104,43
S203,56,164,142,217,209,164,171,157,140,170,240,172,96,79,224,101,54,186,186,256,97,206,256,45,164,53,7,29,55,46,28,51,110,59,63,8,40,17,8,19,18,9,17,14,8,40,43,154,44,30,40,32,102,38,32,25,34,68,33,55,20,32,33,1,25,67,32,143,32,89,90,14,59,49,56,23,19,35,8,18,28,75,4,47,10,6,26,118,12,62,83,70,13,25,45,25,41,33,90,38,93,5,46,21,7,10,35,76,0,51,37,58,16,22,61,61,39,52,13,42,93,33,13,16,23,29,98,56,43,15,37,11,61,37,33,23,64,17,26,8,9,37,8,19,47,58,44,17,33,25,39,8,14,8,45,27,19,30,51,11,13,48,11,70,12,30,21,20,26,36,51,18,8,6,13,30,29,39,14,64,12,45,42,0,21,11,33,7,60,11,74,115,56,19,9,39,31,34,5,9,6,16,72,24,68,170,63,31,30,29,17,16,13,8,7,1,10,41,18,17,23,46,154,1,70,0,18,34,121,41,11,23,34,70,134,23,65,84,7,32,134,23,31,35,38,142,53,57,62,42,51,23,27,47,30,13,20,30,19,18,51,23,11,26,26,11,15,9,19,66,4,83,33,19,76,19,18,38,93,72,12,20,50,9,30,54,22,72,72,60,10,36,17,30,11,14,14,75,23,9,25,6,30,44,10
S204,233,466,68,382,158,714,336,523,330,326,391,161,230,210,227,144,147,344,259,466,245,528,309,325,376,60,30,43,107,72,23,24,7,41,33,127,22,66,30,23,171,43,246,2,94,122,271,353,77,483,228,199,240,119,71,66,38,93,73,140,36,34,58,14,17,118,69,115,87,58,205,26,80,72,86,52,68,19,17,84,23,216,11,28,40,4,153,155,27,138,39,85,36,39,54,58,91,76,147,126,153,29,104,40,14,62,49,32,0,42,148,176,52,53,74,222,53,37,58,90,109,55,38,41,33,55,57,78,28,22,19,74,123,23,70,129,89,35,141,6,69,65,89,50,17,53,106,9,95,67,12,12,23,3,50,19,191,125,74,22,126,129,39,139,20,42,35,85,100,42,52,21,16,10,20,61,90,26,28,40,38,46,17,44,56,22,35,41,123,35,127,217,40,57,41,98,180,45,69,65,34,40,57,60,76,99,101,63,85,137,79,52,46,78,28,31,6,98,200,87,64,56,258,29,18,18,8,112,260,132,44,48,112,101,66,36,159,262,66,102,182,38,77,19,32,102,79,236,87,79,80,39,37,34,178,32,67,83,80,80,19,31,46,117,36,42,30,21,15,66,16,82,37,44,18,36,10,64,61,72,11,57,126,36,72,5,20,65,73,5,29,27,16,108,59,50,142,60,99,19,48,37,33,49,48
S205,161,249,255,227,141,342,255,368,201,180,419,214,180,43,200,189,125,209,162,241,195,323,239,36,159,55,31,52,81,19,168,49,121,133,138,17,25,15,26,30,224,6,116,11,19,113,172,353,56,162,39,72,223,109,129,69,42,52,79,41,17,67,82,20,53,100,13,150,91,134,108,5,143,56,69,15,40,36,21,19,4,80,5,35,18,29,113,78,97,95,36,35,54,34,99,64,75,154,192,159,175,18,60,73,43,30,87,64,8,33,72,41,155,47,151,66,85,41,81,169,49,49,19,13,15,69,56,52,100,19,52,17,23,49,16,36,94,25,99,5,4,19,176,17,43,105,31,24,17,7,36,36,45,3,37,26,106,60,89,3,109,88,20,26,13,34,28,62,61,115,57,75,17,13,23,44,66,68,30,39,54,34,25,18,68,51,12,27,10,10,40,221,61,13,14,50,29,22,7,26,42,20,29,80,157,115,129,71,45,68,45,13,50,10,119,11,21,64,98,35,100,32,153,30,37,36,67,11,165,162,54,64,31,102,112,26,17,134,54,35,192,85,43,24,58,106,73,75,124,69,91,42,26,40,34,41,15,157,17,46,101,10,21,140,46,3,60,1,23,27,8,150,67,53,67,28,44,22,53,90,51,104,92,32,44,33,7,86,67,11,66,29,41,88,46,24,75,55,52,36,100,11,59,77,36
S206,155,112,83,119,55,248,129,143,133,164,129,123,174,120,127,188,79,224,112,200,127,219,107,23,154,78,23,56,35,40,15,34,24,26,20,22,41,33,31,31,151,96,250,59,5,19,17,19,45,29,41,23,42,24,38,75,26,73,41,20,27,36,52,62,54,188,24,148,188,34,100,24,136,103,26,81,41,56,22,118,20,89,0,127,60,10,29,185,42,57,31,98,27,44,33,115,77,71,124,58,155,57,33,14,16,53,57,91,1,71,77,68,92,30,42,230,163,71,70,45,18,49,17,64,22,59,81,119,24,32,18,27,73,18,32,132,43,39,46,12,53,17,65,81,36,74,88,25,56,9,7,35,31,11,88,37,76,46,29,18,26,50,32,125,19,27,70,13,88,59,75,108,38,7,35,50,105,101,77,59,14,83,57,5,47,22,32,53,75,19,70,175,92,34,31,66,38,9,50,41,111,18,66,15,132,64,40,12,38,15,18,78,111,17,84,11,4,108,61,60,44,9,192,14,30,17,29,29,187,75,41,36,94,94,65,20,162,79,44,30,101,36,158,27,75,79,12,157,76,76,137,59,15,73,37,46,76,68,26,57,26,61,27,66,19,3,22,14,41,56,7,93,48,60,99,27,31,73,49,46,65,100,153,15,32,1,26,24,78,39,62,13,47,45,6,62,60,133,119,37,37,1,17,53,21
S207,100,159,70,156,103,92,112,231,36,164,134,213,62,58,54,103,145,164,107,86,179,91,131,47,69,37,22,8,23,30,60,47,78,106,70,5,156,36,10,15,149,6,15,27,9,29,17,5,11,25,20,26,11,21,6,51,62,97,24,51,5,33,35,12,47,72,26,66,26,40,100,19,116,94,57,13,20,44,34,36,14,31,5,72,22,2,56,77,8,81,17,26,17,11,28,4,18,63,121,36,221,35,33,34,7,42,24,49,1,54,88,42,67,36,65,86,32,61,41,81,41,38,23,19,45,50,26,55,8,10,45,28,32,27,48,33,62,31,31,7,34,19,37,47,8,81,91,52,13,18,22,18,14,3,42,17,32,45,22,14,35,55,31,92,6,12,27,3,31,19,51,6,9,5,15,44,61,30,14,52,23,25,26,6,22,25,12,36,57,14,88,108,51,33,35,33,50,24,36,8,59,16,51,24,77,79,62,23,17,24,3,15,65,31,31,24,10,58,56,31,21,22,182,5,20,32,10,52,97,105,53,28,81,80,59,33,24,77,56,41,108,27,15,24,90,34,32,22,60,33,60,47,22,21,39,20,14,47,20,31,20,28,29,34,7,5,63,51,38,57,0,51,30,62,47,6,9,40,34,91,17,72,92,29,45,2,5,51,63,32,65,46,18,58,16,28,87,57,19,5,21,9,73,22,11
S208,147,169,73,202,124,201,115,211,67,235,111,138,91,97,141,84,48,231,144,174,118,241,89,23,108,38,43,112,46,85,175,54,78,68,150,22,229,33,17,123,43,67,20,4,103,73,159,97,52,162,104,93,91,106,187,90,37,70,46,72,19,19,101,32,73,58,57,126,14,36,158,3,58,53,90,45,52,16,40,69,46,200,5,20,56,55,57,148,3,97,60,77,69,13,42,20,21,44,87,53,105,25,31,26,15,47,43,121,0,54,55,64,134,15,48,108,79,24,58,140,47,46,27,17,56,50,63,103,32,40,11,14,10,22,19,48,55,56,84,73,12,10,44,35,34,87,37,45,6,22,30,44,48,37,88,35,131,34,49,21,31,28,19,47,9,16,24,45,46,72,30,17,49,16,58,70,108,57,42,16,26,17,16,17,17,15,34,10,55,34,62,114,76,36,13,63,53,34,50,44,44,10,54,60,77,78,46,39,24,135,15,62,48,57,105,42,2,87,79,41,67,30,123,6,22,25,13,11,60,94,61,126,38,117,148,3,65,35,29,65,135,35,37,24,38,96,44,42,31,23,68,41,22,59,41,9,28,52,24,20,58,30,59,98,38,22,56,7,105,29,18,97,31,40,47,74,18,21,87,65,75,42,70,14,65,13,25,36,120,26,34,2,44,95,11,38,16,20,44,16,80,30,36,132,60
S209,50,76,20,151,56,54,93,107,22,65,67,49,30,51,74,60,89,105,65,102,130,124,47,27,76,52,51,64,62,53,15,17,10,35,13,13,95,165,18,35,215,25,23,15,69,35,46,42,18,31,16,24,32,28,47,115,34,73,42,35,19,28,96,14,35,62,31,81,66,68,201,4,97,48,116,43,104,27,14,101,2,93,0,29,24,9,50,72,17,40,124,30,30,0,76,63,65,85,78,52,103,53,60,16,14,55,21,15,1,72,18,37,78,45,94,73,111,85,38,111,51,40,15,35,49,71,65,30,10,6,42,46,68,13,37,25,91,32,83,40,12,16,60,78,11,89,92,34,18,11,16,48,13,8,31,33,66,79,53,44,29,16,22,132,49,7,44,35,98,104,128,11,54,14,50,43,58,49,25,12,47,45,32,7,40,32,56,22,34,39,141,108,60,44,35,34,39,33,25,35,25,33,53,24,33,157,51,71,30,26,59,65,57,19,32,7,0,81,81,24,53,28,71,22,44,24,57,24,52,83,29,71,40,61,72,31,71,87,17,62,128,37,92,11,36,73,115,53,78,34,115,24,27,53,118,112,80,32,54,31,18,39,22,101,35,20,12,11,41,73,3,172,21,46,57,38,16,78,10,65,47,15,65,30,36,8,2,124,107,31,97,30,66,127,11,44,97,77,20,34,24,31,43,53,25
S210,64,120,40,96,48,262,94,143,39,170,146,193,74,77,117,126,86,120,88,110,60,186,143,36,92,54,4,61,49,37,18,23,14,5,6,18,33,219,23,9,18,86,44,63,20,21,88,44,45,20,26,93,26,41,100,32,7,31,78,101,24,66,40,48,63,65,19,61,40,20,83,11,132,64,92,26,40,13,3,67,9,94,4,57,48,17,49,82,19,22,32,21,25,7,55,40,99,51,114,144,129,29,19,12,7,41,18,51,6,18,108,50,75,20,66,139,105,62,44,106,45,86,25,18,67,52,95,70,10,17,61,32,52,8,20,94,13,26,154,35,18,30,29,78,19,75,49,33,38,47,9,6,63,8,37,22,42,47,38,10,31,97,8,69,10,18,29,20,63,30,38,22,5,30,18,58,22,28,16,60,42,68,6,6,11,65,54,36,8,33,98,131,36,18,52,33,46,26,34,2,37,17,78,17,157,69,42,14,58,63,26,47,58,9,67,9,9,20,43,17,64,19,214,22,109,65,40,10,184,126,84,19,79,89,101,24,36,56,83,35,168,30,74,21,58,29,45,35,17,40,51,73,9,29,13,40,41,69,36,12,25,20,42,118,12,12,26,9,86,64,21,105,45,77,21,22,18,37,102,55,36,40,109,43,51,2,3,55,126,12,39,25,20,83,3,29,39,43,38,10,97,40,110,32,15
S211,72,275,124,161,156,337,116,204,101,143,264,136,84,107,114,126,108,222,116,101,112,198,173,25,53,22,48,28,28,37,8,15,8,18,13,11,141,10,5,12,53,5,3,29,39,32,90,98,29,65,56,53,31,38,43,23,50,11,58,35,18,39,35,4,29,21,20,58,55,40,39,7,85,22,52,22,26,30,25,37,13,34,8,24,15,9,46,113,38,46,11,56,73,20,39,9,32,68,26,50,75,30,13,16,17,43,15,16,4,16,28,19,38,32,49,30,39,12,60,42,56,45,11,33,25,61,40,28,3,32,21,11,43,18,35,7,34,21,54,5,21,7,43,16,18,55,27,9,18,8,13,44,6,5,36,15,38,25,36,11,19,31,24,20,4,27,19,15,5,43,42,9,14,27,38,50,51,21,30,66,13,22,15,7,22,9,34,18,13,10,35,75,32,10,13,76,15,16,8,7,38,35,57,54,77,38,24,7,42,54,5,31,7,31,18,10,12,106,83,13,22,6,81,24,21,20,31,2,92,14,1,62,27,38,96,8,39,63,49,62,89,27,19,3,35,19,19,18,38,46,34,19,8,18,8,39,60,34,11,29,13,22,45,12,21,4,2,13,40,8,7,44,31,63,33,15,13,7,52,132,25,26,37,33,13,19,8,34,32,44,41,14,13,82,13,6,11,17,38,31,52,23,11,20,20
S212,44,87,19,72,33,103,41,109,15,94,109,87,94,87,31,56,48,65,38,47,77,116,54,10,19,48,36,66,94,49,45,54,139,267,86,101,36,13,25,171,8,19,12,12,21,7,24,39,16,9,38,12,9,39,17,41,104,71,37,53,14,29,77,21,85,92,20,65,55,34,69,26,49,175,87,38,57,9,13,94,31,91,24,26,61,6,108,262,45,101,72,38,35,19,13,18,33,118,67,147,182,20,53,26,49,79,20,32,0,65,161,92,41,29,38,84,117,50,74,137,131,55,15,13,95,21,85,31,7,10,22,31,48,41,49,52,58,5,169,23,12,39,4,29,28,39,149,23,14,38,65,18,33,45,69,27,45,96,28,42,71,47,12,126,8,8,14,13,102,42,49,36,9,8,31,49,48,56,48,86,61,28,32,30,78,27,25,0,73,18,105,180,101,25,22,57,151,33,81,11,9,58,36,34,138,135,67,51,31,49,37,54,48,26,63,35,9,165,45,18,21,11,230,55,76,28,49,49,133,185,69,71,111,95,36,39,122,118,55,41,178,38,154,44,54,47,54,55,113,55,26,32,2,30,42,24,18,67,12,47,28,30,32,82,27,33,24,16,92,34,29,72,27,31,46,84,5,30,28,42,15,16,75,58,65,31,4,32,44,20,32,47,48,69,7,56,35,38,46,28,37,14,33,108,21
S213,127,278,163,327,231,439,164,146,115,387,220,189,125,99,136,222,220,148,155,355,119,244,161,25,153,117,28,77,65,74,23,37,38,21,31,49,51,27,26,39,20,5,148,61,30,23,43,24,34,20,8,21,25,31,7,85,93,44,55,126,45,70,42,110,66,99,21,181,118,171,40,13,56,100,152,30,26,51,22,106,17,210,14,131,35,41,105,389,40,131,33,146,51,22,52,89,60,71,187,285,129,37,42,27,34,109,64,88,14,62,130,130,98,41,110,75,44,63,89,100,108,120,33,130,71,41,69,120,37,41,46,38,74,20,53,65,54,33,59,20,22,17,76,71,76,133,128,12,68,23,84,108,47,9,114,92,121,85,166,13,43,91,30,110,28,11,74,13,153,56,26,38,20,63,16,77,10,59,60,87,49,55,62,36,27,55,37,34,43,22,91,285,62,17,21,80,36,61,39,14,112,83,42,28,60,222,41,25,82,79,45,30,58,59,87,33,18,94,103,90,81,22,192,47,39,61,32,24,243,88,32,79,154,130,123,36,103,104,38,61,166,14,37,29,144,104,68,103,157,24,53,80,13,122,73,11,128,94,18,153,30,34,40,94,26,11,86,26,86,195,32,96,23,107,73,49,48,64,42,190,76,77,70,50,67,40,51,94,123,38,96,75,119,85,25,48,45,53,83,19,84,11,63,68,22
S214,65,118,152,208,84,261,86,240,71,121,157,146,64,76,158,89,114,139,104,147,148,121,142,77,176,66,33,139,62,32,96,88,158,101,136,13,337,68,23,25,349,10,140,12,36,23,67,187,130,29,86,124,81,66,75,83,55,72,23,90,24,82,80,35,28,93,12,153,139,60,170,16,131,79,192,54,22,76,14,122,6,74,14,186,45,31,51,162,72,77,10,66,25,9,116,72,7,157,71,85,87,82,49,66,50,58,68,40,1,41,190,112,63,29,61,67,43,17,48,131,45,99,24,96,155,128,45,49,9,17,56,37,44,30,52,27,45,43,71,22,36,49,98,111,4,168,96,82,26,10,8,35,28,4,101,51,42,114,53,7,59,72,15,102,4,77,27,91,145,23,103,19,31,34,19,87,49,39,38,29,47,41,22,27,40,85,34,10,69,39,153,106,90,54,14,26,85,47,46,5,30,18,67,32,65,114,30,49,57,92,60,85,31,23,63,12,37,197,105,34,101,41,339,51,49,18,34,42,104,65,16,58,77,76,64,86,40,147,73,35,134,24,106,30,101,96,72,47,74,54,28,30,43,72,18,3,26,51,79,20,24,10,53,82,46,18,73,40,45,61,1,143,87,44,101,87,39,33,106,224,18,77,108,22,48,29,45,44,66,54,40,123,61,70,4,50,33,46,153,26,100,31,19,35,99
S215,22,89,46,126,141,135,48,127,33,92,119,111,113,52,76,56,51,33,42,129,86,118,74,25,82,36,45,55,31,7,11,17,9,29,45,31,10,209,17,13,13,1,127,24,1,40,35,98,68,81,56,65,42,42,69,34,10,50,62,58,31,58,73,20,41,120,72,163,49,53,73,59,66,81,64,21,71,37,15,66,18,79,32,103,36,10,53,116,34,116,12,78,65,19,26,29,33,143,164,56,100,3,41,83,18,37,37,117,12,52,79,89,88,31,16,196,54,8,94,109,58,25,35,19,100,51,77,54,94,48,11,38,29,61,41,17,37,27,89,10,41,11,20,104,12,52,65,41,18,22,1,45,9,59,50,44,91,29,23,7,90,84,41,33,27,26,42,50,74,40,64,16,22,34,45,53,35,50,31,53,44,50,27,1,9,28,39,13,31,54,115,92,77,71,30,54,30,17,11,6,19,21,79,26,178,95,35,65,42,57,6,116,37,14,102,4,20,143,48,36,13,21,70,57,37,19,19,20,209,47,24,69,96,79,63,34,29,183,13,54,100,21,57,8,38,26,35,58,83,47,33,47,18,29,6,26,40,95,38,68,9,3,23,15,61,34,45,4,50,69,14,143,25,55,12,31,6,38,56,66,49,11,55,44,61,28,43,55,121,37,37,46,80,138,10,37,16,64,50,21,74,2,154,26,21
S216,220,278,110,351,316,271,261,291,149,274,212,182,263,200,166,253,155,273,147,162,170,394,271,76,303,24,42,79,59,75,16,45,25,17,18,5,55,13,36,11,242,1,80,53,11,79,68,52,30,93,84,10,43,62,47,85,60,77,112,29,28,50,47,43,48,96,17,184,50,54,185,49,45,92,91,57,119,30,6,97,10,137,5,45,39,17,46,91,43,67,27,97,40,17,70,94,73,177,142,91,39,33,66,50,10,62,43,91,10,27,63,101,51,41,49,99,23,145,83,109,64,22,14,23,105,26,82,40,9,24,31,26,54,15,71,13,36,18,135,2,15,58,73,28,13,20,50,97,18,47,33,52,9,11,39,53,47,32,31,21,73,55,27,76,59,17,77,44,69,47,103,19,39,19,91,75,49,52,104,49,56,31,72,4,13,31,63,33,47,36,174,133,158,40,26,48,79,49,31,59,37,46,49,48,177,91,14,40,45,70,54,64,106,40,32,16,1,100,89,55,55,29,249,48,56,2,16,67,165,156,21,40,101,84,120,22,82,178,34,78,136,21,39,12,34,46,97,31,116,81,73,66,11,133,32,17,34,25,2,79,75,57,18,54,32,10,17,10,94,70,10,116,23,100,71,37,54,36,65,151,40,62,122,20,76,48,4,37,105,25,24,37,45,130,44,42,52,22,32,55,59,3,50,100,39
S217,111,142,65,225,253,183,112,181,70,272,197,173,203,141,122,193,156,397,181,265,234,361,69,71,184,83,48,67,136,117,26,19,20,32,15,115,20,32,25,13,25,1,228,4,107,46,152,90,66,105,68,85,90,135,74,128,11,96,70,37,51,87,82,42,61,118,77,158,99,88,277,19,158,108,150,35,34,31,0,133,19,133,1,37,36,15,55,158,100,231,98,58,66,10,190,114,89,88,112,38,226,38,54,51,103,45,59,76,10,17,119,43,32,36,56,105,101,66,69,132,114,51,40,42,65,128,57,98,23,7,51,59,62,16,39,32,65,23,31,8,35,20,138,31,12,155,46,35,34,28,54,9,24,8,57,109,62,32,65,27,41,101,39,164,26,20,23,84,115,73,89,46,44,16,111,65,31,58,67,66,82,115,40,48,12,54,44,14,168,42,210,89,50,32,12,41,34,98,51,34,83,45,20,141,132,102,100,34,92,88,4,19,84,24,50,13,19,247,57,8,76,50,190,33,63,30,6,12,287,47,5,69,41,61,243,37,78,71,37,45,190,33,64,20,79,59,81,115,40,139,57,7,5,85,70,49,56,44,74,57,59,17,34,29,44,23,139,43,26,114,19,77,65,56,57,111,9,73,79,110,55,61,73,51,109,20,8,41,52,22,130,69,34,83,47,44,104,98,47,18,154,58,75,32,28
S218,10,28,23,99,17,51,57,63,13,69,41,35,39,33,40,50,13,60,38,95,40,82,48,7,53,32,6,40,43,10,60,39,106,48,39,6,14,17,15,139,11,5,75,25,41,11,22,21,11,34,18,7,35,10,26,34,22,54,15,61,4,17,60,30,24,35,17,26,41,80,101,2,37,56,43,17,69,3,25,42,1,42,15,29,10,12,25,105,26,62,39,35,38,18,18,13,44,66,81,71,103,9,43,22,15,22,4,30,5,20,25,28,55,14,62,51,24,30,6,38,32,13,10,3,40,44,45,39,2,32,9,25,9,28,14,14,46,9,114,6,19,22,29,51,5,48,30,17,17,21,15,34,8,3,12,12,29,11,21,1,48,18,18,20,4,21,19,32,17,27,52,11,24,8,30,10,47,30,69,30,10,21,10,26,45,31,17,26,33,21,41,42,21,8,27,10,57,8,34,7,22,13,45,23,30,76,43,32,11,34,23,29,20,23,14,4,8,84,39,7,23,15,47,14,21,12,29,11,66,97,21,21,28,26,32,6,29,62,22,67,48,18,35,24,16,30,16,19,53,7,12,35,12,34,16,16,24,39,23,34,13,7,17,33,7,8,37,0,22,24,6,53,18,43,34,15,11,16,23,69,9,5,90,12,8,0,4,36,77,9,25,15,20,31,31,8,14,27,36,9,38,6,27,15,16
S219,53,166,67,121,113,113,116,116,100,102,69,89,102,115,32,65,93,55,81,139,78,207,131,36,144,46,54,54,24,10,60,112,64,214,189,9,29,31,65,21,132,18,9,17,249,25,12,55,22,23,23,26,29,36,33,61,73,26,30,118,39,55,39,42,63,64,43,94,26,93,105,10,154,96,121,60,108,41,25,53,22,173,16,65,133,12,169,93,39,207,12,102,40,16,82,53,76,66,69,90,122,13,51,72,33,41,40,40,9,44,67,35,69,36,107,190,23,59,13,92,93,88,20,24,54,88,108,76,24,10,48,6,27,18,27,25,49,96,131,25,30,11,78,61,16,73,76,17,32,14,10,18,75,13,132,32,61,37,91,16,16,21,44,128,11,34,18,34,77,62,77,86,22,33,57,23,37,84,154,108,17,83,59,21,42,92,30,9,139,33,124,102,37,7,25,61,30,16,51,28,44,46,44,70,59,120,88,16,64,88,54,94,76,5,48,2,20,105,60,45,60,28,217,66,11,5,44,18,91,106,83,46,77,52,33,9,21,108,106,49,147,6,74,7,41,81,42,70,130,41,63,39,11,105,4,32,85,54,30,39,40,43,38,45,40,20,13,19,100,84,15,93,43,17,43,86,11,15,129,130,31,53,79,46,48,35,1,117,82,39,73,33,32,93,17,88,40,16,97,42,80,23,33,4,12
S220,177,174,102,297,301,451,189,242,122,361,189,339,127,282,163,229,194,190,245,181,363,357,209,109,115,51,34,111,37,63,153,88,69,213,201,26,49,33,168,28,45,45,18,21,2,55,121,98,50,104,60,49,70,44,27,85,41,82,79,24,22,42,42,31,44,105,85,158,117,85,152,28,69,98,69,48,67,25,18,86,16,48,14,17,107,36,122,145,35,160,51,79,34,100,73,67,73,178,84,74,172,50,65,37,26,110,68,66,2,67,229,71,54,55,31,52,94,32,92,177,93,115,28,20,133,96,143,67,9,62,5,28,19,53,124,45,116,77,70,25,54,55,74,62,41,73,65,88,21,37,26,31,22,18,32,82,133,64,29,20,164,55,45,163,65,5,25,21,202,54,99,44,26,20,19,21,60,91,61,23,123,49,88,18,49,26,39,4,202,32,130,222,44,76,7,33,22,4,88,35,162,36,42,18,81,197,104,87,55,98,53,49,43,26,79,6,35,154,109,36,18,89,97,6,49,38,66,19,199,72,54,56,121,56,100,27,69,124,95,54,228,14,38,20,115,102,95,104,103,70,151,62,14,49,127,33,37,97,37,112,56,47,4,31,29,1,52,48,70,43,10,117,71,107,117,32,16,58,62,100,10,91,81,56,147,46,7,50,58,68,72,54,57,199,47,34,44,164,90,18,63,34,25,73,51
S221,118,396,126,171,162,641,359,179,153,419,256,205,192,245,118,274,131,261,147,153,184,397,316,32,282,98,27,99,53,54,12,22,9,48,38,24,35,189,27,300,18,37,3,16,1,17,48,78,37,53,25,29,37,49,44,110,30,75,74,93,14,83,141,16,45,121,97,74,109,112,109,14,131,183,110,72,92,46,28,65,51,154,7,62,36,9,69,115,58,59,62,38,36,18,19,95,133,117,55,94,201,23,123,67,96,21,31,43,33,94,84,100,109,56,41,83,129,31,59,73,118,60,56,28,36,46,112,131,28,14,28,61,30,25,77,65,77,36,74,58,12,45,53,113,72,219,171,37,24,62,49,51,28,2,59,71,79,42,53,12,52,80,88,123,13,82,29,12,77,175,47,35,33,8,126,25,91,55,10,65,37,30,42,14,30,37,13,27,94,23,190,278,108,38,66,67,5,51,16,35,9,53,90,72,72,177,62,48,18,114,26,32,41,11,22,7,36,191,94,38,78,91,227,8,3,57,23,68,144,152,57,142,21,67,127,51,185,138,80,27,179,44,41,4,53,96,21,84,83,23,73,54,29,136,60,46,101,79,52,85,10,25,64,110,29,20,95,51,68,43,44,146,98,85,42,35,11,31,85,116,41,19,108,74,83,14,12,79,95,52,59,93,52,75,26,61,26,80,129,34,44,19,57,58,46
S222,94,163,82,209,131,323,83,183,119,222,143,133,189,166,171,117,64,52,97,138,231,346,174,29,122,190,65,88,36,33,50,36,52,38,36,17,49,46,19,42,133,86,25,23,15,30,17,32,18,46,37,28,72,56,13,106,51,56,122,90,104,119,69,86,34,74,25,209,59,72,217,20,122,164,184,84,185,32,8,124,13,138,21,55,69,71,83,116,100,73,26,75,38,60,120,54,114,146,214,30,316,67,63,29,48,48,58,50,4,169,30,141,158,23,210,146,190,99,76,125,74,48,13,49,83,89,94,83,32,31,28,33,123,55,187,156,92,29,172,91,18,14,71,113,35,99,85,38,34,38,23,44,23,1,93,103,88,14,46,26,47,20,53,101,24,40,41,18,222,158,128,51,34,27,30,46,38,95,79,100,43,85,33,10,59,95,91,58,95,35,145,286,151,29,40,110,138,23,55,156,34,76,78,2,211,264,163,53,113,413,50,154,85,18,25,33,13,217,44,86,14,49,270,63,59,25,48,42,138,120,154,45,79,178,237,49,128,153,91,50,163,123,68,26,76,108,39,120,373,44,63,63,126,104,116,51,153,56,122,89,71,117,36,96,103,13,58,53,78,34,71,144,86,16,104,157,42,53,88,116,58,46,131,113,162,21,3,102,273,62,61,96,53,108,28,30,97,101,136,35,68,17,31,78,29
S223,224,175,364,339,159,243,259,142,168,338,347,254,338,109,230,127,190,222,233,453,193,357,507,70,218,104,39,67,135,62,35,17,14,34,34,141,51,35,36,36,170,8,181,247,88,126,146,39,88,109,120,126,87,45,226,119,126,52,49,87,57,87,78,67,99,48,37,440,144,142,246,40,137,101,207,54,129,16,85,158,4,236,24,38,11,45,96,149,71,107,128,155,25,36,135,52,70,173,116,79,170,32,68,39,10,25,54,137,12,14,141,60,44,69,113,143,204,119,77,128,91,75,12,6,233,22,32,165,17,13,73,108,61,55,85,36,88,29,166,53,70,9,57,100,14,100,107,60,109,37,46,50,64,1,34,31,53,78,79,0,56,88,14,46,4,25,64,7,197,52,53,52,77,42,43,52,37,53,44,109,20,146,68,83,64,35,84,45,169,55,269,179,85,29,13,40,63,5,54,19,40,51,66,74,162,81,166,56,31,85,57,49,18,41,57,3,9,145,37,79,63,47,462,37,61,22,14,33,267,167,71,81,164,204,98,54,168,273,140,75,88,44,211,48,51,112,78,181,138,75,37,107,34,78,15,26,41,36,41,67,84,28,44,87,75,21,107,17,73,128,23,169,32,50,61,41,12,126,24,207,30,14,120,87,13,2,35,49,204,85,58,55,67,104,17,62,34,79,63,100,110,69,8,145,93
S224,173,158,163,377,226,276,261,244,209,230,197,248,129,88,104,180,358,175,224,250,296,363,392,94,122,90,110,72,69,78,130,149,232,156,61,9,27,13,81,7,11,34,171,31,91,7,134,112,20,64,37,91,84,40,95,100,64,86,70,23,2,75,48,18,80,58,10,148,82,56,135,18,115,83,125,45,105,59,16,64,27,77,12,45,146,36,123,231,90,81,47,58,23,32,68,18,107,60,115,90,42,18,30,94,45,55,27,65,0,39,155,154,64,33,63,104,177,103,64,40,30,20,9,19,33,93,145,62,35,66,28,9,89,36,25,200,101,44,134,33,19,15,84,59,39,71,24,28,58,8,18,48,22,1,50,16,121,77,58,39,58,67,120,99,25,53,48,24,96,73,70,49,31,45,18,20,22,51,14,43,41,29,26,31,18,34,96,7,44,38,105,146,63,32,43,30,37,34,42,51,88,46,59,33,120,163,60,25,108,26,12,27,22,41,24,1,25,157,84,24,13,65,177,50,58,33,3,41,275,40,7,17,57,130,70,25,75,122,60,68,139,47,47,36,173,51,30,73,165,125,102,41,35,53,91,6,47,86,61,101,25,32,44,96,65,66,47,17,41,42,15,43,42,36,53,27,23,52,42,67,4,53,126,25,74,27,14,47,87,27,112,58,39,115,24,66,84,78,61,41,44,22,42,89,78
S225,82,190,76,188,209,244,146,101,92,126,65,240,89,90,85,83,121,123,199,271,116,223,147,73,125,80,12,105,188,90,101,103,168,205,254,165,38,40,15,14,20,9,100,17,8,61,93,37,129,87,145,122,67,92,134,88,57,135,40,57,8,49,91,30,35,72,37,222,93,40,169,130,134,36,43,41,16,27,20,56,8,125,28,73,75,97,60,73,24,75,35,124,97,7,20,23,64,76,53,157,54,15,69,50,32,45,62,54,2,24,99,78,97,39,102,37,119,13,87,41,150,59,10,14,74,33,42,23,24,16,21,25,64,24,28,35,48,18,79,22,48,34,58,70,46,80,62,30,35,44,27,31,6,10,76,36,62,61,33,22,30,96,84,94,49,40,17,27,72,77,58,36,73,53,61,43,12,51,27,96,55,47,67,7,20,34,24,0,102,45,210,103,84,30,4,25,54,53,20,26,76,57,52,15,152,180,60,33,55,30,53,17,50,7,76,19,8,89,33,70,41,49,294,18,31,19,19,7,110,102,101,131,63,79,140,17,77,145,129,68,107,31,36,21,95,74,45,41,71,66,61,31,16,20,77,17,36,67,25,73,14,11,34,89,53,26,52,69,22,105,3,97,36,95,43,61,16,117,88,90,17,49,95,72,28,13,3,32,133,37,85,18,53,161,38,55,12,94,28,13,61,33,17,74,129
S226,54,158,83,154,96,190,105,194,36,233,144,209,157,161,85,114,140,370,137,138,279,169,144,69,127,66,42,38,98,29,113,91,199,197,80,145,37,65,36,41,29,16,14,13,164,43,38,50,4,30,46,47,59,71,37,113,147,145,45,121,26,66,52,6,53,217,8,153,107,33,123,42,292,134,116,105,47,74,27,41,26,173,10,59,73,42,132,210,73,55,62,60,59,5,53,24,43,133,57,191,93,20,53,44,26,99,47,81,2,39,69,45,65,56,95,125,51,67,123,162,31,39,15,54,18,56,72,63,36,39,28,37,43,37,25,50,48,57,89,7,10,34,24,86,21,106,137,46,23,82,19,46,60,8,42,174,148,88,100,53,48,50,16,83,7,31,135,9,66,129,61,153,24,41,16,22,76,64,29,70,38,93,19,10,6,27,95,40,124,53,231,36,70,47,32,69,76,80,39,35,57,64,84,101,78,216,87,35,58,153,42,37,55,22,60,66,32,100,136,66,99,48,297,15,77,11,16,33,268,176,44,199,19,78,258,22,58,194,90,105,213,44,68,37,157,86,60,91,192,105,93,12,17,11,129,51,54,97,34,26,110,82,17,255,67,52,68,13,16,73,4,54,80,121,45,32,12,23,134,89,15,41,104,96,65,25,10,114,126,26,48,19,47,61,28,113,41,85,43,14,49,4,95,78,54
S227,64,70,108,170,45,148,54,139,57,190,115,57,159,34,95,119,54,129,86,97,163,211,149,25,117,70,52,39,44,12,35,19,15,43,14,124,5,88,26,22,83,7,78,25,4,23,57,26,35,32,28,19,52,122,9,114,28,78,71,49,5,57,47,37,55,98,20,145,48,35,99,25,57,66,74,37,4,5,7,25,17,87,2,67,11,29,96,34,11,61,45,42,33,36,59,46,48,37,116,45,73,14,32,29,46,55,82,92,14,16,78,94,46,5,79,48,91,47,39,94,132,21,47,41,76,73,88,70,29,6,14,16,23,48,24,48,114,16,55,24,38,46,55,20,30,126,97,28,25,34,19,11,29,18,28,46,33,37,30,11,34,18,92,43,17,2,54,38,130,54,69,79,25,52,88,65,95,75,27,29,13,92,22,25,35,39,77,7,26,31,89,124,44,9,23,14,47,76,15,47,32,60,38,18,76,143,25,28,36,75,15,34,56,26,17,16,23,45,56,28,42,22,132,3,35,10,7,42,194,45,44,83,40,54,117,5,57,178,60,35,137,17,51,8,120,75,27,143,201,75,25,29,49,34,44,5,20,79,14,31,33,12,36,80,24,45,17,4,79,35,38,178,41,18,55,83,4,81,83,183,17,34,105,13,16,0,25,41,69,19,100,50,36,92,19,13,64,45,106,27,36,12,36,41,17
S228,75,137,92,137,95,177,99,166,57,189,112,111,103,123,154,70,67,79,92,63,92,103,79,44,79,48,12,48,77,82,149,90,110,195,114,19,24,51,37,47,107,74,16,79,9,18,40,62,11,24,32,20,40,37,42,46,33,62,49,30,16,172,38,30,36,83,42,124,45,46,173,19,69,47,41,14,31,22,12,173,33,54,10,45,47,21,149,100,27,55,69,67,29,37,48,29,156,80,95,119,140,31,100,29,11,37,126,47,18,12,63,83,35,12,44,116,37,21,52,118,95,25,6,19,76,37,67,96,3,54,63,71,37,22,45,131,76,17,44,15,54,55,42,109,26,119,69,9,4,42,41,25,33,4,55,53,31,16,77,15,16,124,20,100,68,35,50,38,99,24,109,12,19,10,30,16,69,41,38,35,34,65,30,17,26,22,24,15,91,50,131,103,40,10,33,89,78,15,23,31,10,17,51,55,117,68,87,41,44,51,30,58,50,38,109,8,10,181,51,28,35,30,305,8,46,11,11,16,170,69,28,23,57,65,187,33,75,49,91,38,99,43,53,13,157,79,30,38,68,65,51,28,28,27,36,72,86,60,45,59,19,66,64,97,48,18,47,15,57,53,9,115,41,141,78,36,31,61,47,205,30,15,57,20,57,23,22,50,120,40,60,46,57,89,7,46,34,86,78,29,50,32,56,40,32
S229,75,147,129,203,77,192,73,134,102,185,391,149,116,67,78,81,80,178,48,176,185,174,173,76,178,38,31,80,71,130,15,30,39,16,41,28,113,42,23,175,96,88,99,58,6,74,24,33,4,25,61,72,76,48,26,95,24,87,14,66,5,74,45,32,95,71,40,89,83,92,99,29,104,147,109,47,93,13,34,65,3,129,10,94,41,48,139,233,22,306,60,60,20,31,146,29,76,59,129,210,158,55,58,23,20,99,14,99,12,100,57,67,77,22,157,95,49,36,78,141,59,106,37,93,68,16,61,64,20,18,84,9,57,36,76,153,108,99,186,7,18,26,31,225,69,177,141,64,38,58,61,36,40,20,70,49,147,121,179,29,48,123,34,173,33,34,59,117,35,93,58,44,54,13,110,10,78,60,56,76,43,49,25,8,23,19,33,40,34,32,198,229,193,60,28,52,76,19,42,38,160,35,22,37,145,35,81,36,72,103,30,104,124,33,76,46,24,82,99,25,42,44,374,49,19,23,7,48,147,146,14,48,69,102,179,47,80,102,76,66,188,48,85,17,70,88,81,124,181,72,144,90,35,45,28,19,98,113,8,64,53,53,17,94,33,34,43,90,75,57,6,36,58,34,16,29,29,55,46,109,39,20,192,144,38,17,66,49,90,42,44,44,45,181,105,49,21,163,107,14,124,11,79,63,77
S230,290,213,189,340,304,363,295,233,179,150,329,278,183,145,209,226,64,234,127,181,226,327,173,94,211,213,28,55,130,94,45,22,12,42,48,33,84,31,70,35,35,53,179,24,16,122,161,119,104,213,55,72,106,171,81,176,182,179,62,29,133,113,120,136,70,258,39,212,91,41,261,64,135,126,150,99,105,32,17,145,5,205,1,235,56,35,81,192,107,111,176,119,94,26,45,14,173,195,177,203,183,64,127,46,49,143,255,76,27,39,85,220,168,149,195,114,229,176,55,53,193,40,18,87,173,45,111,92,63,67,57,25,50,6,107,65,92,24,199,43,42,19,45,213,10,154,149,52,31,57,35,58,65,6,21,33,46,40,96,38,52,29,31,119,23,32,45,92,122,132,91,88,90,51,59,69,47,88,115,132,37,54,24,21,70,66,86,66,138,79,187,156,90,81,33,221,44,60,93,83,17,102,137,76,166,248,106,51,89,120,101,77,74,66,179,11,2,93,87,53,136,64,376,55,65,38,82,45,201,107,30,70,66,302,94,36,111,85,129,130,140,38,202,29,146,101,44,275,189,192,50,37,73,95,41,83,108,195,10,59,44,91,49,158,110,37,50,18,43,71,27,85,78,97,124,53,8,40,48,178,10,113,163,76,53,142,36,86,134,2,138,304,85,100,52,92,38,98,251,31,191,19,82,55,83
S231,156,102,119,147,100,130,147,133,77,186,134,136,166,67,55,115,41,146,76,199,181,221,220,20,113,57,11,102,56,49,104,59,150,187,157,29,14,17,30,33,144,62,7,65,14,32,14,66,20,48,26,28,63,27,13,110,25,31,46,71,16,29,118,47,87,139,20,59,110,68,254,22,66,155,45,35,53,32,37,149,6,184,22,65,80,9,143,224,30,93,64,45,26,24,80,51,34,112,67,67,91,9,21,64,18,44,69,75,0,74,174,136,62,40,60,104,33,46,24,104,35,83,34,27,100,63,31,95,26,14,58,12,38,22,84,28,57,16,164,35,31,40,20,92,87,66,170,16,50,50,12,29,10,16,39,53,69,64,21,60,47,60,17,74,16,22,42,6,95,46,57,68,20,4,49,32,34,45,95,124,44,62,30,23,75,4,23,24,85,18,133,126,14,18,20,15,36,19,41,22,46,51,30,32,66,129,55,21,60,83,24,33,18,46,83,16,6,195,109,136,29,10,275,48,68,32,27,21,106,49,37,82,82,86,112,52,77,91,46,39,63,26,39,36,135,62,10,174,102,104,70,31,6,59,19,35,15,57,35,32,124,17,62,84,41,77,60,6,62,47,1,73,44,32,36,77,0,103,99,65,35,9,134,37,51,27,20,72,82,15,28,35,71,149,26,48,82,27,41,51,49,1,20,79,77
S232,131,112,61,178,119,308,60,201,125,267,84,72,129,107,93,79,80,107,135,226,125,157,235,31,121,61,88,61,113,58,100,127,57,103,85,98,38,26,22,181,7,41,8,11,6,36,43,53,20,97,56,100,72,114,239,60,64,70,29,60,18,77,66,13,43,113,39,141,59,17,84,12,115,111,120,74,40,68,20,60,5,88,13,43,16,13,20,230,58,49,61,43,65,37,106,57,48,109,116,277,142,15,52,24,60,82,14,9,6,19,70,61,92,20,74,116,78,111,132,144,28,50,40,41,100,53,126,98,34,17,25,20,24,28,30,69,60,18,61,64,11,32,79,41,49,111,73,17,35,22,19,16,17,1,13,65,29,85,65,9,74,90,15,113,27,18,7,52,32,56,90,32,50,20,25,37,55,78,61,52,11,51,24,37,31,41,36,24,67,46,103,101,37,12,38,73,42,51,24,12,30,119,58,41,110,101,90,58,47,58,15,25,35,11,47,17,54,145,52,39,23,26,225,17,27,20,13,13,157,90,31,130,67,49,202,58,129,181,57,37,240,38,44,6,44,39,86,50,52,26,93,6,17,55,21,65,67,92,39,23,84,22,8,37,135,2,19,43,29,75,27,138,31,59,33,36,28,41,57,181,26,10,155,34,17,25,15,18,86,64,19,39,82,100,40,31,62,74,24,27,50,10,48,138,49
S233,121,128,50,197,149,278,122,222,166,101,197,444,217,37,118,70,249,196,140,124,102,202,175,90,161,46,40,38,89,87,20,23,33,22,8,14,10,46,30,25,246,92,163,70,13,138,161,209,12,122,23,45,133,66,53,139,34,50,35,68,19,33,46,35,31,92,53,227,41,112,152,73,126,181,60,26,47,80,29,39,0,198,45,85,41,33,159,145,13,96,27,29,31,47,76,7,48,126,87,95,224,94,83,112,34,57,76,80,3,42,92,96,66,11,64,134,135,20,82,207,89,71,12,18,66,123,30,54,25,20,9,128,44,55,9,69,63,29,110,39,64,52,123,126,17,100,108,52,17,46,38,4,28,27,113,4,62,51,76,8,48,31,34,72,37,53,26,9,78,56,124,32,27,6,40,42,56,54,69,35,54,46,10,3,26,19,52,10,168,68,132,121,147,13,7,112,36,50,115,13,77,62,22,27,98,149,73,44,65,71,68,15,58,9,56,16,10,84,38,45,35,44,291,19,73,39,4,25,147,95,79,81,216,45,168,14,77,239,77,28,132,44,67,30,41,46,86,57,95,33,96,23,44,28,36,24,16,60,43,76,29,113,36,40,30,17,86,12,41,79,5,156,14,73,77,19,66,25,100,187,24,25,98,42,35,12,1,103,164,54,42,39,28,168,21,88,38,68,36,36,30,30,7,31,38
S234,154,358,247,390,413,1265,590,736,446,1159,620,428,313,262,439,313,313,313,233,753,435,640,297,128,371,112,96,82,86,97,25,11,42,17,18,12,33,223,12,103,329,12,115,3,48,350,887,254,180,303,292,246,306,562,63,102,109,109,66,55,36,102,54,37,45,99,73,196,48,106,279,29,72,59,79,84,21,15,49,109,30,196,28,46,157,21,55,331,86,166,69,95,107,15,78,39,63,30,25,100,189,50,43,89,28,26,47,78,4,58,240,44,50,38,139,246,80,50,180,113,180,91,4,25,155,50,45,40,34,61,74,36,44,56,35,54,64,32,105,12,37,2,120,52,8,185,52,13,34,44,8,32,43,21,83,68,66,70,68,32,121,58,38,341,56,49,73,35,97,137,58,33,22,34,61,46,132,52,24,186,49,110,32,16,99,66,53,24,381,57,164,282,71,13,59,87,34,53,18,22,94,14,37,43,197,232,43,69,94,166,12,55,49,21,21,33,27,200,64,53,44,83,219,30,51,45,4,21,104,93,2,141,129,131,303,20,92,54,62,45,237,32,74,65,167,116,90,160,172,107,75,39,102,60,45,88,43,103,26,30,21,95,58,74,42,17,64,19,88,132,20,96,81,55,83,84,92,43,160,101,25,102,147,61,72,25,31,49,82,64,44,68,134,197,76,42,45,88,120,13,173,11,65,49,82
S235,154,81,59,132,161,129,157,188,58,184,78,94,126,51,86,56,88,234,59,174,141,165,160,79,176,85,53,54,64,106,245,84,93,147,98,107,40,14,43,15,170,60,245,38,97,25,35,34,4,17,20,29,36,18,18,45,105,95,82,85,46,78,9,13,14,116,32,118,129,25,132,28,108,92,85,18,49,18,9,66,14,283,1,82,66,8,88,152,62,92,86,22,12,15,130,40,28,74,117,116,272,15,28,149,65,52,20,108,25,50,60,58,38,43,96,48,41,48,70,105,26,44,55,11,53,35,60,75,35,47,24,39,46,39,41,53,58,70,143,21,100,16,43,20,29,168,53,17,26,33,41,10,58,17,14,41,82,46,67,10,31,74,12,81,9,8,16,17,91,33,94,21,35,30,38,44,50,51,21,98,42,68,35,25,16,43,42,23,55,25,155,37,77,30,29,48,49,20,67,14,28,65,76,32,70,238,66,20,72,57,33,34,28,28,102,11,54,98,36,93,13,7,208,21,19,6,6,16,221,128,16,93,29,80,55,6,136,108,58,47,69,20,59,40,40,22,33,61,58,45,134,44,27,81,51,36,14,105,21,94,44,43,13,34,32,90,34,30,14,50,16,152,37,35,54,70,14,63,75,111,9,38,93,25,69,1,7,17,99,40,40,76,9,58,8,75,109,30,79,5,54,20,36,35,11
S236,303,491,151,443,184,701,184,517,251,433,318,451,507,171,149,327,455,283,151,390,258,463,352,69,154,157,30,56,164,83,233,172,156,317,188,9,51,26,20,15,464,142,164,119,57,122,143,210,149,138,109,132,173,223,34,82,16,74,60,121,16,27,24,75,51,165,19,142,81,215,195,69,407,62,77,62,140,36,16,150,26,211,43,161,109,27,215,109,36,119,145,105,145,89,46,81,37,133,365,241,251,86,79,62,70,176,104,103,1,95,90,104,122,170,126,174,112,60,116,150,73,84,14,20,134,49,194,77,57,62,28,66,34,109,45,27,132,56,106,57,6,12,163,187,44,57,99,47,53,57,138,30,46,29,88,61,200,74,107,13,21,162,48,124,68,26,39,13,118,42,80,59,23,124,54,76,37,71,51,96,86,90,100,15,80,40,88,41,215,30,124,249,43,3,37,135,28,40,36,67,64,42,32,36,161,80,72,117,51,68,33,17,38,58,53,28,41,219,126,104,83,124,294,65,53,25,36,24,176,151,46,102,51,193,155,33,154,95,69,121,85,82,66,26,105,41,48,153,129,68,80,29,20,86,116,72,40,109,99,38,23,97,72,103,52,19,90,39,30,59,8,253,64,40,68,38,46,117,91,224,36,63,227,34,27,32,8,174,195,116,148,14,68,212,78,40,69,48,30,72,94,14,54,139,66
S237,84,276,124,281,112,370,90,151,103,215,225,119,132,118,196,201,125,189,149,343,152,139,74,80,217,73,24,40,91,23,18,9,14,30,6,23,69,25,8,13,98,6,13,43,5,51,39,17,19,59,44,115,89,58,71,98,32,62,40,89,18,16,80,22,18,30,23,51,39,89,161,49,78,56,27,21,32,49,8,64,6,45,16,33,77,24,73,70,68,47,29,42,48,24,61,62,104,38,20,66,31,46,111,25,39,14,33,25,8,50,67,45,72,22,40,82,14,60,60,100,56,63,10,30,43,43,64,36,7,18,38,24,46,51,65,43,69,9,57,21,21,30,68,39,17,67,73,23,14,55,1,33,12,0,9,92,55,43,57,0,41,35,11,69,41,13,31,23,62,41,90,35,14,11,15,25,36,38,46,20,44,46,26,17,35,36,27,8,92,43,309,106,12,8,43,63,47,53,63,29,13,41,19,48,95,83,47,60,22,89,43,33,12,17,44,10,12,82,20,20,73,29,155,28,70,2,29,23,202,108,39,103,53,84,63,50,35,38,105,23,143,54,70,7,65,76,17,37,36,87,44,11,3,46,29,11,28,175,20,92,43,43,2,104,42,14,66,16,33,77,28,70,34,90,32,25,12,58,27,53,19,24,108,79,20,4,24,27,81,19,13,37,10,24,9,45,41,33,60,15,46,26,47,43,13
S238,68,182,132,249,158,307,96,372,104,180,208,183,316,141,188,140,163,215,64,162,297,161,228,97,126,53,40,53,161,58,164,109,232,260,160,222,39,118,41,276,21,79,129,3,13,67,92,62,38,102,37,85,41,65,32,124,47,64,33,61,52,60,88,43,21,169,11,152,117,26,88,20,63,205,28,22,36,74,29,76,26,23,18,48,65,38,80,161,56,202,20,52,59,31,33,18,67,86,81,19,67,9,111,31,35,101,67,92,11,18,40,64,69,76,48,101,69,72,101,133,35,33,22,47,61,44,123,139,17,24,53,76,14,5,100,39,31,27,169,10,27,49,30,69,26,163,83,23,60,14,125,60,9,3,44,33,87,35,28,23,21,47,26,39,65,25,12,26,103,49,153,16,24,3,43,31,43,23,30,77,29,53,105,14,51,75,60,2,45,61,136,86,102,3,24,61,39,7,28,33,21,30,34,7,63,119,89,46,97,42,17,38,15,11,64,54,36,107,49,31,32,42,420,19,41,11,40,14,172,103,67,37,131,208,181,13,116,91,49,61,192,23,14,21,50,142,53,126,51,56,63,15,18,35,46,24,90,54,48,44,39,18,20,65,30,6,114,22,31,76,4,41,48,52,17,85,38,56,74,55,7,83,126,39,50,1,19,44,115,51,28,66,58,98,4,43,34,66,13,18,72,54,19,52,95
S239,86,295,170,339,128,347,153,339,231,253,305,266,230,146,176,246,175,164,70,193,336,255,308,140,282,45,47,72,63,72,66,52,158,197,138,20,175,38,130,16,78,46,16,45,8,15,22,6,17,23,15,20,19,54,21,26,68,76,60,30,18,43,87,36,20,198,27,80,41,65,131,7,128,48,121,16,60,81,2,22,14,90,1,85,30,77,60,176,50,57,10,94,32,85,42,9,46,127,99,56,152,9,62,99,21,43,40,68,9,60,88,88,38,44,124,83,86,120,63,58,66,86,39,39,29,45,114,65,12,32,58,24,49,31,19,38,73,29,30,7,31,17,31,20,15,93,91,90,23,34,27,58,10,2,41,46,46,51,38,19,52,112,24,126,10,26,6,57,79,39,20,56,34,8,5,42,39,54,12,42,34,48,23,4,28,13,21,7,98,5,186,56,120,6,32,35,12,31,16,39,79,2,43,16,143,84,18,8,12,150,18,63,79,16,27,9,6,19,78,34,36,33,296,51,11,33,31,29,133,92,79,75,86,35,78,11,160,127,20,9,155,91,79,38,66,91,35,77,42,94,127,41,14,32,35,23,13,102,40,77,68,44,16,71,98,48,12,29,59,70,40,49,53,49,35,57,28,64,105,93,8,31,148,35,34,40,6,33,97,15,23,20,42,127,44,20,72,88,53,50,33,40,34,100,36
S240,59,138,68,158,90,161,125,124,59,138,161,143,83,45,103,77,100,137,84,52,95,139,117,43,78,49,26,63,30,100,139,130,144,206,69,13,8,29,34,25,16,62,14,86,15,39,71,76,32,95,72,38,106,48,61,63,43,71,90,19,47,79,98,24,109,159,129,60,140,42,141,45,106,90,127,81,44,39,53,64,1,171,2,67,34,45,70,186,32,61,73,35,47,86,74,71,98,103,128,49,151,9,80,96,67,91,26,12,5,84,167,156,37,17,34,85,153,155,63,147,167,34,48,19,60,46,143,94,7,46,89,25,19,85,52,51,58,71,154,4,38,44,71,62,9,196,151,21,27,16,45,29,29,0,47,70,123,102,63,16,47,87,35,111,13,12,39,24,195,111,58,38,41,59,59,39,40,128,76,21,50,50,66,96,100,25,47,18,53,61,178,121,93,22,25,81,23,6,26,84,62,55,53,11,141,143,101,20,22,60,66,79,54,30,110,55,25,68,54,87,53,31,174,29,63,76,9,49,103,66,86,69,27,101,136,27,97,144,111,27,129,41,134,30,78,64,32,51,160,74,135,47,40,59,27,22,81,81,25,65,10,39,34,33,59,28,77,18,48,106,30,208,33,27,92,65,6,34,125,152,12,31,115,17,62,10,12,44,283,117,140,11,47,83,59,60,41,119,130,12,64,25,28,86,53
S241,73,247,230,360,274,441,252,235,159,350,292,383,251,122,238,318,114,279,126,201,257,286,237,76,106,79,28,64,20,46,131,180,257,128,172,32,66,39,18,38,168,10,175,26,134,66,197,184,94,117,212,100,100,107,52,66,42,189,60,176,39,36,216,30,38,141,53,277,169,53,196,30,87,85,142,37,69,11,1,75,14,102,13,158,76,68,155,229,61,155,74,54,57,29,41,60,113,114,102,82,273,29,51,17,48,108,61,41,20,67,323,154,128,60,81,83,191,36,25,100,54,75,30,35,91,41,183,43,24,43,55,32,44,84,27,74,48,29,122,16,37,40,48,139,8,101,341,11,68,117,140,61,35,70,76,60,165,65,142,23,49,59,34,126,19,31,76,62,59,50,123,49,15,39,79,36,23,144,45,126,60,72,54,15,111,36,56,2,93,38,283,145,54,38,55,66,51,35,81,17,97,43,25,76,115,198,157,71,146,79,37,87,23,56,172,3,93,120,67,8,57,40,386,62,15,26,30,24,237,133,29,103,123,130,119,43,36,205,42,68,115,89,154,33,130,88,26,53,134,136,140,32,24,144,36,17,49,38,64,57,19,85,20,58,12,27,41,42,94,38,13,71,37,56,42,79,57,29,188,66,6,48,219,50,46,34,20,76,198,79,121,25,100,75,16,52,100,51,161,60,84,46,35,124,72
S242,71,109,65,70,73,78,100,106,63,66,69,99,107,74,46,57,86,171,80,58,104,153,95,44,41,23,10,30,13,10,26,10,13,8,13,102,28,170,19,16,111,2,10,6,14,48,98,38,17,50,28,39,70,77,92,63,103,96,12,50,17,15,46,15,32,84,26,155,96,83,46,10,67,70,64,78,38,27,3,99,12,68,40,44,28,13,39,72,18,47,33,85,10,47,64,20,38,69,62,80,39,19,22,83,75,22,14,25,3,33,34,78,71,45,33,86,48,36,49,135,54,52,10,28,21,54,128,44,5,34,19,24,61,27,22,42,29,30,49,16,19,44,5,26,11,81,59,16,35,28,32,17,27,9,34,40,21,31,63,18,53,57,25,43,7,15,19,7,25,25,48,25,5,4,51,35,9,36,24,16,20,4,19,10,25,49,14,10,62,39,44,68,59,5,26,74,28,30,58,7,54,12,16,19,167,20,66,20,42,27,23,33,80,17,27,8,11,31,79,19,83,35,86,12,21,75,27,12,72,52,17,57,66,46,118,27,97,75,52,38,165,32,21,22,34,29,57,32,83,39,92,30,15,67,18,14,22,55,39,37,7,40,25,52,29,29,9,27,21,42,12,69,58,29,17,52,3,39,111,119,1,13,70,18,17,1,7,37,59,13,49,7,50,103,20,1,36,47,35,1,21,19,45,45,25
S243,125,298,156,221,223,410,186,172,131,135,241,224,188,113,146,112,180,260,82,254,269,404,262,131,270,30,16,40,14,44,65,190,140,137,84,26,30,45,26,14,24,2,208,11,128,61,70,73,28,76,57,35,55,82,129,34,22,96,31,29,15,27,48,39,71,73,7,82,56,77,111,6,126,63,80,37,14,18,76,62,0,143,11,59,62,25,88,62,27,90,18,44,16,23,74,33,135,89,147,103,56,5,36,66,39,21,16,59,19,24,53,62,38,14,95,62,44,14,57,46,79,57,2,17,65,23,93,57,33,42,63,54,29,20,55,45,65,35,119,29,28,66,9,44,16,68,50,10,16,47,40,36,17,31,10,73,16,15,69,7,114,53,6,56,17,12,13,10,24,31,54,20,37,11,61,98,11,71,30,48,22,77,26,14,23,52,13,82,71,41,127,257,44,22,6,44,10,18,26,13,10,68,17,24,29,122,36,22,40,42,15,35,30,19,44,9,7,109,56,14,30,45,179,6,2,10,15,27,77,23,11,59,57,49,146,74,140,98,53,69,82,17,44,4,36,19,25,54,51,29,51,7,0,32,44,12,148,58,8,25,63,79,14,36,22,20,29,7,42,85,16,58,35,8,68,29,32,29,71,73,18,44,53,35,39,29,3,31,145,15,39,23,31,78,20,42,32,56,31,34,65,8,30,58,29
S244,192,241,226,432,236,463,290,287,140,407,332,212,165,157,204,106,220,266,128,422,308,622,181,127,189,85,22,22,36,29,134,64,233,139,33,8,31,157,30,33,16,10,6,11,70,46,77,143,32,72,56,47,109,55,37,122,127,45,27,43,1,88,41,41,63,100,41,115,51,35,113,29,77,215,138,70,84,52,4,80,0,128,45,62,43,28,111,91,27,40,23,90,46,36,49,65,41,66,35,69,71,3,52,51,46,24,34,151,24,77,82,42,76,23,48,63,25,104,63,94,48,24,27,25,118,59,131,78,8,70,9,15,3,25,43,46,42,20,145,7,52,10,85,42,37,66,151,17,31,49,19,22,21,25,110,27,70,63,24,41,75,48,14,71,9,30,23,9,32,105,103,33,25,7,57,44,33,12,31,60,23,36,63,21,52,44,42,34,170,66,168,63,73,4,19,26,41,10,12,13,20,40,147,54,228,148,44,97,99,128,15,25,98,43,44,24,8,51,53,21,64,66,178,1,43,11,13,34,153,204,42,58,134,45,165,24,102,147,70,29,24,92,105,10,92,46,12,36,133,64,45,4,18,82,48,66,119,77,38,68,26,35,23,40,29,28,73,43,62,65,19,104,120,81,49,13,18,72,107,242,13,62,82,8,156,3,14,82,77,115,131,37,54,78,40,84,66,12,24,23,31,19,29,129,65
S245,23,40,49,83,20,96,23,117,25,107,158,89,71,36,43,73,48,85,73,79,40,68,94,33,30,59,18,24,46,46,50,20,11,14,7,17,24,15,23,175,19,133,218,1,8,49,120,117,55,161,54,69,159,221,68,76,35,51,113,16,16,30,71,10,68,61,34,185,149,64,90,45,117,73,74,37,30,29,27,148,13,111,7,21,33,6,89,23,46,79,44,66,40,34,100,52,64,94,78,74,69,16,24,46,29,46,34,55,20,57,44,89,36,15,41,45,77,23,55,35,33,22,14,22,40,11,61,99,22,23,31,95,76,18,29,65,76,49,88,17,31,6,61,35,18,66,104,12,19,23,60,22,10,14,11,69,91,115,43,12,25,55,28,134,83,4,35,50,54,50,77,32,62,1,39,65,19,56,36,75,55,36,9,31,39,39,24,26,73,19,109,90,36,27,4,9,54,3,25,20,20,42,55,11,150,122,74,46,38,111,5,12,79,24,41,8,17,76,35,23,58,19,209,22,51,22,3,25,191,141,57,75,83,130,60,6,124,80,53,41,59,9,112,18,124,64,45,35,113,29,96,57,12,73,35,26,34,47,6,32,11,29,3,30,37,18,31,10,62,80,10,82,8,195,10,39,17,43,100,46,23,13,18,28,29,44,19,125,39,40,68,75,78,85,27,49,23,58,33,13,36,7,40,18,67
S246,89,57,44,46,55,106,52,98,70,49,66,77,68,61,41,64,60,129,47,79,90,107,63,20,42,14,27,27,39,16,144,33,43,73,38,12,7,14,9,121,45,56,40,16,56,32,80,12,8,102,27,84,57,85,57,9,25,73,69,16,19,37,21,24,19,79,35,38,49,68,42,8,176,36,50,20,24,25,9,114,19,80,0,30,23,10,33,128,23,61,29,48,34,36,20,19,28,87,163,49,99,28,35,61,26,74,37,64,6,56,53,45,81,18,90,80,66,28,89,84,116,49,16,13,54,16,26,46,4,43,8,15,26,29,13,7,50,17,52,29,38,28,117,39,12,110,161,19,24,10,34,40,9,5,17,22,31,51,35,5,56,59,67,39,14,23,28,31,45,26,87,72,23,12,23,13,53,24,21,37,30,73,15,19,22,14,3,35,33,39,79,54,29,27,4,45,31,26,18,32,43,46,9,11,51,142,108,10,52,22,36,41,7,8,38,6,7,33,44,10,65,21,200,8,12,20,47,31,88,25,29,62,70,144,144,17,34,97,35,10,39,7,56,22,61,21,21,45,17,16,64,21,31,34,25,51,59,62,32,14,21,13,18,63,7,18,35,10,9,51,4,33,26,32,52,44,6,39,74,19,23,17,81,46,44,4,3,21,98,46,50,21,33,45,34,39,20,60,35,25,78,7,32,64,69
S247,121,123,169,206,102,270,105,245,68,218,227,132,117,47,123,200,86,261,73,155,144,361,251,35,221,17,12,34,35,52,189,143,112,110,74,228,29,21,30,23,35,22,13,4,164,11,17,41,2,20,23,22,8,34,54,295,41,135,48,93,14,195,60,43,121,135,64,274,75,67,164,24,156,75,177,101,86,39,15,119,22,173,17,12,68,31,25,160,25,82,38,89,68,13,70,31,43,54,108,26,215,44,104,96,50,76,53,68,9,65,59,112,67,59,185,107,78,37,80,133,60,19,5,23,71,148,86,59,43,28,30,46,112,38,44,258,119,92,77,15,43,26,70,124,43,55,51,35,20,21,44,67,99,25,169,31,234,153,49,39,53,147,74,80,24,30,76,31,65,68,53,34,21,33,52,41,143,35,101,108,91,129,11,4,61,67,92,9,95,63,230,222,51,4,38,167,30,21,37,121,127,39,53,96,186,188,68,39,85,69,74,44,90,27,136,7,11,215,34,29,120,53,105,71,22,3,54,17,223,68,15,65,62,97,190,49,77,83,147,61,206,27,38,50,219,40,31,123,165,37,140,51,83,92,127,55,108,82,20,49,77,127,25,62,79,18,90,104,64,81,36,75,159,62,50,18,80,77,108,264,20,29,295,102,60,4,7,133,111,52,72,45,80,221,21,16,109,120,92,13,53,41,63,127,92
S248,118,180,119,240,233,315,113,82,98,251,162,245,208,90,102,182,86,192,97,348,175,328,176,58,171,77,37,89,44,39,33,17,16,21,16,19,35,29,6,131,116,54,90,171,26,43,94,80,16,45,30,109,61,67,50,142,41,62,46,112,25,47,107,30,112,107,31,120,55,82,120,38,66,40,148,53,33,17,10,41,23,102,7,83,56,52,111,76,17,146,14,110,31,35,26,45,71,12,124,74,42,20,78,49,37,63,81,103,2,31,112,143,67,22,64,142,51,101,55,112,113,26,26,31,36,19,100,33,36,11,88,62,85,58,74,39,111,93,108,26,39,33,104,46,3,41,133,37,11,20,22,42,68,1,21,53,91,41,38,14,42,92,78,106,8,33,54,59,225,17,97,28,49,43,42,114,17,156,53,27,47,83,48,24,22,20,32,63,90,9,380,197,67,70,40,49,40,85,33,71,41,99,102,79,62,102,16,103,105,64,42,45,139,30,89,6,17,159,49,9,91,27,233,43,21,23,51,42,200,190,45,47,81,116,103,10,86,76,183,83,152,47,59,7,125,22,68,113,125,49,105,55,13,147,10,59,26,28,20,6,62,36,79,96,14,26,94,28,82,27,8,64,21,74,99,17,13,45,54,121,34,54,90,81,98,62,8,78,102,13,23,61,37,148,26,88,44,127,77,35,70,33,41,57,18
S249,47,80,96,291,185,255,90,214,81,142,376,135,71,102,117,135,173,244,133,131,109,173,209,11,106,36,25,47,48,34,202,187,93,176,115,7,38,71,8,26,12,69,13,8,222,13,18,62,15,27,35,24,36,19,26,87,65,53,36,76,16,46,57,36,55,96,29,175,94,38,113,15,151,118,130,48,67,37,53,57,50,112,13,33,163,16,102,300,55,115,30,42,51,27,144,28,117,136,81,55,123,13,97,16,46,47,37,77,5,82,133,71,116,18,35,74,54,101,39,116,173,26,20,103,77,85,62,69,5,37,10,20,51,21,41,51,206,33,113,56,22,42,70,98,69,105,44,28,25,4,44,26,16,18,91,60,70,50,122,20,130,35,45,127,18,19,15,49,106,130,151,95,38,54,66,73,75,33,37,66,48,78,66,24,62,76,11,20,119,27,190,115,42,4,27,42,19,26,9,40,91,16,43,71,137,63,99,10,42,83,52,15,44,111,102,10,2,189,49,32,117,23,223,9,75,35,36,9,276,89,27,40,90,173,145,40,10,149,17,61,91,42,112,38,35,81,45,204,130,32,46,33,14,150,53,14,79,105,54,37,41,39,35,103,69,19,25,6,31,81,12,185,58,36,39,83,8,44,77,72,49,46,92,29,68,64,17,39,106,29,49,84,22,103,18,30,91,28,52,13,77,17,37,95,31
S250,77,36,84,70,41,87,16,127,23,89,54,80,55,60,69,89,25,125,37,68,72,100,75,16,62,50,39,34,49,30,23,17,23,13,12,113,11,26,155,245,156,7,98,32,127,8,19,6,3,10,13,17,17,8,11,46,28,53,35,41,11,18,30,16,24,97,35,117,63,67,110,13,144,94,46,32,26,23,17,56,18,82,22,13,61,19,33,183,36,72,10,47,40,26,46,13,51,76,93,90,135,33,64,111,29,93,14,101,10,39,73,99,34,34,106,102,40,32,56,83,40,9,10,32,46,41,106,44,12,4,36,13,55,41,56,19,51,35,75,37,35,62,39,78,17,63,147,22,13,39,17,21,75,5,73,8,75,38,12,8,37,32,6,78,44,39,38,56,35,41,176,29,41,40,61,11,23,43,80,74,52,69,42,10,14,41,6,11,65,19,50,101,64,48,5,57,12,33,114,41,50,19,56,14,92,115,89,16,38,104,50,22,25,68,15,1,11,70,17,54,81,25,287,34,8,28,31,12,230,51,27,44,106,58,109,32,55,81,90,17,89,31,62,38,53,137,23,68,156,69,65,31,13,45,31,5,44,88,53,31,27,39,19,98,22,4,106,8,25,29,3,68,132,24,33,20,39,38,48,102,24,71,60,8,6,10,21,59,127,29,73,11,52,130,21,60,55,67,121,42,13,10,33,85,20
S251,103,247,129,271,208,299,295,239,103,122,161,133,369,118,97,108,218,155,232,145,186,389,142,105,179,21,19,71,14,59,55,16,29,29,17,48,26,46,25,20,38,12,16,61,160,71,95,101,34,63,31,133,155,39,52,48,22,109,9,67,54,29,140,47,35,62,34,112,194,105,106,3,44,120,222,18,109,34,6,69,45,156,71,23,44,19,130,314,59,55,25,129,42,5,86,11,62,93,163,108,160,11,199,44,87,47,139,43,39,30,133,191,83,21,35,179,194,17,53,187,104,58,1,43,65,26,85,96,13,54,50,45,29,34,47,105,123,25,26,25,68,51,40,233,19,54,110,49,26,67,75,38,30,19,57,35,53,118,78,7,42,10,52,132,17,43,54,46,110,99,144,74,83,12,29,60,89,71,127,51,67,146,16,14,84,30,23,49,80,91,154,438,19,19,73,41,30,50,44,15,64,56,77,15,229,130,103,10,63,46,20,34,98,82,43,1,20,326,41,66,128,26,343,22,134,16,34,63,179,116,72,24,122,132,280,21,140,167,94,44,162,37,70,15,232,107,95,62,157,159,244,14,75,61,38,76,84,33,18,66,76,9,22,43,62,43,66,23,47,82,16,87,79,73,56,32,21,66,91,154,17,99,93,112,34,26,31,79,75,19,76,82,148,158,112,48,55,29,101,50,27,61,68,67,46
S252,91,393,88,329,155,339,114,251,187,85,284,362,210,118,198,202,136,203,112,311,231,406,317,85,105,61,24,46,43,15,18,15,22,27,9,18,231,22,6,38,138,5,12,55,10,47,191,88,173,123,123,134,186,43,135,120,24,208,66,62,26,54,31,30,49,53,50,106,51,49,109,24,167,51,37,41,52,34,10,27,25,52,26,115,25,18,102,82,45,56,41,74,43,17,50,40,58,76,117,56,154,5,73,79,29,50,29,17,13,103,51,16,68,66,52,126,129,63,26,46,50,42,14,20,76,54,98,48,27,34,14,64,48,67,77,12,34,45,142,33,24,26,29,90,9,60,62,28,21,40,18,6,5,2,66,49,43,74,48,26,67,42,26,86,5,14,32,21,60,38,138,69,40,36,42,46,23,34,33,42,39,34,10,49,32,19,43,17,41,18,163,91,43,16,70,12,22,35,43,3,77,22,24,46,97,174,134,9,26,113,82,6,31,12,15,7,64,49,82,21,38,49,171,76,25,22,16,13,199,44,70,57,78,129,90,33,45,128,75,29,80,15,88,38,83,76,18,61,64,109,49,55,17,82,52,6,50,43,44,97,34,77,16,63,35,53,44,6,20,51,24,138,16,29,46,32,15,71,63,132,22,32,38,91,33,27,24,52,61,2,77,44,45,140,25,72,14,26,47,18,33,41,61,111,76
S253,59,251,235,273,169,282,236,161,65,283,234,123,231,131,147,142,159,269,242,122,342,171,200,44,137,59,40,38,103,40,16,10,14,24,29,29,43,17,31,36,332,5,18,15,12,49,110,86,34,181,167,81,114,46,112,109,27,63,72,34,38,99,54,32,31,141,21,231,85,124,245,96,95,59,94,24,114,50,15,160,17,185,24,141,81,109,45,125,48,126,38,163,20,9,100,91,40,393,152,190,188,71,61,15,53,71,100,82,51,56,62,106,65,21,86,62,81,94,84,160,183,38,24,48,80,43,174,58,22,28,68,63,44,62,141,139,97,22,200,18,77,46,161,142,62,191,86,23,10,84,54,50,30,2,41,67,101,35,45,53,22,83,22,58,34,26,67,55,123,35,27,35,56,45,113,48,129,100,87,128,42,70,60,3,25,39,28,66,123,45,205,254,115,24,24,51,35,55,52,98,40,89,35,14,134,107,130,40,26,46,7,40,59,27,127,13,88,131,173,85,10,56,491,29,63,19,5,6,164,34,46,55,83,56,239,32,50,193,89,49,120,109,160,13,60,83,23,28,204,55,111,32,75,113,84,42,51,63,22,208,70,42,71,195,71,64,58,6,98,85,23,96,117,20,65,76,53,21,82,92,27,55,51,44,31,43,13,55,124,54,111,154,108,53,33,38,37,89,86,6,113,12,111,83,110
S254,30,132,122,118,70,343,114,143,53,193,184,82,101,133,93,80,149,196,36,233,146,270,172,55,106,34,16,12,24,27,14,19,14,25,8,4,21,127,31,17,110,19,45,34,47,13,38,70,16,46,33,12,15,26,13,72,35,46,30,43,15,35,75,5,35,59,41,110,53,87,82,34,34,17,94,5,66,40,11,62,5,44,24,44,13,38,119,117,22,73,33,73,35,10,52,43,38,61,53,31,131,6,32,43,15,48,18,60,18,6,38,128,99,49,75,87,56,82,83,106,45,85,13,29,18,61,166,20,68,23,46,53,35,40,40,38,22,9,79,9,25,20,81,95,38,62,139,71,20,20,4,21,9,3,14,23,57,32,53,9,54,56,15,162,14,13,8,25,40,13,115,49,52,20,12,24,65,53,61,66,35,93,40,7,24,46,41,16,89,23,70,100,37,6,14,45,23,6,12,22,74,39,21,28,98,149,105,26,79,49,11,45,50,17,82,18,11,218,102,21,64,26,229,21,45,6,8,10,160,79,28,13,24,80,153,48,52,75,56,41,42,34,49,13,95,106,29,35,81,37,63,25,5,43,36,18,43,62,25,10,44,49,16,129,14,13,6,13,25,94,11,64,17,22,60,22,11,25,41,48,17,7,65,59,47,17,5,47,52,34,113,25,43,113,11,28,26,45,33,18,81,6,51,56,16
S255,27,58,20,57,31,77,53,72,34,48,34,24,45,52,68,59,82,55,24,66,49,61,72,19,62,42,11,30,22,7,7,30,15,18,8,24,38,185,6,64,100,39,119,55,99,11,37,30,7,57,57,35,23,32,19,96,26,27,37,45,31,67,38,10,35,57,13,81,68,26,179,8,54,116,66,29,69,40,12,54,34,73,24,36,30,22,45,44,26,82,52,72,60,5,58,33,10,67,36,56,171,5,50,12,11,40,11,90,1,19,45,116,34,79,35,42,32,59,47,62,40,23,34,11,86,81,86,41,39,10,14,27,52,27,28,39,32,64,124,16,37,11,67,36,8,18,128,20,37,11,7,17,1,40,52,38,52,19,85,18,27,17,66,150,8,11,14,18,55,29,53,34,22,13,12,19,27,61,39,43,42,11,15,22,28,37,21,41,122,24,77,63,35,5,25,31,28,27,57,43,34,35,55,35,108,124,51,20,68,94,52,31,76,9,19,21,13,84,50,50,87,13,138,35,42,11,20,19,131,52,99,45,33,64,120,9,61,110,75,31,69,65,38,8,58,25,49,75,55,79,35,27,20,41,18,27,48,28,35,40,5,16,8,40,6,6,81,8,9,54,9,125,12,61,29,36,4,18,68,23,23,66,68,29,30,10,5,78,46,37,24,50,50,118,10,10,35,39,18,21,28,1,68,60,55
S256,132,327,141,199,231,324,220,203,152,326,306,194,193,115,172,259,177,371,89,427,108,387,182,188,160,56,26,29,62,87,90,128,80,93,60,34,18,17,22,51,28,66,8,54,12,41,212,61,44,130,74,116,92,224,218,119,70,51,39,32,7,87,173,46,38,105,25,112,36,84,111,26,114,233,41,32,44,36,6,70,44,106,7,79,81,2,100,137,34,95,48,64,34,33,46,16,96,87,136,93,190,8,37,62,14,58,54,49,11,109,46,123,66,40,90,55,103,82,42,63,113,62,10,17,35,85,61,68,23,32,2,40,43,18,34,23,108,33,58,25,15,19,45,75,18,89,121,9,18,21,15,25,23,2,73,23,95,109,35,11,110,74,8,104,19,70,100,36,54,36,95,45,31,2,62,46,48,65,43,64,19,170,64,17,61,41,39,4,90,20,285,127,39,55,7,127,75,73,15,17,112,77,29,39,155,193,73,63,156,33,67,35,38,44,140,41,4,130,104,48,73,56,164,27,30,40,7,20,161,56,16,109,70,198,180,41,76,112,99,29,128,48,80,14,178,56,22,77,107,92,91,51,51,92,31,38,54,96,34,16,30,8,51,53,24,75,6,41,67,65,28,220,75,17,64,65,30,25,74,55,8,57,46,14,57,1,0,196,122,43,50,71,88,79,54,19,70,41,41,29,107,27,26,68,10
S257,47,106,48,85,32,132,108,96,58,61,208,129,98,55,124,49,59,105,27,139,81,103,123,39,90,8,21,31,66,38,110,101,127,315,97,16,18,5,20,15,29,11,37,8,49,93,78,79,27,52,127,21,32,61,122,96,19,24,30,53,22,36,46,10,31,75,8,191,124,35,79,15,61,24,90,30,55,14,9,51,20,81,4,38,47,15,103,63,75,64,44,48,4,36,14,35,11,31,18,41,69,16,46,44,55,46,38,63,10,5,85,90,62,50,131,98,90,18,32,88,46,18,25,13,45,39,73,17,17,35,54,38,26,20,29,52,21,30,132,11,5,24,132,16,25,76,21,37,22,64,7,80,19,7,54,29,74,94,14,11,39,63,17,120,23,22,48,11,84,36,65,58,13,56,11,26,32,81,33,77,42,26,26,4,69,39,17,12,82,43,110,201,41,8,19,73,14,22,33,6,7,46,93,7,99,101,68,47,50,90,28,84,32,40,44,4,25,86,34,39,77,9,183,8,9,25,30,30,95,40,66,37,82,56,82,19,70,87,69,42,65,21,24,20,45,30,8,67,71,38,31,11,22,61,3,17,40,94,31,46,40,38,17,82,30,26,39,3,42,66,7,63,43,45,39,17,12,21,80,175,16,13,128,39,60,14,16,99,48,29,46,46,33,105,3,50,81,45,62,42,37,13,23,49,25
S258,91,159,151,350,228,211,147,289,101,240,202,236,68,67,138,283,100,98,121,314,230,393,198,204,164,53,11,14,92,30,159,113,208,124,103,10,40,50,20,50,18,91,90,106,68,64,108,138,12,156,82,212,63,70,69,76,34,73,64,34,20,72,143,15,37,120,6,75,105,84,146,3,111,78,78,49,31,3,39,88,4,207,5,27,74,37,106,214,89,134,73,55,91,13,104,46,86,138,163,123,53,39,60,89,22,59,40,41,19,29,26,129,96,43,94,245,104,178,87,81,28,38,12,53,45,59,68,158,23,56,30,23,33,38,67,62,57,19,185,46,60,39,26,56,39,86,177,21,57,41,32,55,11,4,73,5,212,115,41,10,37,143,18,107,67,78,150,7,98,181,58,28,21,76,28,120,27,80,65,68,42,68,57,46,64,90,34,12,141,19,259,189,75,36,67,101,25,29,42,56,67,77,23,50,142,75,82,23,87,97,7,64,111,23,58,2,52,213,120,72,36,18,308,36,36,39,29,39,193,92,99,45,88,76,106,43,75,287,133,34,349,57,116,24,117,70,20,43,43,41,57,43,67,70,45,31,83,126,32,134,21,26,29,131,94,42,38,26,75,74,12,41,39,37,50,23,51,104,208,240,30,27,88,31,54,2,15,36,141,52,46,57,19,118,109,62,35,101,15,9,75,3,73,63,84
S259,106,238,155,99,192,249,145,139,61,102,127,90,133,92,63,163,84,75,85,197,141,133,232,114,163,81,15,35,30,61,152,215,125,128,195,17,36,303,137,29,11,59,9,9,11,42,134,56,31,59,17,51,28,76,25,92,86,39,47,93,52,131,43,38,89,109,20,139,63,91,160,3,125,163,112,70,50,21,7,57,6,137,34,106,32,38,87,120,111,59,95,92,43,29,65,69,103,72,114,98,128,22,95,30,44,69,57,159,7,53,41,65,78,33,97,44,66,33,64,76,57,112,78,79,67,118,62,44,12,10,39,24,58,5,51,42,105,21,120,28,8,28,64,46,40,26,205,32,25,23,22,37,19,1,66,101,63,89,32,11,59,94,21,44,20,81,68,14,109,25,90,16,6,24,55,47,70,56,39,126,15,31,25,24,106,34,63,21,81,14,162,190,76,66,16,106,90,26,15,25,80,73,64,16,107,189,87,76,93,70,34,34,43,40,64,16,19,286,80,63,93,15,181,48,19,13,13,48,174,96,29,88,69,77,204,55,26,94,20,13,84,27,10,20,58,47,63,30,127,62,48,26,48,75,36,83,58,94,13,47,19,14,23,38,26,32,132,0,17,22,34,132,58,46,33,19,32,11,56,28,18,43,75,39,13,19,13,86,59,20,21,80,51,59,9,8,44,39,168,4,89,24,88,88,13
S260,81,47,29,149,67,119,82,77,26,108,92,140,114,49,85,57,91,86,51,91,161,150,77,37,79,21,14,26,27,80,12,10,19,10,13,23,30,50,22,13,16,8,114,7,2,12,69,56,28,69,32,38,36,58,92,45,25,77,39,38,4,61,85,13,21,99,29,34,25,59,213,16,170,89,85,13,66,17,19,65,50,42,3,72,10,76,66,117,25,19,36,63,47,6,21,82,75,246,111,19,45,34,38,34,25,71,22,49,6,49,35,33,49,29,12,59,58,85,71,181,37,47,16,18,54,44,47,51,8,63,32,4,37,15,39,21,76,36,60,16,28,13,57,85,20,77,107,12,35,24,15,23,5,0,36,13,112,11,57,14,50,24,13,27,57,12,32,20,174,58,37,11,21,14,34,22,100,75,10,30,72,58,26,1,43,20,27,24,70,14,42,103,73,43,6,39,24,11,35,65,43,54,14,23,36,99,38,30,110,72,23,46,31,52,34,25,1,174,83,31,36,98,194,41,18,13,44,23,79,40,14,24,50,100,78,27,41,79,24,44,93,53,91,17,77,22,44,58,115,98,46,30,29,68,22,55,40,11,9,21,35,25,8,78,26,12,46,12,30,68,30,13,45,30,9,23,26,40,96,60,17,29,56,12,43,25,4,63,75,37,58,68,42,117,31,58,35,64,57,2,69,0,38,26,6
S261,78,178,65,369,245,257,203,372,139,312,290,189,209,97,120,150,154,214,171,135,162,282,60,40,164,44,16,21,55,31,17,13,7,16,25,6,28,16,43,29,244,5,93,121,23,90,73,91,140,133,82,66,62,169,179,121,75,44,57,94,16,54,32,53,47,78,73,98,59,128,216,31,76,99,39,39,76,47,17,90,12,91,26,22,72,6,19,212,45,122,136,58,38,57,38,56,52,62,70,128,88,34,62,65,48,56,53,98,2,15,69,75,41,10,136,37,41,39,107,137,54,116,15,89,82,29,52,49,53,43,71,69,11,27,43,19,56,77,76,12,39,77,32,68,43,42,67,42,61,50,19,29,6,0,41,50,20,94,47,4,65,19,18,63,30,32,25,13,81,85,68,24,31,30,30,84,56,90,47,67,20,35,26,40,9,23,48,14,84,17,96,100,54,27,13,90,19,38,56,40,27,84,26,25,70,151,109,7,27,46,19,12,71,31,95,17,19,96,59,16,21,17,288,23,126,50,11,41,195,53,27,29,130,51,231,33,71,59,31,54,181,37,30,35,60,110,46,53,149,67,64,102,19,41,8,18,38,58,38,33,48,32,76,86,65,29,89,43,15,59,7,34,23,77,52,41,15,59,94,138,89,63,114,34,36,39,20,45,41,66,98,90,51,71,57,19,31,33,74,24,95,57,87,76,39
S262,101,58,77,151,53,118,137,122,68,125,162,152,52,99,53,39,80,67,40,93,160,72,113,30,67,39,26,38,66,21,227,107,71,127,92,24,20,13,30,267,14,139,151,107,93,55,165,106,138,199,86,73,148,146,141,195,116,106,35,32,31,70,92,10,50,161,66,178,85,86,150,29,61,61,46,54,87,89,10,98,15,67,11,101,21,38,124,158,20,143,34,65,79,14,60,17,45,69,55,162,117,35,70,7,103,30,20,60,5,33,73,92,16,23,57,147,156,15,157,56,166,153,13,35,58,43,90,66,11,5,10,14,9,58,18,55,39,3,117,35,22,13,44,26,4,138,66,27,34,69,35,33,10,3,36,125,119,22,23,16,80,62,22,113,23,53,15,15,31,29,114,25,93,22,86,45,18,17,28,100,17,25,31,4,34,53,15,32,31,34,135,59,36,4,11,52,45,38,27,48,41,15,38,7,79,48,151,18,115,166,29,19,40,18,33,11,25,153,71,30,74,65,177,5,19,40,13,45,152,82,39,35,40,69,118,15,73,90,33,63,84,29,61,18,84,51,64,60,77,47,34,24,16,40,37,33,33,48,8,49,16,26,18,66,60,2,33,23,112,72,4,27,43,16,86,37,13,19,63,125,11,42,101,55,64,40,22,33,118,43,32,29,35,130,42,47,12,51,72,25,73,32,36,57,27
S263,65,156,75,154,73,216,86,115,68,114,86,250,91,73,140,48,178,160,81,132,157,218,225,51,112,54,40,67,77,43,248,204,214,198,108,25,49,14,22,32,39,3,30,172,18,15,167,105,10,63,70,91,95,66,71,55,102,113,68,60,22,18,100,109,49,129,72,210,136,66,305,51,107,74,32,26,35,70,23,76,14,79,9,23,28,9,172,152,61,161,46,42,31,55,23,77,78,145,69,120,117,26,56,132,53,95,41,150,11,117,82,104,168,39,123,156,76,26,62,60,230,60,23,38,100,147,127,40,45,58,51,95,55,28,84,65,145,14,66,43,42,40,72,67,54,53,175,46,10,12,80,105,32,29,34,65,85,110,95,25,40,62,58,60,16,41,60,51,57,64,44,25,24,17,58,155,87,59,11,47,95,50,75,26,73,76,82,13,121,30,141,220,50,21,8,69,95,22,73,11,74,55,42,55,92,209,52,56,180,161,33,76,110,29,82,5,23,67,54,65,27,14,225,27,92,15,5,11,78,33,74,151,246,75,162,10,105,223,44,107,150,19,113,33,96,93,51,105,18,75,72,31,21,79,78,183,60,57,59,66,47,64,9,90,31,32,73,10,17,37,2,145,39,60,40,47,4,90,72,138,9,143,142,119,88,40,15,99,69,71,28,53,58,202,34,143,23,53,33,19,76,51,93,238,46
S264,21,67,31,123,26,78,62,88,26,82,73,87,77,33,63,56,55,34,36,71,86,97,80,24,58,29,29,65,26,18,89,111,189,96,34,16,43,17,19,41,33,1,13,5,164,22,21,57,11,22,9,21,25,58,36,67,98,65,90,31,21,67,51,11,77,58,3,118,94,126,89,15,57,172,89,51,16,17,4,43,8,108,14,42,41,22,128,163,10,191,66,40,74,29,41,46,121,69,91,82,100,31,39,60,29,39,16,16,25,40,72,67,58,34,47,29,34,62,74,95,75,18,13,28,51,53,75,53,45,37,26,29,35,16,55,20,36,48,66,23,31,7,54,26,44,110,12,34,33,12,4,43,12,0,30,92,55,54,19,12,12,46,8,90,4,9,35,21,30,68,122,56,27,17,14,32,82,25,26,47,64,70,14,46,39,19,16,5,51,49,132,83,39,27,21,25,55,28,31,31,21,22,46,78,66,96,121,36,73,107,67,40,32,9,26,8,3,130,23,32,82,49,164,97,63,35,7,41,158,93,106,37,144,65,103,16,45,73,34,45,52,16,16,12,98,102,38,65,50,99,38,11,26,65,11,32,34,21,75,23,33,21,49,69,96,22,58,11,10,111,3,74,33,72,79,8,26,37,40,98,9,29,78,27,30,18,14,36,172,44,29,45,21,90,27,62,51,44,76,29,16,35,27,27,39
S265,152,135,61,182,148,104,104,163,81,133,159,115,138,61,94,94,91,121,77,187,144,137,191,41,102,37,16,37,40,34,22,12,27,24,19,21,149,8,25,20,66,5,129,6,22,49,30,103,60,105,85,144,51,70,54,84,47,51,26,15,49,44,44,34,97,175,32,124,54,35,140,18,100,67,122,40,29,41,18,20,12,69,13,25,86,24,102,80,63,105,41,45,58,23,61,66,112,78,65,53,133,56,65,31,13,24,24,78,10,34,67,80,112,6,84,96,89,64,95,146,84,50,3,46,57,29,31,44,26,21,60,45,49,19,87,30,34,47,29,19,25,23,79,33,21,71,104,10,27,11,68,6,46,4,28,16,37,26,21,7,20,44,30,75,30,18,26,45,27,42,50,38,27,78,47,90,46,87,60,96,32,46,53,6,36,54,18,16,134,6,50,115,61,34,8,68,102,31,59,50,57,39,29,18,34,61,56,23,40,74,26,50,26,11,140,1,15,80,52,30,62,118,148,8,28,50,3,18,169,86,20,46,72,175,76,42,48,109,25,53,61,27,62,7,68,82,27,104,68,42,69,23,8,4,11,36,44,35,13,37,11,4,7,90,42,15,28,19,45,43,4,15,38,42,36,56,9,23,74,32,20,28,124,19,47,19,19,52,157,19,42,44,44,114,4,15,29,61,52,27,59,18,37,116,23
S266,216,192,213,139,72,310,93,285,138,291,173,309,190,209,230,130,150,267,132,152,228,292,60,126,218,72,45,105,16,57,107,93,70,192,198,34,15,202,25,53,147,22,235,22,13,50,44,91,29,17,72,48,104,56,76,54,40,68,31,48,13,65,89,84,95,178,75,142,63,136,180,36,265,201,104,45,56,50,23,63,17,62,21,156,114,28,184,113,39,107,78,87,83,31,44,173,139,97,99,84,195,4,173,31,13,161,112,115,29,40,73,205,89,25,88,51,116,108,63,388,138,65,7,33,178,99,67,51,16,23,20,18,6,19,63,16,74,15,135,22,173,81,57,60,31,101,170,50,33,51,76,59,38,17,60,56,205,98,100,9,129,54,45,91,16,11,35,64,162,50,129,16,74,76,92,88,103,75,107,38,72,172,44,20,17,58,37,16,101,4,118,80,62,17,40,84,30,28,64,77,61,39,150,12,130,119,55,37,139,116,16,32,86,59,66,5,8,134,54,50,105,22,933,43,60,73,28,28,287,184,14,50,147,210,157,62,191,113,77,48,80,30,147,8,200,147,11,107,176,77,150,70,27,25,51,26,46,63,42,21,26,93,26,106,40,10,39,36,60,89,61,77,63,84,31,31,64,22,82,287,34,82,86,36,50,27,9,107,74,12,111,103,21,119,22,148,39,161,72,36,22,77,49,107,73
S267,211,251,439,385,444,718,98,672,351,496,315,733,282,286,353,349,253,240,205,665,483,661,531,145,289,56,51,75,62,93,259,123,178,157,189,24,144,85,51,367,54,10,19,225,16,280,415,195,306,172,109,196,244,523,111,109,51,185,60,111,67,201,156,60,92,172,32,395,132,95,255,5,174,121,76,225,171,65,19,92,16,135,24,81,93,29,91,249,31,151,165,154,34,54,59,46,66,143,142,146,399,50,89,124,56,58,44,147,9,68,251,96,37,38,68,311,58,100,49,175,80,73,34,207,122,89,109,56,20,27,73,38,176,17,56,56,88,35,248,25,41,32,150,104,18,126,87,52,58,58,58,58,21,6,53,92,205,94,78,11,60,77,28,249,109,42,72,56,63,73,181,62,61,41,102,63,124,79,106,62,195,84,30,33,52,31,94,69,177,37,265,151,128,1,25,78,96,69,106,88,140,110,72,19,335,297,86,31,135,177,32,108,15,14,45,29,78,180,41,26,53,51,502,15,134,27,13,15,252,76,151,236,109,170,326,94,72,265,31,222,283,32,132,22,114,150,97,98,138,144,115,51,52,69,42,22,39,87,16,45,140,71,37,197,259,120,43,14,44,133,40,167,43,25,210,68,86,34,93,196,80,40,167,84,45,23,79,67,206,36,73,44,90,97,18,175,67,155,106,131,65,97,105,73,136
S268,137,180,109,269,168,203,100,222,92,209,434,94,90,144,195,95,136,115,145,220,177,204,206,52,135,74,74,81,70,97,41,38,27,58,19,57,187,474,36,468,44,62,16,38,13,27,53,48,65,34,33,49,79,30,27,159,45,133,42,258,15,47,117,110,79,72,151,183,158,161,71,79,217,70,237,72,130,56,36,50,4,279,25,78,62,42,47,208,76,178,39,59,52,4,152,151,220,89,123,240,129,63,128,127,31,170,128,161,25,80,131,50,79,24,265,232,130,168,136,130,91,50,55,132,195,41,132,74,19,29,36,140,67,31,139,42,103,46,131,86,49,59,101,69,100,203,272,47,45,16,56,51,49,12,45,37,93,81,158,42,107,72,42,272,6,69,61,67,207,116,123,54,77,80,26,137,14,181,70,170,68,46,58,62,46,124,68,43,141,113,206,148,29,52,5,96,136,15,36,74,136,54,128,125,426,96,30,28,54,56,24,79,86,42,75,17,11,281,83,105,71,84,189,20,112,39,21,82,147,206,101,130,98,197,149,53,67,398,81,49,212,110,113,63,35,89,169,94,159,36,156,64,15,81,24,116,158,47,16,92,17,90,10,151,68,15,96,33,72,114,11,218,93,90,75,61,3,74,94,44,36,62,160,54,81,115,40,146,176,129,87,94,57,181,54,99,52,72,66,65,116,36,232,147,165
S269,76,131,101,257,232,270,194,356,78,124,201,211,182,204,238,166,267,232,151,146,270,251,246,67,111,31,33,27,19,67,4,23,14,8,9,29,186,15,25,59,132,71,15,7,35,107,82,39,35,78,78,30,44,92,115,112,28,74,29,42,36,58,91,27,118,24,36,179,79,46,120,7,76,60,60,28,130,7,41,112,9,25,2,51,24,6,103,82,84,77,28,145,51,11,47,15,25,77,34,122,164,24,100,100,51,68,12,38,35,10,130,63,51,22,76,89,74,28,60,80,71,84,13,17,39,23,52,32,31,25,47,45,34,27,39,12,30,13,108,16,23,37,97,44,37,53,70,54,24,62,8,29,50,29,27,110,66,30,41,8,112,61,8,71,10,22,56,27,82,91,84,41,22,12,25,117,53,114,59,84,54,55,29,36,43,78,95,13,41,49,143,96,94,7,24,54,52,17,28,85,41,16,64,76,124,159,72,47,99,66,12,51,99,24,84,39,38,142,43,86,46,14,133,27,10,13,20,67,234,60,113,59,81,130,95,11,48,255,28,46,153,36,79,4,57,31,34,78,176,159,66,65,36,79,60,21,37,81,75,21,47,22,63,38,35,25,46,40,33,71,3,144,82,52,32,29,63,36,39,242,18,41,76,38,43,13,22,33,255,53,52,56,113,99,20,41,18,62,71,42,23,32,54,36,79
S270,37,306,149,213,124,352,133,248,69,195,273,129,176,80,125,170,142,288,184,116,122,210,167,56,147,59,40,75,45,41,262,73,143,164,243,35,33,185,163,17,23,6,37,13,17,32,69,84,66,66,85,73,54,55,62,63,39,118,22,49,35,73,70,31,37,67,33,117,45,44,157,44,101,93,47,57,26,12,24,171,9,116,7,15,58,34,55,101,52,124,16,97,37,12,71,31,68,33,104,108,71,28,44,59,47,43,29,33,17,26,78,51,70,85,111,96,106,95,73,107,67,39,34,38,57,38,18,74,27,32,24,29,25,28,61,72,166,25,36,24,65,32,83,119,18,77,41,47,22,36,20,36,37,29,37,35,97,43,38,16,53,97,13,45,3,16,31,21,77,37,126,91,45,16,83,35,52,37,16,91,61,39,42,4,72,72,24,20,108,78,109,117,50,9,35,86,61,25,5,51,70,75,64,33,150,228,59,80,109,56,7,19,16,16,35,12,2,82,106,44,35,27,236,21,12,19,5,45,266,179,31,102,148,108,120,26,111,172,45,66,68,53,61,32,178,52,35,90,109,188,60,78,8,76,65,55,90,153,10,59,40,23,17,95,113,19,47,35,51,28,47,117,46,28,71,86,21,57,44,77,53,34,42,50,31,0,22,56,108,49,17,53,62,118,81,19,69,35,57,16,70,24,58,98,6
S271,118,88,168,234,95,228,79,244,218,268,301,244,194,148,136,225,165,198,86,170,304,331,184,25,160,60,27,64,35,47,280,155,109,339,161,16,377,31,38,359,162,99,52,16,29,21,75,85,27,45,36,32,51,29,76,144,93,56,42,118,27,69,68,25,50,183,63,236,172,99,176,23,124,179,221,135,130,50,33,101,29,181,64,100,45,34,69,148,52,150,49,199,45,17,65,74,205,52,160,69,164,18,81,65,35,62,61,164,28,109,117,59,66,68,43,131,90,64,26,163,116,87,5,16,47,46,124,127,31,19,32,2,65,24,71,94,44,4,142,30,76,48,38,101,31,56,86,28,56,29,112,14,90,26,141,95,171,171,125,48,129,148,43,185,32,50,67,81,64,23,44,28,24,36,46,57,86,197,38,116,106,116,121,7,72,21,20,58,88,18,203,276,211,59,20,160,88,67,36,76,103,52,56,43,180,192,90,109,145,64,58,112,120,23,74,4,0,168,162,169,107,28,221,40,70,36,13,19,145,25,65,103,58,63,157,89,155,115,75,65,212,63,77,8,90,162,57,106,136,101,116,95,55,24,86,48,117,134,19,66,28,124,68,159,63,21,68,56,28,60,13,84,110,34,51,102,44,82,69,136,30,28,126,70,79,20,11,353,120,130,58,56,89,119,60,79,73,135,37,31,51,104,77,25,82
S272,142,262,174,214,220,389,172,248,190,459,259,185,360,183,211,139,160,374,167,154,268,225,174,30,219,19,23,82,36,11,149,83,110,230,73,80,5,22,18,6,234,27,10,76,128,89,177,54,115,202,321,209,165,171,164,86,65,58,43,77,55,54,95,7,50,116,46,58,64,72,92,53,140,133,43,56,111,50,5,103,24,125,2,70,44,26,136,101,61,100,58,159,28,16,43,79,87,133,92,83,111,89,62,107,82,74,17,31,1,14,93,75,29,28,41,206,71,141,148,76,69,87,5,19,40,19,44,54,25,100,69,43,19,58,17,66,111,15,120,42,15,8,14,104,38,126,90,10,22,14,32,48,37,1,113,8,64,35,40,68,83,20,14,171,24,81,40,21,107,51,25,37,58,16,23,77,25,44,70,166,41,63,36,76,36,15,56,15,97,42,159,100,81,5,40,47,60,39,33,10,21,16,97,17,38,76,57,50,55,16,21,60,21,37,29,12,36,113,77,34,116,27,126,10,33,59,5,7,145,45,13,32,66,216,54,46,90,116,93,32,169,62,110,4,32,60,58,123,92,47,103,70,1,109,38,2,44,137,27,34,69,74,28,32,8,17,40,60,47,69,43,51,13,49,65,47,7,61,96,95,5,33,74,47,17,37,25,84,63,35,123,29,85,37,7,93,61,98,72,32,45,2,34,65,12
S273,147,135,123,207,239,240,149,399,246,292,275,241,157,129,133,105,110,218,81,256,201,479,229,47,282,40,10,24,47,25,12,5,20,21,9,20,45,34,140,58,28,21,11,8,11,117,228,156,57,114,217,161,85,232,121,37,32,38,51,33,24,26,72,8,68,22,10,78,38,60,99,7,180,18,56,61,45,53,17,102,25,36,10,29,41,22,92,81,43,52,14,32,70,15,95,54,55,50,53,31,124,15,55,38,26,50,71,140,9,66,84,67,91,34,57,127,73,37,40,47,106,31,5,20,57,149,106,28,15,20,20,32,21,10,42,36,32,12,62,6,17,19,32,27,9,55,75,20,29,16,27,42,32,12,105,37,68,7,7,17,21,49,6,42,21,30,23,6,87,39,52,23,10,18,30,28,67,56,18,23,27,45,13,19,18,28,15,12,5,7,151,27,46,32,7,101,40,26,36,49,20,74,31,29,99,68,70,16,29,127,30,44,53,29,105,0,13,71,37,37,26,42,129,30,32,26,24,25,135,92,11,73,61,75,140,37,142,70,75,60,32,16,83,20,62,54,19,67,80,32,8,16,11,24,45,7,41,55,50,27,5,43,6,36,43,22,23,22,49,42,9,114,20,48,54,21,6,38,45,52,14,103,129,55,39,22,4,58,71,19,38,20,37,79,31,48,29,91,58,44,48,10,38,69,9
S274,154,83,37,165,153,258,139,129,112,203,144,100,63,121,135,86,79,185,56,124,100,118,228,27,120,32,34,17,40,58,188,122,63,82,95,14,43,143,29,11,140,8,9,67,53,38,91,79,53,49,80,60,122,75,41,51,29,114,37,38,17,60,59,15,83,112,14,120,22,90,65,7,67,130,80,28,70,37,0,113,32,68,25,155,32,10,101,137,28,130,68,96,44,12,117,20,63,62,109,77,85,101,30,73,41,109,68,50,5,56,62,94,53,24,20,127,53,72,101,99,90,63,27,25,92,21,73,50,0,13,28,47,42,66,44,130,54,3,61,37,40,46,92,77,38,91,66,40,76,16,49,57,31,2,3,9,42,22,25,23,27,109,17,85,17,119,27,7,69,68,101,21,23,8,22,55,46,51,25,87,83,102,54,24,51,37,21,80,34,26,105,84,70,35,25,65,26,27,57,85,73,6,31,38,89,87,79,28,65,58,10,46,75,9,135,16,9,131,81,62,39,50,121,14,5,6,21,28,203,50,17,85,87,176,105,15,128,59,78,69,120,8,79,24,136,76,37,136,88,89,105,16,8,79,64,17,70,42,42,26,24,14,4,107,56,18,44,18,21,122,8,81,24,10,53,30,18,38,145,50,22,27,97,95,66,61,8,53,170,34,113,26,71,149,41,33,30,72,102,11,48,9,67,42,48
S275,69,120,130,344,189,142,91,188,62,250,171,272,90,77,168,137,242,285,304,254,236,137,121,65,104,42,7,51,29,23,32,41,13,30,10,118,48,24,31,29,32,3,59,52,39,38,209,125,106,203,101,82,304,213,112,87,23,46,27,92,17,55,21,28,90,91,25,394,76,156,153,32,134,95,98,79,32,46,5,231,2,111,1,63,22,41,174,34,40,138,65,42,41,10,22,44,43,108,159,119,147,9,67,107,27,84,21,43,3,22,100,129,96,31,50,31,71,34,66,156,64,14,44,18,54,33,211,59,24,26,119,57,36,32,25,23,81,56,42,26,15,18,145,140,32,70,105,19,21,20,13,32,20,4,43,71,90,14,35,9,52,69,52,110,3,68,80,39,185,76,28,39,24,56,69,101,20,27,41,66,117,120,26,18,22,23,34,16,112,36,93,152,38,12,33,50,33,19,26,29,20,33,75,70,127,89,114,57,54,108,51,9,34,15,43,6,17,153,60,54,76,76,250,21,33,26,30,10,129,109,22,53,67,123,179,26,85,150,53,81,110,32,72,19,54,141,68,164,113,136,29,48,32,40,39,45,59,52,33,44,26,25,9,63,84,24,35,10,85,70,11,43,11,36,39,53,25,55,85,34,60,71,145,25,27,4,27,65,95,17,148,42,78,60,27,61,65,81,30,22,52,25,38,67,106
S276,79,151,180,199,126,193,73,146,41,125,230,188,74,142,107,105,87,98,52,156,107,291,175,18,74,34,11,29,14,68,20,11,6,17,14,10,28,13,25,12,17,23,8,18,34,58,41,120,8,60,95,67,97,160,54,141,38,34,26,46,35,56,5,7,51,19,24,216,51,62,65,31,45,75,101,9,97,19,10,34,35,67,7,80,57,11,25,105,24,181,25,81,39,2,21,37,72,19,75,34,89,12,46,39,10,33,59,62,10,12,73,63,31,32,37,123,42,88,84,53,72,60,7,15,34,14,50,49,18,100,35,11,26,14,24,13,44,13,49,17,25,15,65,97,36,56,45,44,36,9,11,71,34,6,25,60,148,134,86,11,81,60,27,52,2,24,5,35,39,67,58,28,19,26,30,50,59,98,49,46,21,24,25,16,44,26,18,11,34,40,104,52,38,14,27,15,58,6,14,36,7,18,17,5,188,121,21,31,12,69,29,21,13,15,11,8,11,158,9,48,22,29,190,24,28,41,20,70,75,73,25,84,70,34,127,8,107,56,76,40,32,30,107,9,28,30,23,87,28,178,23,41,37,17,58,36,35,34,20,47,12,52,11,86,4,19,37,31,40,46,19,51,54,52,28,26,2,43,72,75,10,19,82,17,24,17,22,53,45,41,42,30,105,118,23,20,54,56,102,4,29,26,35,70,86
S277,36,60,34,125,37,81,72,79,40,73,128,44,20,41,56,25,20,67,66,70,24,60,119,4,80,28,3,31,27,27,165,63,81,78,59,30,18,7,12,7,77,3,1,88,66,6,8,12,4,6,10,10,15,16,4,29,67,29,35,42,29,52,82,6,41,42,1,84,76,56,124,13,111,96,44,17,14,19,23,52,1,119,7,26,14,24,14,102,30,62,35,45,13,8,34,12,55,40,68,41,78,20,64,55,0,44,35,58,1,38,40,93,23,15,51,62,47,6,58,39,71,84,14,19,31,24,63,27,13,10,14,2,61,14,31,12,7,9,27,18,22,35,39,37,16,63,72,28,13,13,8,45,30,4,31,43,40,17,40,4,31,54,33,84,26,49,30,9,79,13,58,37,28,5,31,25,32,56,24,59,15,23,9,7,57,14,31,45,38,15,99,43,4,19,9,89,8,27,22,23,53,34,48,51,87,120,66,14,71,44,24,25,10,4,83,2,19,68,44,47,22,23,93,24,73,20,5,37,87,79,37,41,36,51,85,76,56,42,24,47,35,41,32,11,31,95,59,64,31,44,18,8,22,53,19,10,77,72,7,35,13,18,15,74,64,13,25,16,26,82,2,46,19,24,62,38,6,54,26,53,18,26,84,22,9,31,13,63,62,4,68,36,29,86,6,14,65,33,88,14,84,24,46,45,19
S278,15,68,14,122,49,126,57,151,36,65,49,90,56,64,52,91,51,132,36,101,59,117,81,19,68,58,24,12,22,26,85,53,62,140,48,106,17,21,16,77,161,2,158,7,10,54,74,46,5,82,32,93,70,76,46,16,37,77,68,109,21,55,45,42,59,109,9,92,35,45,78,25,57,70,91,38,31,47,4,24,1,209,6,31,58,17,91,242,116,76,27,30,60,49,74,25,66,51,64,51,125,19,48,61,18,18,19,45,7,50,47,65,43,86,72,84,42,48,27,240,30,44,26,21,19,4,45,34,10,26,13,30,17,55,53,20,34,31,111,5,7,14,60,36,9,49,95,81,16,18,9,29,20,2,44,60,76,26,11,33,36,35,14,41,37,15,6,16,100,12,37,27,14,20,11,35,48,47,27,106,53,22,44,10,25,20,35,13,19,24,162,57,29,35,8,54,31,16,13,11,24,22,32,19,72,119,79,16,38,42,39,39,36,13,60,15,1,87,12,26,33,31,141,27,50,16,26,15,108,157,37,46,96,63,28,8,76,57,67,59,122,9,39,7,128,54,46,25,60,50,72,47,5,26,35,17,41,45,10,15,58,36,5,43,11,50,64,14,106,62,29,82,24,11,23,21,13,18,28,40,7,14,62,14,69,13,32,23,112,28,58,20,15,44,22,16,37,14,49,16,31,9,5,91,34
S279,132,133,65,275,95,357,144,314,135,315,437,361,169,136,85,292,294,271,149,261,164,365,201,61,210,39,38,77,21,22,15,26,29,49,7,12,19,415,13,10,114,119,43,86,136,81,50,36,85,133,71,126,60,70,68,83,102,84,29,121,37,32,100,54,40,57,35,167,55,46,198,35,97,108,74,79,75,30,10,123,8,160,22,28,67,30,84,175,56,152,75,14,17,58,67,70,79,129,204,157,126,41,100,55,66,19,104,93,5,64,77,35,55,15,37,123,51,169,34,126,93,15,13,29,32,137,198,101,11,10,33,47,101,24,45,61,137,103,101,21,54,23,82,87,109,25,58,80,21,38,48,11,57,3,56,20,50,43,7,3,63,97,39,88,12,26,68,42,94,116,67,100,79,37,62,122,109,74,72,131,67,130,42,142,60,32,112,41,96,9,59,58,76,5,110,76,55,29,9,50,29,35,65,48,215,114,78,33,39,85,39,60,84,20,15,26,2,202,52,70,115,14,149,38,28,5,21,34,192,81,58,57,94,252,273,6,85,149,137,49,137,52,15,27,65,26,64,88,144,51,116,87,12,43,9,30,90,25,25,58,50,32,40,66,33,13,104,8,40,122,38,112,111,40,71,40,7,6,96,52,17,46,61,24,14,22,5,98,89,46,59,118,32,107,10,25,6,83,63,16,168,32,79,88,53
S280,33,142,59,120,76,192,152,94,98,85,86,128,70,63,113,84,56,129,68,267,85,125,84,36,104,33,5,18,17,39,81,95,128,96,70,38,56,16,14,27,126,62,14,9,18,26,101,71,17,52,42,60,39,39,111,51,12,52,39,50,51,64,29,18,14,18,35,124,31,101,99,25,88,47,85,41,32,18,4,106,7,79,14,21,39,5,63,113,30,42,40,69,46,14,85,42,50,62,137,99,118,51,87,36,21,62,23,124,21,29,27,87,114,33,43,87,22,32,37,32,76,95,50,38,32,45,127,35,11,8,21,22,32,16,43,64,68,29,79,19,19,23,58,20,10,168,124,21,5,3,72,53,17,7,26,89,104,13,46,31,84,26,19,100,2,3,19,12,48,14,113,20,49,35,45,58,19,45,44,103,39,75,58,33,27,38,61,29,78,8,67,71,26,10,24,77,37,56,22,31,27,22,7,19,52,174,48,19,143,14,38,66,44,21,87,6,37,73,28,16,39,20,138,3,19,17,12,79,103,41,31,34,30,55,36,17,118,122,65,80,115,37,58,11,46,77,19,49,136,37,130,26,16,37,19,11,42,64,12,37,32,15,23,47,14,23,51,8,52,121,31,70,42,66,45,24,2,9,39,48,13,63,56,40,19,4,10,21,95,15,89,35,28,80,17,24,72,31,49,50,83,15,50,115,59
S281,69,130,137,86,111,127,129,221,43,124,122,106,109,103,98,88,166,254,76,172,149,213,182,45,88,23,18,66,18,32,9,25,9,22,14,15,152,143,19,21,28,4,10,105,33,18,40,46,34,10,29,42,24,15,42,71,40,51,54,32,20,94,79,25,71,100,49,46,67,52,88,77,123,90,94,19,54,50,4,80,4,157,20,77,51,52,34,133,57,25,17,31,53,67,28,7,112,10,117,38,112,25,65,23,37,8,28,64,22,53,82,58,67,22,76,119,133,26,62,64,77,58,25,47,78,24,123,58,42,45,20,3,52,39,33,10,101,91,87,18,35,27,148,43,29,95,61,34,14,23,36,39,14,26,23,15,70,40,58,14,89,91,19,59,17,9,12,34,62,40,36,36,50,25,74,27,76,25,32,30,48,39,38,25,41,26,45,32,77,43,81,211,24,2,76,68,34,34,32,22,96,23,31,14,61,210,44,25,61,85,15,25,31,18,59,7,54,128,77,29,83,75,132,12,33,8,5,20,91,81,43,70,60,91,117,62,84,106,33,16,183,45,28,23,80,25,56,29,154,48,37,17,25,50,109,16,110,34,16,75,28,40,13,78,92,31,21,1,15,36,11,65,21,26,20,52,38,33,57,76,12,35,131,22,113,43,32,47,59,45,42,34,44,201,3,26,17,118,67,1,41,12,79,33,37
S282,34,92,125,111,127,131,60,107,106,183,100,126,104,136,106,88,113,106,104,171,110,184,108,34,80,77,5,80,52,40,69,125,160,281,102,23,52,15,17,43,97,7,10,100,197,9,120,120,114,60,80,36,84,51,59,110,56,122,39,77,21,81,55,21,39,108,46,312,57,90,107,12,224,78,70,20,139,46,23,48,0,162,48,78,83,14,56,186,56,146,33,117,27,36,24,39,44,172,195,42,115,35,45,109,3,46,17,59,1,128,22,99,85,41,83,160,90,38,28,165,62,47,53,63,38,25,25,87,37,15,25,20,41,37,91,11,121,57,75,0,31,45,61,22,10,98,94,67,47,32,47,15,58,5,46,24,96,82,38,7,57,97,22,69,23,20,37,25,248,48,110,22,15,12,60,10,138,40,233,73,37,26,50,28,16,43,33,39,59,39,221,191,165,1,9,52,146,26,26,19,46,36,41,128,90,162,163,29,59,70,44,14,35,7,28,7,47,118,12,54,68,11,244,44,8,38,39,48,219,157,29,135,44,90,141,39,97,59,120,64,109,32,39,65,76,33,62,120,144,106,66,30,14,73,39,122,79,39,28,56,76,20,5,62,29,35,17,33,48,76,42,70,64,41,19,46,8,33,16,47,7,39,99,47,34,2,5,43,96,54,90,33,14,78,108,48,40,41,23,18,16,19,48,108,87
S283,56,285,97,264,290,322,139,179,117,283,249,121,99,106,154,226,96,349,102,299,300,127,245,104,166,52,14,50,39,36,42,22,28,24,31,17,12,411,13,207,27,95,155,26,9,17,88,76,21,53,51,76,21,73,57,123,55,53,58,104,79,155,75,29,67,110,34,110,93,88,169,7,96,93,92,88,130,27,15,100,13,102,51,165,34,38,28,81,54,28,92,113,33,35,58,46,170,142,34,133,160,8,93,71,8,55,68,79,8,28,55,61,132,16,34,157,37,76,16,88,76,93,23,29,23,94,87,74,56,45,14,38,63,84,71,81,103,25,138,61,128,15,64,118,7,122,54,13,32,46,33,13,14,10,57,50,147,57,68,69,30,54,32,59,9,20,19,89,60,71,125,107,15,26,27,83,41,28,12,41,35,68,79,18,25,23,6,10,196,35,153,129,139,11,8,29,37,34,16,38,140,15,164,26,170,50,67,26,75,62,28,31,106,49,106,1,20,152,59,36,82,11,240,37,37,21,9,43,94,117,99,54,62,138,120,17,110,103,94,21,63,35,129,46,175,92,58,121,119,29,87,58,9,127,23,60,46,143,31,49,60,38,19,100,49,43,53,35,36,84,4,133,24,23,80,21,48,76,70,133,20,45,76,10,65,5,31,56,99,25,50,49,31,140,19,57,71,45,56,26,61,61,23,20,33
S284,171,240,74,199,118,313,156,209,140,249,316,155,83,62,70,191,169,148,117,174,311,364,150,44,238,25,18,20,68,15,105,58,77,103,91,13,27,127,23,244,43,5,10,59,101,152,273,49,17,42,103,173,172,109,222,88,115,71,45,100,20,56,40,49,45,47,16,107,53,42,102,6,206,125,138,43,83,108,15,69,20,111,1,30,41,12,55,92,117,94,24,46,78,13,101,4,75,81,107,108,151,44,15,71,19,54,9,47,44,25,125,71,51,35,81,87,70,65,22,130,57,4,55,40,50,41,191,88,17,37,77,1,35,22,11,30,30,3,48,20,11,25,57,56,9,46,152,52,35,16,18,31,9,5,45,54,105,34,69,21,108,90,8,148,15,29,5,45,74,49,60,31,6,41,63,81,5,51,54,96,66,15,17,19,31,38,8,26,106,79,149,77,39,9,10,58,26,50,37,28,81,22,60,24,60,102,77,36,68,153,87,36,74,17,15,14,57,117,12,61,46,16,353,14,45,12,18,39,190,93,55,46,60,161,72,42,43,109,40,18,149,55,41,28,24,52,23,91,41,32,65,20,56,47,22,16,46,32,14,132,50,58,12,38,35,42,49,7,81,99,8,56,25,16,12,40,4,29,128,117,11,45,116,74,50,10,13,60,86,37,41,43,49,96,2,17,11,44,29,4,72,41,15,60,22
S285,60,141,187,97,75,109,82,185,78,119,126,221,83,114,104,146,64,103,62,164,111,259,245,34,103,37,24,60,40,46,85,205,70,180,79,26,20,35,51,19,29,65,21,5,78,35,135,71,173,86,88,48,89,95,105,96,64,49,66,81,65,55,93,34,72,141,51,221,112,59,235,50,126,162,35,80,32,50,18,127,26,81,5,89,74,22,122,204,97,26,118,38,65,11,55,32,4,144,93,85,134,29,76,68,25,52,37,81,13,31,87,209,30,53,44,143,70,47,26,178,42,52,19,75,157,84,60,44,5,27,47,36,13,38,58,86,101,23,122,19,17,43,87,63,58,58,122,44,44,37,15,112,9,14,34,39,80,33,251,16,64,48,7,245,29,53,32,44,80,55,93,40,45,28,113,80,75,71,20,42,64,52,87,24,46,37,55,76,72,27,103,77,14,25,28,40,52,25,30,20,30,42,33,8,179,73,93,42,78,92,19,52,105,22,71,23,13,61,142,33,55,34,260,12,54,5,29,29,75,131,19,47,35,113,238,50,154,198,88,25,179,33,40,88,84,93,35,140,156,122,84,46,16,145,19,12,24,83,19,36,31,84,37,105,64,7,61,59,86,61,3,46,14,117,50,42,22,79,62,214,13,84,74,75,79,2,0,98,86,43,31,49,89,172,19,54,26,91,60,35,45,23,26,118,77
S286,101,292,171,130,166,538,122,238,197,237,409,152,230,119,112,94,250,282,214,146,193,403,364,41,142,37,19,6,38,35,25,14,20,5,18,30,23,24,14,13,12,30,54,26,61,54,17,57,43,88,32,66,142,54,28,33,9,102,39,48,5,50,97,48,15,79,19,191,34,62,127,22,85,42,70,5,39,35,10,54,4,214,37,33,14,18,45,92,48,106,31,61,45,25,60,26,56,51,108,92,142,53,68,48,29,50,28,84,1,45,25,59,36,9,102,101,49,28,73,103,14,19,38,37,43,46,42,14,10,14,36,36,25,18,96,48,23,19,38,26,28,43,27,69,12,66,83,35,13,39,9,26,23,13,31,14,100,15,15,30,31,57,15,76,15,27,55,23,100,23,16,15,12,7,27,23,53,36,37,30,80,71,28,29,29,21,23,7,41,68,140,155,85,19,17,26,66,30,14,26,17,47,78,36,88,61,73,13,26,68,40,61,22,14,70,12,10,76,46,45,63,38,248,22,48,27,4,60,99,110,42,50,157,65,65,24,31,66,40,22,146,22,53,4,29,41,39,53,143,32,41,15,10,13,13,14,46,36,35,27,45,21,58,73,38,21,29,17,46,108,47,116,48,38,24,27,13,24,39,65,4,8,20,44,83,16,20,11,22,14,31,38,26,74,38,64,91,23,27,25,46,8,106,136,32
S287,100,140,179,119,179,308,226,181,191,272,283,187,193,75,192,98,179,111,86,107,236,387,176,19,129,38,33,23,67,24,91,61,142,99,89,26,24,150,4,21,187,56,98,35,81,25,120,145,154,207,201,238,121,282,125,64,17,99,21,101,16,51,48,33,50,49,12,36,38,74,185,24,118,39,86,67,68,12,3,26,5,92,13,39,53,8,132,39,28,222,87,66,12,60,32,14,103,83,92,53,125,27,54,60,18,6,67,40,23,22,68,50,67,26,52,47,86,48,55,66,2,34,47,43,44,36,99,42,17,31,92,96,29,15,31,41,38,24,40,10,22,44,87,27,14,82,76,28,54,51,15,43,41,5,43,38,104,92,43,15,38,90,26,37,37,61,14,28,58,53,103,43,61,59,37,24,10,32,15,73,28,31,40,42,18,52,57,14,28,51,87,61,32,8,30,74,24,63,18,24,58,23,97,41,127,108,87,8,100,73,23,99,24,4,78,8,25,81,26,55,62,23,164,30,54,54,10,10,124,63,45,28,53,164,103,33,28,88,60,27,93,59,34,7,147,53,48,84,62,59,93,16,29,73,35,25,50,50,73,64,29,90,38,74,41,9,33,17,75,52,1,50,8,64,69,31,9,41,45,119,20,23,68,27,15,7,2,15,55,33,66,33,29,69,37,18,6,22,47,12,58,5,72,93,25
S288,28,175,136,366,293,262,160,139,65,262,209,105,187,199,226,115,59,208,190,184,96,172,158,57,158,30,29,22,17,23,73,82,87,117,70,39,19,11,9,9,6,23,65,35,141,10,53,42,33,60,32,45,14,48,26,50,78,73,24,72,8,33,24,25,68,98,29,82,84,62,90,25,85,68,56,47,35,67,15,59,19,107,9,75,34,31,66,162,23,88,38,63,37,17,38,34,28,71,48,110,115,11,15,12,11,44,58,40,16,19,48,47,56,7,30,116,80,45,33,137,33,54,35,12,60,87,89,26,11,25,30,24,30,30,27,25,47,15,33,13,86,34,24,66,18,130,82,69,27,4,31,5,31,7,44,45,71,21,29,7,81,51,9,120,32,16,24,12,94,39,50,10,16,16,123,35,21,22,29,32,17,30,39,11,22,33,14,23,53,15,72,54,36,17,16,66,6,49,61,16,28,46,25,50,90,167,53,19,65,84,57,31,26,0,106,9,42,48,34,18,38,27,206,37,20,24,8,7,158,124,73,27,31,93,82,64,14,90,35,12,34,21,62,2,141,56,2,15,52,80,37,9,17,49,27,17,29,31,28,36,7,20,24,51,31,4,34,37,49,50,17,68,21,50,53,17,25,30,82,58,24,46,97,58,52,8,14,40,157,24,12,13,34,70,34,51,67,74,81,3,28,36,87,83,30
S289,92,285,225,474,116,209,215,221,131,389,332,308,121,200,344,113,153,247,157,140,322,320,389,85,121,49,27,61,63,35,99,75,207,207,75,16,29,44,516,36,28,4,53,48,40,31,107,121,158,82,64,59,38,45,65,94,66,58,25,58,34,153,128,10,93,74,60,226,147,123,232,6,125,29,101,62,61,12,46,41,17,118,40,77,19,44,139,152,52,207,25,65,59,62,77,66,98,57,115,221,117,80,70,58,27,33,38,123,7,107,195,163,65,98,70,284,133,93,45,137,126,8,17,25,86,60,149,97,106,67,21,68,34,35,72,60,54,58,103,24,17,99,68,31,20,228,52,35,10,38,77,50,21,8,55,34,87,62,136,18,89,127,63,149,9,6,21,27,75,84,55,71,31,17,67,152,44,105,100,60,96,69,76,30,64,41,62,23,89,45,216,99,8,30,78,57,38,80,10,74,55,66,46,17,169,115,145,53,118,114,37,73,135,38,137,8,14,263,27,27,50,36,230,27,50,45,12,25,142,117,81,116,123,165,193,18,71,230,65,43,108,52,60,1,109,163,54,124,129,64,35,161,28,106,43,49,58,59,79,35,22,3,84,35,11,55,48,5,96,99,20,70,76,48,43,28,57,80,98,154,37,23,44,39,78,65,26,37,162,46,131,267,95,193,27,12,53,17,49,35,165,18,113,129,67
S290,30,77,57,164,29,119,69,90,64,88,41,54,55,77,43,133,45,89,72,98,123,117,68,46,81,19,24,34,29,25,229,71,100,78,106,256,57,20,33,40,126,3,15,10,29,4,4,33,13,13,30,34,23,36,21,90,77,93,46,74,44,59,78,68,25,55,67,150,73,74,114,13,143,106,66,91,19,46,15,29,5,116,19,41,24,19,92,237,46,133,72,87,39,13,45,41,34,118,105,118,277,43,81,11,42,45,27,61,14,45,73,127,81,8,66,57,71,37,65,66,39,41,11,13,83,21,99,198,26,30,40,73,24,23,66,54,215,7,39,37,15,48,23,42,14,109,43,12,46,42,60,61,53,25,64,23,36,50,61,16,48,102,7,198,4,10,33,45,103,41,107,58,34,7,85,48,56,20,44,59,102,80,51,42,24,91,42,12,91,20,143,76,29,14,81,70,17,11,4,23,55,10,36,23,64,105,61,47,31,85,42,5,31,29,9,4,20,157,16,55,34,39,245,21,4,11,4,15,110,103,4,28,142,80,163,41,74,81,28,40,114,13,49,8,47,46,58,115,166,69,62,27,17,47,64,42,85,65,30,81,28,88,15,70,39,55,49,18,34,82,13,149,14,69,66,35,14,82,25,98,26,55,48,26,15,43,10,56,170,15,32,77,7,125,16,31,36,62,53,15,45,24,47,63,88
S291,86,104,128,191,59,221,104,130,138,110,156,108,114,95,128,100,111,233,55,94,162,332,165,59,56,53,18,14,31,86,51,145,154,111,106,13,27,228,6,149,16,17,7,1,105,110,168,234,41,87,258,182,80,253,108,20,45,51,36,29,11,87,47,47,25,68,40,87,79,29,35,3,78,65,155,154,49,13,14,99,13,115,14,41,33,64,17,155,56,121,46,126,40,36,45,40,80,69,73,49,122,45,87,42,20,50,34,11,3,23,52,109,45,19,59,79,55,67,14,67,28,29,20,55,58,78,82,77,33,27,21,7,29,20,28,24,86,43,163,6,50,14,52,28,42,40,89,30,13,25,8,28,28,11,54,35,56,34,59,26,65,34,46,45,29,46,60,15,29,48,54,16,28,16,82,22,71,44,62,55,36,48,42,18,8,7,26,4,81,4,186,51,58,12,7,79,45,46,62,43,44,39,58,38,123,186,70,35,54,23,20,5,27,35,33,22,24,79,41,47,40,21,200,59,35,12,17,14,231,32,25,74,115,128,48,39,40,100,57,16,81,16,51,22,148,70,30,83,46,28,15,15,37,28,57,13,28,65,5,6,20,33,8,92,36,20,65,13,18,28,24,52,25,70,37,64,19,52,41,75,19,57,77,7,34,58,7,75,138,35,36,67,26,216,26,55,7,68,22,8,25,17,17,47,44
S292,114,177,81,250,201,340,252,220,174,353,172,294,70,121,137,170,82,213,77,137,166,174,201,76,264,30,15,35,16,49,125,128,113,174,88,34,46,202,14,13,189,8,103,7,12,12,185,144,39,85,57,58,162,78,276,79,28,62,42,60,40,45,45,36,28,114,48,140,26,86,46,18,91,68,45,84,87,20,7,49,34,183,11,51,34,39,9,208,49,44,24,37,49,19,92,43,19,116,89,67,142,23,70,13,26,32,51,41,5,18,68,15,37,69,34,56,46,29,86,149,67,72,21,37,34,80,39,101,31,19,21,45,34,25,56,58,33,3,110,34,38,16,80,18,21,66,77,40,41,75,30,24,23,8,55,51,172,115,37,7,29,50,27,125,6,3,56,60,67,41,51,15,0,20,29,59,53,46,54,70,92,90,42,4,20,46,19,23,82,24,49,54,36,52,32,70,52,37,57,36,82,32,41,34,48,101,134,65,110,82,44,31,13,22,71,3,20,131,90,54,109,53,138,15,37,27,13,22,223,36,18,88,81,101,209,26,124,69,64,44,215,30,55,24,93,43,14,65,196,63,89,74,6,39,56,52,107,24,15,43,37,11,24,40,27,51,23,14,93,59,19,63,31,54,45,33,15,59,98,59,41,52,77,33,13,19,7,132,102,28,86,79,49,53,25,46,23,87,61,11,64,47,38,56,7
S293,74,103,67,116,88,175,138,173,75,223,116,310,265,69,56,145,158,86,69,276,222,232,168,77,74,46,30,30,41,31,193,78,111,136,37,10,37,31,40,12,4,2,57,90,19,64,151,22,130,56,71,107,82,98,32,65,61,24,34,86,27,15,86,21,83,55,54,140,45,50,106,21,80,73,113,28,110,18,23,89,17,94,8,35,35,20,109,260,27,56,28,117,36,17,63,94,60,119,55,66,95,37,12,34,14,76,48,100,6,16,78,81,180,68,61,64,49,124,34,146,53,72,18,28,39,27,43,70,63,14,22,25,21,20,33,43,64,17,42,41,23,3,31,47,28,62,95,51,16,53,46,81,23,12,12,62,30,92,36,8,59,80,13,93,12,16,15,65,108,139,36,80,60,68,31,33,24,66,34,43,51,19,49,20,24,12,14,5,44,45,173,83,73,56,21,33,23,6,59,9,51,60,26,62,82,119,73,15,21,62,4,84,39,10,35,20,29,55,54,54,58,24,212,39,13,9,21,34,133,101,13,35,81,111,143,39,71,104,101,6,134,25,38,24,128,78,27,53,107,80,86,21,3,53,79,44,104,55,29,56,44,31,13,16,64,11,40,15,42,85,13,66,22,39,52,32,13,80,59,94,21,41,130,23,47,10,2,64,73,47,27,47,60,115,28,37,62,52,71,14,77,35,82,69,38
S294,206,224,165,443,152,687,216,251,112,195,280,114,248,181,192,113,227,184,136,328,369,138,256,32,113,39,68,14,56,34,46,27,56,19,19,22,295,66,58,56,200,9,220,80,79,56,158,241,47,259,97,150,60,38,88,64,35,66,49,45,3,101,106,33,80,88,16,183,164,103,126,28,193,103,82,91,65,78,11,56,16,154,16,25,39,10,70,340,56,102,55,95,66,24,87,51,39,58,102,60,213,12,213,154,70,50,85,62,12,56,130,83,30,47,123,112,123,97,63,62,47,63,7,62,25,60,143,104,40,73,64,64,36,20,24,48,112,11,178,29,94,21,115,285,32,128,75,37,16,34,26,31,17,12,89,74,54,43,67,20,55,77,73,108,37,6,105,5,80,84,66,57,34,20,74,134,27,16,73,125,20,85,40,2,17,73,24,84,93,16,140,92,52,21,22,70,30,11,65,29,48,35,75,25,124,185,182,27,79,168,32,18,13,20,140,10,14,73,106,84,87,55,158,38,90,26,35,22,154,89,23,57,147,76,141,55,114,123,91,23,157,90,60,2,103,112,30,37,63,75,81,79,48,15,77,23,78,79,56,33,29,25,11,47,83,30,46,24,55,130,2,172,63,48,35,103,2,106,54,60,27,62,131,41,113,28,53,62,209,12,44,39,75,114,56,51,51,151,121,25,142,37,80,50,40
S295,37,107,17,105,47,178,72,186,53,76,74,149,43,33,77,55,101,112,119,110,125,219,98,15,54,21,23,23,7,6,95,103,54,52,77,55,5,22,24,16,119,13,90,22,27,1,30,153,31,24,48,95,12,31,35,22,35,84,34,11,11,80,41,22,81,41,94,43,86,44,51,9,39,67,47,16,54,16,29,53,16,56,25,56,79,4,78,73,22,30,42,66,38,7,25,38,42,89,66,91,42,10,53,32,14,28,41,35,27,31,77,50,33,19,19,40,52,14,33,74,83,17,10,15,36,51,45,13,11,30,25,70,19,9,28,48,17,12,38,17,12,20,55,22,20,42,67,48,6,13,22,25,27,6,33,8,38,80,24,15,64,47,30,36,3,3,16,14,36,49,108,17,17,11,24,28,20,58,30,38,13,37,25,5,50,11,30,20,37,20,80,67,43,8,6,15,41,36,23,11,11,35,16,42,60,128,59,19,32,82,17,35,10,17,29,4,26,47,60,40,63,14,116,3,57,30,14,20,84,57,29,107,31,29,105,19,44,68,47,20,109,21,26,26,43,35,18,57,56,68,47,11,18,31,28,9,44,62,56,35,59,12,20,31,41,7,23,8,24,48,11,37,5,94,29,43,19,46,51,57,29,58,56,7,14,41,17,42,36,15,94,6,31,68,21,27,64,35,49,3,57,15,37,47,14
S296,24,90,53,79,58,139,77,63,69,73,55,54,39,85,25,27,44,62,54,94,30,100,74,15,39,38,31,50,13,60,232,69,53,137,58,13,28,19,55,135,29,3,62,10,65,40,57,68,21,67,9,52,59,45,64,86,48,44,18,49,13,72,16,24,51,61,51,49,42,18,146,4,99,37,38,39,51,46,44,39,15,115,10,48,33,10,76,93,14,40,41,59,31,24,92,14,62,38,93,50,122,43,82,65,6,23,71,79,9,40,115,61,39,24,16,116,37,47,90,29,29,42,8,17,51,53,86,38,50,35,53,20,10,19,86,70,38,6,156,12,25,13,77,123,32,26,70,15,4,41,16,18,2,5,10,10,40,37,32,12,9,47,11,75,15,6,21,15,140,48,63,8,19,52,23,49,41,70,25,19,47,36,50,9,16,41,19,28,56,26,85,73,20,9,39,51,46,19,17,50,36,37,43,65,175,73,58,38,51,31,25,23,42,13,94,2,7,42,81,20,27,78,264,22,11,58,29,13,107,58,45,30,80,100,82,18,109,83,92,31,264,61,54,12,49,58,31,45,58,110,45,22,17,55,35,4,56,37,22,36,114,22,1,64,55,26,20,16,42,19,5,47,59,58,14,18,13,19,56,55,13,28,134,28,32,19,40,49,101,10,17,48,27,95,14,36,30,48,27,10,21,24,58,44,2
S297,82,132,139,120,65,296,60,67,30,82,140,90,85,103,113,105,125,114,58,134,226,216,102,21,119,39,5,41,21,19,118,56,120,130,35,8,102,72,41,32,68,1,16,100,164,61,42,52,16,66,21,34,77,35,120,67,57,58,27,16,87,127,73,16,60,57,32,174,77,46,64,15,130,71,149,42,42,13,17,62,6,135,13,86,17,74,39,129,39,117,13,119,32,13,54,66,29,76,100,99,119,17,32,43,27,41,45,126,3,50,62,89,35,67,24,47,35,28,72,54,84,61,18,24,28,33,48,69,37,37,16,31,23,41,30,60,50,29,132,14,14,28,128,65,3,148,62,29,15,13,18,29,15,15,55,24,45,26,61,34,23,95,5,62,17,39,9,33,71,100,69,43,34,5,41,43,79,38,25,47,36,73,27,31,80,19,65,44,39,40,85,109,87,24,21,39,47,31,30,35,56,11,39,30,15,115,124,12,97,88,18,21,45,6,57,12,6,48,71,42,70,65,133,5,33,13,59,16,95,49,39,33,48,106,111,6,73,72,106,22,177,18,26,49,155,39,54,84,59,38,124,34,14,36,25,41,73,21,18,48,85,74,21,59,42,19,55,4,36,109,21,40,94,44,39,29,19,12,64,156,47,74,158,38,62,31,0,84,50,35,57,22,86,145,12,40,24,23,32,3,40,20,70,66,48
S298,54,100,118,83,91,172,114,204,68,216,70,122,60,48,126,39,50,225,105,170,62,130,175,35,113,23,49,22,83,68,288,109,274,311,108,54,47,48,66,39,61,24,26,98,17,122,41,227,64,179,89,169,148,47,58,125,110,221,95,96,22,83,120,148,197,100,43,295,204,138,154,8,266,201,115,55,165,51,6,190,37,151,7,24,65,64,124,274,49,134,21,171,94,46,167,166,54,162,121,262,187,19,178,236,41,63,172,192,28,78,60,172,161,173,95,210,104,91,88,153,105,136,38,71,265,23,150,63,62,60,108,109,66,27,43,36,190,19,186,91,106,13,147,129,45,241,159,77,51,56,81,59,20,4,102,17,157,174,86,66,122,144,55,147,71,21,86,31,198,49,42,46,15,47,50,127,95,79,94,162,179,45,71,85,52,51,200,63,137,85,317,122,141,7,13,73,72,10,112,24,61,63,108,14,120,122,219,41,193,123,111,86,91,57,63,28,40,196,84,76,81,52,553,113,46,41,10,58,139,240,75,57,120,132,270,51,150,199,191,85,169,60,79,12,161,78,37,120,227,260,69,70,71,39,76,34,118,165,77,86,27,112,36,117,108,23,185,72,83,138,59,164,108,137,80,16,10,46,63,199,31,62,123,111,112,27,20,85,54,132,34,127,141,208,44,34,117,74,65,100,133,73,68,142,66
S299,179,401,173,282,120,344,203,383,120,123,145,228,125,72,149,109,164,180,77,161,298,386,283,109,142,55,37,37,53,28,159,147,193,227,219,48,135,51,133,37,240,71,23,11,52,70,153,48,27,30,107,109,37,114,24,72,26,95,84,112,53,129,50,17,127,127,37,73,114,132,94,11,208,111,59,26,57,31,15,73,17,119,30,47,61,72,59,144,7,88,82,85,58,14,56,41,115,54,97,55,102,46,135,47,51,148,34,60,17,75,38,48,63,7,84,144,119,92,114,113,108,39,39,14,42,29,61,122,71,10,40,44,82,45,63,40,30,28,62,25,107,109,56,82,36,182,135,80,35,29,47,40,12,17,61,58,73,96,91,0,32,115,13,89,66,22,63,6,81,47,127,49,101,15,9,141,33,115,30,40,20,145,42,38,17,56,61,145,193,40,184,159,40,25,7,73,27,51,42,52,40,104,45,19,204,157,147,29,184,143,33,52,19,12,34,1,24,197,74,50,70,57,425,10,113,37,14,120,264,206,107,111,149,212,177,61,63,64,79,51,205,46,96,52,160,62,77,99,71,97,126,46,27,32,146,70,51,84,78,36,101,6,29,120,106,23,83,15,69,106,32,65,28,64,71,139,48,35,168,76,51,88,132,87,30,17,27,94,121,26,72,59,22,156,23,44,66,111,69,8,121,47,97,86,67
S300,73,148,131,233,72,112,121,155,104,89,154,75,193,51,59,46,109,149,259,197,136,213,117,55,118,83,14,24,22,32,32,32,11,20,9,17,50,29,21,131,114,55,99,3,5,31,297,117,38,95,106,74,231,229,169,103,12,56,86,118,46,54,49,9,64,192,39,175,63,45,115,21,31,137,84,36,23,63,4,74,25,121,7,100,12,21,48,232,33,137,49,23,24,17,67,77,42,81,129,127,62,32,61,83,145,81,98,41,36,103,106,68,32,24,37,105,49,49,85,92,37,73,4,43,95,60,58,19,21,26,21,32,50,8,46,91,44,71,55,17,44,17,98,41,38,19,144,48,20,9,27,14,4,3,83,7,84,21,48,26,35,76,42,73,44,26,27,67,90,33,65,11,1,40,38,9,39,75,45,72,50,27,17,40,43,21,60,4,57,14,77,122,51,49,24,14,53,34,25,81,42,42,27,23,63,82,91,16,61,102,43,48,25,24,56,28,2,170,34,15,57,40,212,36,49,24,51,19,251,86,45,78,100,81,140,76,149,58,30,149,62,29,66,2,76,100,62,46,76,81,45,49,18,53,56,35,104,54,62,64,31,6,68,144,48,13,13,15,80,42,11,90,52,59,82,85,2,10,62,88,45,55,57,56,104,49,19,31,55,23,50,37,57,120,39,75,44,47,46,26,93,6,24,104,37
S301,61,83,103,192,148,139,91,183,135,208,244,154,207,76,111,72,162,213,130,167,85,233,227,18,123,15,32,36,79,55,37,22,25,13,25,20,14,174,16,38,15,50,66,210,7,83,148,116,30,94,100,211,141,64,132,21,30,57,39,77,15,131,74,22,40,100,20,64,85,221,321,36,163,66,76,66,151,32,10,84,18,143,12,72,77,64,110,74,105,60,116,88,43,2,60,67,73,102,209,106,156,18,48,84,66,22,31,31,2,18,78,77,99,51,76,116,33,138,134,191,110,60,17,44,62,40,22,17,15,71,31,62,64,43,15,34,48,10,100,49,33,155,61,78,12,223,175,61,30,61,20,23,32,8,47,70,95,62,84,26,65,107,87,66,7,18,61,11,36,12,67,97,28,28,38,25,152,59,101,38,14,37,50,86,77,36,62,5,36,57,184,72,30,25,47,80,9,30,24,10,73,42,137,44,78,330,114,27,66,131,37,51,64,26,71,6,15,119,36,24,104,19,442,64,17,13,19,48,124,141,76,214,60,211,129,53,100,176,6,65,70,69,64,18,99,117,32,243,47,58,103,41,23,51,35,68,33,84,21,166,47,57,45,73,28,24,45,54,53,82,1,82,66,46,68,54,6,66,67,87,17,58,59,33,130,19,12,60,155,56,76,86,84,157,8,72,37,140,24,14,30,52,86,93,81
S302,292,411,90,182,135,353,217,383,205,370,356,186,150,179,214,262,166,225,436,245,192,572,278,55,219,94,132,58,47,35,53,58,44,36,19,15,142,391,28,37,203,22,33,214,14,111,127,145,35,77,108,122,121,110,124,53,97,115,35,184,12,110,224,24,112,112,88,238,213,96,134,34,176,156,182,160,29,70,8,107,66,193,63,173,165,72,51,270,149,140,70,162,104,67,132,96,75,173,185,177,271,88,35,62,79,86,38,151,19,63,178,225,114,30,135,236,96,114,96,162,145,49,53,23,68,45,156,155,36,13,26,51,43,50,73,57,79,8,91,22,101,18,119,245,87,168,215,20,31,71,66,36,57,0,156,70,87,133,161,47,125,103,69,68,28,34,54,68,72,88,60,36,42,23,26,144,108,23,46,150,36,163,112,19,76,36,50,58,295,60,140,217,48,13,52,150,21,34,37,57,123,136,188,28,159,109,124,84,10,93,44,33,45,115,201,94,17,138,125,10,43,87,198,15,31,6,13,65,171,143,100,98,103,250,456,75,173,222,140,54,205,91,146,18,98,73,22,73,107,38,57,112,46,135,74,34,28,67,79,41,33,21,116,102,76,33,90,17,89,162,16,76,23,25,84,26,15,194,111,166,99,86,232,27,108,15,11,65,238,35,183,44,70,171,80,89,41,168,78,83,97,67,77,79,52
S303,55,241,74,73,124,226,188,145,105,87,163,105,96,65,88,101,110,179,65,126,71,202,105,36,141,54,33,18,26,52,21,37,16,13,9,4,123,90,5,160,195,6,8,8,24,36,42,33,16,10,48,126,43,63,38,111,46,48,24,44,15,89,31,13,51,119,32,78,127,57,43,25,106,106,63,55,180,17,20,48,30,153,37,49,81,17,116,265,12,97,29,50,72,17,23,47,85,98,169,92,125,15,36,15,44,89,66,54,4,58,52,82,28,63,33,152,26,3,34,102,71,15,18,52,57,28,19,94,24,19,56,83,6,31,47,106,60,42,118,9,16,26,68,46,34,29,99,21,13,52,9,14,1,1,77,11,89,57,47,4,23,58,51,28,10,21,43,16,117,70,26,37,24,15,51,48,38,76,67,79,56,113,19,6,65,52,7,32,180,67,245,91,75,46,22,73,42,16,36,18,36,17,43,20,73,112,117,13,57,109,52,47,101,28,25,10,18,258,46,21,45,51,291,29,15,27,13,30,185,195,32,88,197,210,73,84,94,71,138,45,78,7,19,33,56,42,33,53,88,105,97,46,14,21,24,0,59,25,34,54,52,93,31,58,48,22,49,6,42,33,6,48,103,97,68,68,41,14,27,73,19,17,40,33,63,15,27,153,71,20,30,111,19,60,18,41,53,90,109,8,73,14,33,66,46
S304,43,72,48,147,41,127,28,73,59,84,89,42,47,34,70,46,55,78,80,140,120,65,70,10,54,22,21,37,22,47,16,4,20,13,11,27,13,25,29,17,237,62,39,25,11,6,31,31,9,47,22,58,29,14,46,58,46,131,59,35,20,55,44,8,19,82,68,134,22,48,57,49,105,81,80,71,22,43,26,40,16,89,0,81,48,23,49,149,24,104,67,118,64,19,65,45,55,77,120,139,173,51,36,43,51,61,94,91,22,27,107,85,70,24,109,54,54,36,81,128,55,92,19,23,7,28,84,40,21,38,9,18,9,17,169,59,36,27,54,32,17,30,28,57,72,106,142,21,17,61,47,24,17,12,12,14,79,34,16,39,52,107,20,78,42,37,60,36,79,92,177,2,26,19,82,88,32,45,40,25,71,64,97,20,26,36,30,31,17,31,59,110,34,8,14,97,45,28,30,44,27,41,45,49,126,78,58,29,79,90,29,69,47,21,67,18,5,144,46,34,34,9,186,44,132,61,32,18,110,90,3,91,26,138,134,14,34,40,146,63,127,119,97,18,65,57,41,43,76,69,78,31,26,32,39,27,23,74,30,37,36,33,23,56,63,25,54,15,25,131,23,161,78,49,22,61,43,37,104,114,2,10,100,50,38,5,19,90,75,83,14,34,32,111,17,27,51,30,33,28,123,17,57,40,41
S305,83,169,159,230,62,190,124,90,48,174,124,203,62,28,122,151,58,147,104,128,173,214,194,18,158,45,71,74,45,86,246,127,85,162,177,212,33,14,46,180,110,14,110,248,109,34,149,509,128,162,80,88,457,498,275,112,30,8,10,34,14,72,35,42,76,61,22,68,99,53,75,49,338,113,114,91,85,28,8,40,50,228,14,75,14,34,149,129,78,107,12,17,32,40,143,131,232,134,168,61,129,34,35,38,12,68,71,73,0,61,109,165,170,10,91,58,50,81,90,116,160,128,18,22,61,48,164,98,14,43,63,38,48,42,58,129,55,68,79,81,43,20,96,165,15,147,60,33,26,65,31,59,55,27,44,40,104,105,93,11,60,74,59,74,5,35,28,29,92,75,135,60,95,25,92,64,48,24,112,81,66,101,61,22,36,57,32,10,108,53,183,137,73,14,34,98,81,50,27,23,120,22,85,57,320,160,72,100,132,53,17,52,107,24,55,10,36,89,124,50,11,67,336,35,82,79,14,85,276,143,119,106,142,230,133,48,123,64,156,75,258,49,152,12,104,57,118,38,105,85,64,21,36,156,44,20,132,95,65,23,68,36,39,92,48,41,62,37,34,87,5,113,91,34,58,29,46,65,170,71,5,41,291,95,40,34,40,58,75,14,94,68,87,229,41,74,34,105,35,30,45,15,62,55,114
S306,76,148,132,102,107,222,107,117,59,59,140,201,35,73,104,74,99,98,147,180,130,167,53,55,54,38,10,46,39,58,181,164,128,170,50,48,164,88,200,39,31,5,168,15,10,24,80,70,42,78,49,97,92,185,70,85,62,47,30,62,7,63,56,35,13,129,33,78,128,56,109,55,107,96,71,38,33,38,35,65,46,171,10,58,36,27,129,180,45,161,75,59,84,16,128,50,107,169,112,146,283,30,95,23,22,81,38,26,11,10,247,54,114,48,56,36,118,129,61,143,100,21,10,63,46,189,285,113,18,34,15,43,28,41,39,42,63,23,120,19,13,46,31,81,18,95,89,54,42,80,53,18,44,0,32,66,93,51,70,20,43,28,26,114,2,48,53,22,72,51,93,42,45,54,37,51,51,75,39,72,59,17,43,24,44,60,40,44,35,32,217,69,88,29,11,77,57,11,21,11,25,50,27,76,163,42,72,44,20,82,54,67,86,66,106,5,32,145,26,56,125,27,108,18,45,15,38,46,249,136,95,77,110,76,117,31,41,138,11,65,150,47,83,7,57,45,15,101,49,139,106,18,9,55,56,31,57,73,32,24,21,58,32,166,25,9,51,40,89,40,3,66,69,28,89,53,26,30,35,83,25,12,106,29,67,39,10,90,139,35,138,43,65,234,44,73,37,41,68,16,73,33,33,64,37
S307,60,92,59,95,54,165,62,130,60,80,63,93,40,60,58,49,31,122,104,66,69,141,115,21,120,50,70,21,69,53,19,26,9,47,24,9,39,29,31,55,340,8,12,332,13,72,168,39,32,72,121,46,67,67,86,151,78,67,36,28,15,149,67,14,38,97,26,123,72,109,148,18,122,119,90,94,97,23,21,47,38,139,7,33,37,14,81,223,93,74,38,55,36,39,65,136,51,188,186,100,133,15,59,27,37,64,36,103,21,55,100,101,28,18,100,134,159,45,120,132,42,87,18,51,42,40,49,51,10,13,49,32,48,26,21,69,39,41,142,109,19,90,32,67,7,46,255,26,20,67,40,30,31,21,75,32,127,35,45,5,30,45,75,93,25,24,29,36,74,19,74,40,6,22,48,65,65,45,32,128,89,38,45,12,58,41,36,30,41,60,216,110,39,3,49,24,35,6,39,9,80,87,80,41,159,191,51,54,58,17,31,72,16,31,194,8,41,102,94,24,32,19,257,8,54,45,31,8,159,60,92,88,80,88,136,71,63,111,63,39,121,2,49,10,40,44,114,133,90,89,89,61,37,86,52,29,61,83,53,18,69,21,18,103,52,27,35,31,55,29,11,92,135,56,100,34,48,48,51,115,10,91,76,26,33,10,4,94,194,45,56,51,88,200,22,112,46,50,120,19,78,2,49,53,40
S308,28,110,75,174,56,129,46,173,67,170,114,88,152,44,42,86,59,117,47,110,133,155,125,38,91,33,36,59,44,36,21,11,23,26,19,49,33,8,10,24,12,25,25,87,82,26,22,71,28,34,46,32,40,78,48,64,27,62,31,139,6,72,44,42,104,33,72,44,64,97,151,6,51,45,74,21,46,41,13,38,38,46,33,34,49,16,105,129,49,83,46,18,35,21,34,69,70,229,96,132,193,16,36,48,25,80,35,35,8,93,17,61,53,31,58,53,83,21,44,119,52,21,8,10,52,61,41,77,19,16,57,10,13,12,5,33,65,40,139,31,39,22,17,59,18,52,66,30,46,53,83,9,3,5,45,70,53,22,13,9,75,12,30,55,12,46,54,38,52,65,81,26,15,12,43,29,33,62,16,60,23,27,36,18,116,21,8,14,61,18,183,63,42,9,29,47,57,39,14,61,18,68,62,56,65,27,70,40,13,30,27,114,42,37,39,1,9,50,22,66,78,25,257,5,26,39,16,13,84,134,51,27,56,75,120,68,43,112,47,30,33,34,39,6,25,33,42,70,113,109,85,8,43,10,38,21,27,53,71,48,5,15,9,53,1,17,61,22,24,58,15,78,42,27,16,65,49,39,30,67,20,41,177,5,127,20,7,23,90,36,6,57,93,57,30,31,14,107,33,12,40,37,20,133,36
S309,208,280,179,358,380,502,416,695,117,492,556,350,177,178,182,135,294,382,299,403,165,374,705,100,293,68,13,100,54,35,420,224,193,160,105,44,56,34,36,14,177,98,27,152,11,35,96,73,19,53,39,109,56,73,37,142,67,102,43,96,87,161,122,50,61,84,77,163,92,69,135,24,176,40,46,93,106,30,32,91,9,150,57,85,17,11,45,339,55,139,58,188,31,96,35,60,167,173,149,114,528,26,60,67,45,44,29,53,9,46,53,121,130,79,120,159,56,43,176,266,88,47,89,62,70,62,201,80,45,54,15,28,112,28,81,47,58,49,136,21,38,64,64,110,50,108,142,31,53,72,80,22,10,7,92,48,132,245,66,33,148,104,57,144,6,25,74,63,226,47,100,55,7,53,176,78,314,67,46,86,62,45,91,15,71,44,41,35,163,14,253,208,93,9,48,78,91,11,94,13,64,47,47,64,165,491,169,100,199,85,82,32,163,113,93,5,18,126,97,41,141,147,418,21,57,93,67,53,51,160,31,146,259,47,147,34,129,312,125,53,189,11,266,72,201,118,117,143,55,107,285,27,38,106,96,91,54,21,33,120,30,56,74,119,149,16,20,30,34,167,72,149,50,98,102,26,20,144,205,232,34,181,48,119,149,28,14,44,142,25,73,67,50,210,10,54,39,39,92,33,33,20,177,105,77
S310,39,123,197,175,104,247,74,157,50,209,249,238,108,88,49,100,140,88,176,186,101,261,142,53,121,46,64,45,47,81,166,127,235,219,96,31,512,31,60,33,268,20,38,56,54,99,114,147,38,88,102,90,118,154,129,125,68,46,43,85,17,120,189,24,49,104,92,186,54,117,91,33,171,173,134,132,22,48,40,145,27,256,11,171,55,30,104,308,29,74,112,112,106,26,32,72,145,229,288,94,244,10,140,69,87,92,57,158,22,52,114,132,139,8,38,184,89,61,54,125,58,26,39,83,144,50,112,133,5,29,34,36,48,58,39,42,46,76,194,28,33,31,57,90,24,132,99,4,34,64,49,66,55,25,46,77,138,253,87,99,66,122,25,38,27,10,143,56,178,155,54,93,13,2,73,120,89,168,17,125,46,98,65,14,88,6,78,15,54,84,84,208,98,33,23,59,53,43,110,32,133,138,94,26,116,210,167,90,101,148,28,66,68,51,90,17,74,204,46,53,107,53,232,31,32,54,60,22,229,151,138,72,151,136,269,101,84,161,40,66,114,110,104,33,124,114,33,152,144,50,82,50,75,44,78,91,48,49,78,122,53,24,18,129,59,62,137,91,54,117,8,73,62,32,62,38,38,133,158,188,102,117,197,124,84,7,56,37,63,85,179,151,29,279,37,16,37,134,78,39,47,12,67,192,111
S311,116,189,117,303,153,354,193,183,145,324,238,178,283,186,248,43,257,380,292,251,211,207,230,144,303,19,46,11,67,35,119,231,181,363,57,134,61,12,12,16,180,24,194,16,19,74,148,177,119,114,88,188,196,144,213,76,100,45,31,51,19,56,36,30,22,22,29,90,34,64,253,37,138,92,101,64,40,28,29,73,7,285,6,86,47,57,159,176,69,129,34,49,65,9,40,25,60,49,143,146,98,21,100,53,50,85,106,91,22,28,93,97,47,45,96,189,70,79,77,129,68,36,39,25,55,65,72,98,52,25,11,32,21,67,29,29,78,35,73,28,23,14,42,71,18,157,118,35,44,36,27,39,19,12,123,13,138,54,86,32,67,44,48,94,36,11,38,70,95,82,40,52,60,12,83,90,126,81,10,47,49,133,108,23,33,55,17,45,86,45,151,156,73,32,13,79,49,17,75,62,46,52,54,15,163,264,80,9,51,95,69,40,61,16,59,40,26,97,80,37,102,18,449,22,8,46,30,101,105,167,21,109,175,89,166,49,155,94,65,80,207,20,33,4,71,82,44,188,54,74,82,71,27,28,33,10,33,78,35,43,2,65,13,114,29,3,60,17,17,160,11,84,96,51,102,50,22,64,32,163,44,99,66,43,44,43,2,36,227,64,76,93,88,124,42,7,142,22,35,13,99,16,136,88,1
S312,47,119,140,144,127,96,118,95,35,77,142,60,47,44,129,114,71,103,60,108,121,115,88,39,53,60,4,19,21,39,123,126,334,197,110,21,46,39,37,36,18,43,16,175,28,81,71,156,30,43,73,49,111,37,47,98,26,67,60,40,39,103,98,32,56,177,25,149,210,74,220,26,181,84,105,48,59,107,11,110,2,72,5,134,54,40,126,254,35,33,56,53,89,31,28,74,56,103,191,136,152,9,75,105,35,22,42,40,5,52,55,64,76,24,46,239,97,96,62,164,111,67,29,10,44,50,61,84,21,45,41,18,17,18,44,63,67,59,141,91,33,30,38,78,33,65,135,54,48,25,13,51,36,31,26,51,68,128,26,9,60,64,20,75,3,21,30,56,114,14,51,20,22,20,94,26,37,62,44,91,114,80,54,51,42,22,7,17,109,46,212,77,36,42,10,275,89,44,34,21,55,64,61,19,179,227,66,18,52,60,38,31,76,18,93,5,6,159,94,74,49,47,264,18,19,19,16,8,458,100,23,21,135,100,114,17,87,133,53,67,171,67,119,4,151,68,32,100,37,178,122,10,43,24,27,27,49,32,84,77,66,58,93,132,10,25,62,18,98,66,27,126,40,30,37,24,3,38,48,165,24,77,261,17,40,16,29,124,102,70,37,49,60,50,6,38,44,110,70,41,87,29,73,54,62
S313,53,87,92,112,59,124,99,75,74,108,97,101,71,34,44,104,74,81,50,133,82,91,132,12,42,14,12,16,18,11,11,12,7,21,10,80,20,25,18,2,10,12,100,7,6,12,9,35,10,42,18,30,23,35,32,72,4,22,21,33,10,71,11,41,47,38,7,101,39,37,93,4,55,54,49,17,43,7,19,60,13,19,11,51,17,21,53,92,13,29,17,14,17,23,59,5,39,76,62,45,106,13,85,17,23,13,8,58,3,33,74,47,60,4,14,48,27,46,55,126,26,10,17,24,38,21,36,33,6,15,27,57,35,35,48,16,38,6,58,22,23,17,40,38,40,45,53,8,18,40,13,9,10,29,18,23,40,24,50,28,32,29,14,42,25,18,17,6,70,38,25,18,20,7,47,21,31,52,48,31,21,19,66,27,14,42,29,12,26,30,53,43,56,20,18,32,29,23,34,17,17,38,43,25,80,65,35,31,6,58,5,28,34,9,73,2,15,59,52,8,36,9,169,7,10,49,6,18,61,14,26,55,56,85,52,16,40,27,22,35,107,15,18,54,32,4,46,46,37,30,19,14,8,14,32,16,27,34,12,26,10,60,5,84,18,6,35,6,35,103,13,26,20,1,39,25,5,94,34,39,7,31,48,35,22,24,5,44,49,25,26,24,24,118,6,10,16,27,34,12,25,24,41,30,28
S314,54,137,75,212,105,193,216,167,174,98,212,106,170,68,111,130,138,114,47,164,153,132,196,62,111,48,29,54,23,28,126,103,90,200,89,16,15,49,17,16,100,79,169,84,10,43,72,137,43,71,58,98,81,19,45,121,54,139,83,55,12,24,101,32,29,101,16,295,117,116,108,54,115,83,204,75,52,116,17,146,22,50,20,68,52,28,66,234,36,155,16,94,21,77,65,46,45,28,176,99,285,30,55,29,15,37,29,76,24,14,209,68,133,31,93,62,28,35,63,42,38,34,15,32,61,56,45,58,54,15,25,36,40,20,30,50,30,38,173,61,48,26,22,54,36,74,79,10,26,77,23,51,20,13,71,32,26,89,55,46,57,55,35,50,44,45,39,47,144,21,145,16,24,39,25,42,44,84,96,71,51,100,37,7,67,140,70,47,80,77,83,137,44,13,30,22,107,6,37,48,88,81,45,28,92,202,44,25,44,81,34,77,154,26,71,13,15,112,90,23,73,43,309,19,35,15,3,22,315,125,122,112,91,73,150,37,21,109,56,94,90,62,90,22,176,102,60,128,63,57,24,59,50,103,84,45,82,84,18,72,19,32,29,144,25,5,21,2,51,126,40,162,54,46,130,23,11,24,87,50,29,12,82,20,75,21,13,88,190,57,56,139,50,93,23,57,42,74,50,5,70,45,51,48,33
S315,77,179,92,158,104,323,94,180,90,298,89,141,109,76,166,61,108,87,130,136,112,204,286,20,181,60,19,44,33,37,99,59,145,207,74,78,40,67,205,20,34,5,16,5,99,36,29,64,34,99,26,106,44,89,152,82,30,32,38,64,24,30,36,51,54,151,46,156,27,61,111,47,60,96,57,61,95,76,6,45,5,62,13,45,68,38,91,66,27,58,108,123,75,24,47,9,52,26,96,62,65,52,20,47,77,75,14,95,18,26,66,23,40,24,29,59,49,109,133,101,55,63,16,16,81,38,67,38,11,5,9,76,32,45,28,67,45,43,52,22,82,15,90,23,26,47,55,22,38,21,65,84,12,5,50,30,49,74,48,15,55,54,11,86,32,8,6,25,62,13,67,66,10,54,11,30,41,27,53,18,18,24,14,6,34,39,25,23,96,68,40,90,136,10,22,13,78,27,22,38,38,84,45,45,138,120,85,23,50,62,24,38,28,3,23,3,14,70,64,24,21,85,147,16,31,80,35,20,142,115,46,52,117,58,117,43,115,145,58,35,125,26,24,19,82,26,34,190,49,32,34,34,22,10,85,37,92,67,35,44,17,6,31,90,17,7,61,11,50,46,6,63,30,48,97,44,14,6,162,61,29,70,83,44,78,7,16,31,121,71,39,45,85,74,53,17,24,36,32,14,68,1,34,125,42
S316,69,134,105,155,171,168,93,123,116,158,225,198,69,77,127,160,119,166,42,213,218,193,224,75,122,43,30,78,30,31,137,220,128,160,43,230,29,49,12,13,187,15,81,30,110,22,15,41,31,16,29,29,24,7,33,25,90,94,60,160,57,77,142,71,84,134,42,159,56,139,48,13,234,99,61,60,67,2,34,63,9,94,48,88,63,25,69,142,47,43,142,106,12,65,70,22,82,209,102,128,183,4,30,60,45,18,67,66,5,36,138,44,75,146,64,82,141,101,75,153,88,93,35,41,11,41,53,97,11,103,34,27,36,22,67,124,134,11,59,60,32,14,206,60,10,78,65,18,40,13,16,37,56,20,35,8,45,65,75,26,7,106,58,81,8,29,125,19,136,15,61,21,43,7,51,119,49,44,54,55,54,77,62,23,141,47,29,46,89,87,116,190,41,18,72,28,66,34,65,16,30,93,33,26,114,98,152,52,104,82,45,64,114,50,102,10,7,108,92,58,103,39,287,110,31,2,5,60,79,164,56,70,102,102,279,66,95,293,37,49,83,32,77,17,104,120,53,45,101,73,56,31,4,20,22,46,42,15,47,92,89,57,39,129,66,19,26,42,60,116,3,95,58,35,53,65,2,42,125,140,36,8,105,47,21,4,11,49,94,28,71,9,64,117,73,16,62,46,193,33,66,10,48,39,20
S317,168,275,214,182,324,457,302,251,190,725,371,232,202,191,210,217,157,284,68,234,358,173,377,25,114,67,18,34,32,34,26,22,31,32,49,31,312,132,55,48,172,18,61,16,23,10,90,64,53,65,43,96,92,36,80,30,33,55,86,50,26,33,223,51,90,53,91,236,31,100,165,10,67,35,60,36,25,35,70,146,12,131,23,49,18,10,130,217,85,54,18,50,65,11,39,55,154,82,53,158,253,28,72,70,6,60,64,23,2,64,86,61,32,70,85,74,157,77,72,147,92,78,39,16,38,93,49,57,30,30,40,19,44,69,25,29,85,57,99,38,45,9,14,48,39,147,87,12,41,121,32,12,56,18,81,73,114,63,77,11,93,59,78,187,7,54,55,29,54,101,116,19,19,60,47,59,39,70,26,119,57,152,19,34,28,38,21,15,54,25,169,228,62,24,11,37,9,63,68,14,53,52,40,36,123,165,62,82,104,28,47,53,75,19,32,46,26,155,78,115,37,38,263,39,29,12,8,46,209,169,41,13,54,96,186,64,141,136,72,11,132,31,57,12,146,47,9,197,117,94,105,23,36,130,50,64,50,48,35,106,14,19,21,126,26,15,59,29,105,26,22,180,21,52,87,15,18,39,75,150,67,20,56,59,38,13,17,84,65,36,41,15,55,106,13,24,59,87,72,8,74,16,63,52,115
S318,45,157,119,136,112,166,114,147,118,120,59,111,131,102,85,89,110,151,49,88,66,149,111,51,205,47,19,38,10,23,17,9,18,29,15,13,190,19,42,97,87,9,5,75,73,8,39,35,23,67,24,44,8,33,56,85,117,101,55,44,53,8,58,60,97,20,65,68,106,42,207,25,50,48,89,21,89,45,11,86,6,121,9,84,43,48,35,298,96,73,55,77,15,41,34,59,76,96,61,32,87,49,64,19,43,39,44,70,38,40,72,73,86,33,58,97,69,60,59,87,64,90,25,9,69,37,72,58,12,25,60,44,60,8,35,18,51,7,140,22,29,25,58,59,30,68,88,17,7,48,5,25,17,22,37,59,89,95,34,20,40,77,26,65,15,47,28,14,70,53,86,25,25,46,28,82,40,24,55,59,25,84,15,23,40,59,44,25,80,31,219,116,62,14,33,28,33,29,32,55,69,63,37,22,37,140,93,11,73,53,20,19,84,20,23,25,18,76,39,102,68,6,161,12,62,9,6,44,129,75,47,70,46,93,95,80,116,137,109,27,158,38,76,12,38,102,71,84,100,24,83,4,12,23,53,42,34,64,7,14,50,18,46,192,34,19,49,34,26,43,3,91,47,41,40,40,9,13,26,113,49,79,98,67,71,20,15,73,153,20,30,94,116,91,32,37,25,56,43,0,31,20,16,26,39
S319,84,205,78,284,114,178,95,148,149,117,108,105,39,106,117,70,119,78,95,162,77,135,197,28,140,13,19,64,63,37,142,58,79,99,75,104,16,27,2,21,15,25,18,1,93,85,135,92,54,86,50,51,102,114,48,49,44,28,57,29,33,28,35,8,29,147,2,94,22,46,81,30,92,59,181,58,27,3,21,75,27,11,4,17,26,8,52,112,15,59,52,28,12,9,25,37,76,31,99,14,147,4,37,47,22,41,21,62,3,27,72,163,48,11,11,42,53,23,41,71,67,28,12,20,72,29,70,51,3,19,11,81,24,34,16,27,38,40,72,12,27,6,49,48,1,56,101,15,7,3,42,19,4,5,47,22,106,47,17,8,49,12,21,40,26,13,28,16,77,106,49,10,25,25,46,50,46,43,38,41,25,57,4,8,9,23,16,20,76,64,72,140,34,7,12,19,27,12,3,28,6,29,34,17,98,29,33,30,23,22,20,14,53,5,23,4,2,85,20,54,39,21,159,6,20,32,20,5,92,68,13,84,56,45,147,16,27,55,65,106,40,51,73,19,28,28,11,31,28,43,59,18,17,54,36,23,87,37,8,23,23,16,10,51,32,6,56,22,39,22,14,98,20,36,20,34,21,69,88,55,31,10,39,51,71,10,2,35,27,14,16,32,33,73,22,15,41,32,32,25,24,23,38,30,70
